:100000000000022075F101005DF101005FF10100C7
:1000100061F1010063F1010065F1010000000000E1
:1000200000000000000000000000000067F1010077
:1000300069F10100000000006BF101006DF10100A9
:100040006FF101006FF10100A53B0200994502002C
:100050006FF101006FF101001D5402006FF101000A
:100060006FF101006FF101006FF101006FF101000C
:100070006FF101006FF101006FF101006FF10100FC
:100080006FF10100D93202006FF101006FF1010040
:10009000193302006FF101006FF101006FF10100EF
:1000A0006FF101006FF101006FF101006FF10100CC
:1000B0006FF101006FF1010000000000000000007E
:1000C0006FF101006FF101006FF10100B145020015
:1000D0006FF101006FF101006FF101006FF101009C
:1000E0006FF10100000000000000000000000000AF
:1000F000000000006FF1010000000000C94502008F
:1001000000000000000000000000000000000000EF
:1001100000000000000000000000000000000000DF
:1001200000000000000000000000000000000000CF
:1001300000000000000000000000000000000000BF
:1001400000000000000000000000000000000000AF
:10015000000000000000000000000000000000009F
:10016000000000000000000000000000000000008F
:10017000000000000000000000000000000000007F
:10018000000000000000000000000000000000006F
:10019000000000000000000000000000000000005F
:1001A000000000000000000000000000000000004F
:1001B000000000000000000000000000000000003F
:1001C000000000000000000000000000000000002F
:1001D000000000000000000000000000000000001F
:1001E000000000000000000000000000000000000F
:1001F00000000000000000000000000000000000FF
:020000021000EC
:10F00000354936480A1A02D0072291438D463449C1
:10F0100034480A1A06D00722914381F30988022254
:10F0200082F3148830483149314A00F044F83148BD
:10F030003149324A00F03FF831483249324A00F053
:10F040003AF832483249334A00F035F83248334909
:10F05000334A00F030F833483349344A00F02BF893
:10F0600033483449344A00F026F834483449002201
:10F0700000F02CF833483449002200F027F83348D8
:10F080003349091A082902DB002202604160314A33
:10F0900090471F481F49884205D00268043003B4D6
:10F0A000904703BCF7E700208646EC46002000218D
:10F0B000294A9047FEE7884207D0521A05D00378C4
:10F0C00001300B700131013AF9D17047884202D00A
:10F0D00002700130FAE770470000022000E00120D2
:10F0E0000000022000000220D08003000000002069
:10F0F0007C000020D0F10100D0F10100BC690300C8
:10F10000D08003000000002000000020506A0300AF
:10F11000506A0300506A0300506A0300506A0300FB
:10F12000506A0300506A0300506A0300CE80030057
:10F130004C8103007C0000207C0000207C0000202B
:10F14000181300201813002020130020341300206F
:10F15000343300209DF1010021FC0100FEE7FEE7B1
:10F16000FEE7FEE7FEE7FEE7FEE7FEE7FEE7FEE777
:10F1700000F002B8FFF7FCBF0F484FF007018843CB
:10F1800085460E4880470E48016841F470010160D1
:10F19000BFF34F8FBFF36F8FFFF732BF09480A49A4
:10F1A0000A4A884207D0521A05D0037801300B7002
:10F1B0000131013AF9D17047000002207136020096
:10F1C00088ED00E0506A03000000002000000020ED
:10F1D00000B583B0094B1B88184606F07DF803463E
:10F1E0000193019B002B04D0044B1B88184606F0AA
:10F1F0004BF8019B184603B05DF804FB06000020A5
:10F2000000B583B00190019B002B05D0044B1B88F7
:10F210000121184605F0CCFF00BF03B05DF804FBE8
:10F220000600002000B585B00190019B002B0AD09C
:10F23000074B43F001030393019B9B010293039B44
:10F240000298984700E000BF05B05DF804FB00BFDE
:10F25000506A030000B583B00190019800F003FCF0
:10F2600000BF03B05DF804FB00B583B001900198C6
:10F27000FFF7D8FF00BF03B05DF804FB00B585B011
:10F280000190019B002B0AD0074B43F0010303932D
:10F29000019B9B010293039B0298984700E000BFEB
:10F2A00005B05DF804FB00BF806A030082B00190E6
:10F2B000019B1B681F2B02D84FF0A04306E0019B67
:10F2C0001B6803F01F02019B1A60024B184602B034
:10F2D000704700BF0003005000B585B0019008469C
:10F2E00011461A4603468DF803300B468DF802305E
:10F2F00013468DF8013001AB1846FFF7D7FF039096
:10F300009DF803209DF802305B001A439DF8013000
:10F310009B001A439DF818301B0242EA03019DF836
:10F320001C301B04019A1943039B02F5E07243F859
:10F33000221000BF05B05DF804FB82B00190019B74
:10F340000722C3F8002500BF02B0704782B00190C9
:10F35000019B0022C3F8002500BF02B0704700B532
:10F360008FB003900291009313468DF8073000236D
:10F370000D93029B09939DF807300A93009B0B9312
:10F380009DF840300C93039B043309A900221846D2
:10F3900005F094F80D900D9B18460FB05DF804FB36
:10F3A00000B583B00190019B002B0AD04FF47A7016
:10F3B000FFF764FF019B013B0193019B002BF5D1FB
:10F3C00000E000BF03B05DF804FB000000B585B0AD
:10F3D000264B1B689B680393039B4FF080421A6186
:10F3E000039B4FF0A0525A61039B002283F82C200C
:10F3F000039B0293039B1C330193029B03221A700D
:10F40000029B01221A73029B194A5A60029B022234
:10F410001A72019B03221A70019B08225A70019BE9
:10F420001D229A70019BFF22DA70019B02221A7141
:10F43000019BFF225A71019B4FF080429A60019B11
:10F4400000221A73019B00225A730A4A6B46126803
:10F45000114619800233120C1A706B461946262089
:10F4600005F0E2FD00BF05B05DF804FB14000020CC
:10F4700000F00240586A030000B585B00190019B7E
:10F480005B6803930398FFF758FF0023184605B005
:10F490005DF804FB00B585B00190019B5B680393A8
:10F4A0000398FFF753FF0023184605B05DF804FBEF
:10F4B00000B583B0104B1B681A690F4B1B685A626A
:10F4C0000D4B1B6818460C4B1B6803F11C010023F5
:10F4D000002204F011FB0190019B002B04D0074A8D
:10F4E0008421019801F00AFF0220FFF759FF00BFB5
:10F4F00003B05DF804FB00BF000000205C6A03005D
:10F5000000B585B01D4B1B685A691C4B1B685A62BD
:10F510001A4B1B681846194B1B6803F11C0100238A
:10F52000002204F0E9FA0390039B002B04D0144A54
:10F530009621039801F0E2FE104B1B681B7F1846D2
:10F540000023019303230093002300220121FFF7EE
:10F55000C3FE0A4B1B685B7F1846002301930323FD
:10F560000093002301220121FFF7B6FE0220FFF7DE
:10F5700017FF00BF05B05DF804FB00BF00000020CE
:10F580005C6A030000B589B0049103930346ADF8AB
:10F5900016301346ADF81430BDF81620BDF81430FF
:10F5A000134401330793079BC82B01D904235BE065
:10F5B00000BF2F4B1B6893F82C30002BF9D12C4B3C
:10F5C0001B6893F82C30112B01D111234CE0284BF0
:10F5D0001B68112283F82C20254B1B681846FFF767
:10F5E0004BFF244B0693BDF816301A460499069833
:10F5F00007F024FFBDF81630069A13440693BDF8B1
:10F6000014301A460399069807F018FFBDF8143015
:10F61000069A1344069301220AA9069807F00EFFE2
:10F62000154B1B88184605F048FD144B00221A7034
:10F630000F4B1B681846079BDAB2079BDBB200939F
:10F640000F4B0C49FFF78BFE094B1B681846FFF761
:10F6500021FF094B1B88184605F02FFD044B1B6842
:10F66000002283F82C200023184609B05DF804FB23
:10F6700000000020B000002004000020AC000020AA
:10F680007801002000B589B0049103930346ADF8DA
:10F6900016301346ADF81430BDF81620BDF81430FE
:10F6A00013440793079BC82B01D9042351E000BFE3
:10F6B0002A4B1B6893F82C30002BF9D1274B1B6881
:10F6C00093F82C30112B01D1112342E0234B1B68FE
:10F6D000112283F82C20214B1B681846FFF7CCFE23
:10F6E0001F4B0693BDF816301A460499069807F08A
:10F6F000A5FEBDF81630069A13440693BDF81430E3
:10F700001A460399069807F099FE164B1B8818466F
:10F7100005F0D3FC144B00221A70104B1B681846DE
:10F72000079BDAB2079BDBB20093104B0C49FFF743
:10F7300016FE0A4B1B681846FFF7ACFE094B1B88E8
:10F74000184605F0BAFC054B1B68002283F82C20F4
:10F750000023184609B05DF804FB00BF000000203C
:10F76000B000002004000020AC0000207801002040
:10F7700000B589B0049103930346ADF816301346E3
:10F78000ADF81430BDF81620BDF8143013440793BB
:10F79000079BC82B01D9042363E000BF334B1B68D0
:10F7A00093F82C30002BF9D1304B1B6893F82C3098
:10F7B000112B01D1112354E02C4B1B68112283F82B
:10F7C0002C202A4B1B681846FFF756FE284B069341
:10F7D000BDF816301A460499069807F02FFEBDF8BA
:10F7E0001630069A13440693BDF814301A460021C9
:10F7F000069807F04CFEBDF81620BDF814301344EF
:10F8000007931C4B1B88184605F057FC1A4B002227
:10F810001A70164B1B681846079BDAB2079BDBB2BF
:10F820000093164B1249FFF79AFDBDF81630134AA4
:10F8300013440693BDF814301A460699039807F04E
:10F84000FDFD0A4B1B681846FFF724FE094B1B8879
:10F85000184605F032FC054B1B68002283F82C206B
:10F860000023184609B05DF804FB00BF000000202B
:10F87000B000002004000020AC000020780100202F
:10F8800000B585B00190019B002B0AD0074B43F0D7
:10F8900001030393019B9B010293039B02989847EA
:10F8A00000E000BF05B05DF804FB00BFB06A0300D4
:10F8B00082B00190019B1B681F2B02D84FF0A04320
:10F8C00006E0019B1B6803F01F02019B1A60024BBC
:10F8D000184602B0704700BF0003005000B585B065
:10F8E0000190084611461A4603468DF803300B4630
:10F8F0008DF8023013468DF8013001AB1846FFF742
:10F90000D7FF03909DF803209DF802305B001A4357
:10F910009DF801309B001A439DF818301B0242EA03
:10F9200003019DF81C301B04019A1943039B02F547
:10F93000E07243F8221000BF05B05DF804FB00B58B
:10F9400085B003900023019300230093002301223C
:10F9500001210398FFF7C2FF00BF05B05DF804FB6B
:10F9600000B585B003900B468DF80B309DF80B3039
:10F970000022019200220092002200210398FFF74A
:10F98000ADFF00BF05B05DF804FB00B585B0019088
:10F9900001AB1846FFF78CFF0390019B012202FA8E
:10F9A00003F31946039800F035F800BF05B05DF881
:10F9B00004FB00B585B0019001AB1846FFF778FF56
:10F9C0000390019B012202FA03F31946039800F009
:10F9D0002BF800BF05B05DF804FB00B585B00190C1
:10F9E00001AB1846FFF764FF0390039800F00AF894
:10F9F0000246019B22FA03F303F00103184605B007
:10FA00005DF804FB82B00190019BD3F810351846D5
:10FA100002B0704782B001900091019B009AC3F838
:10FA2000082500BF02B0704782B001900091019B91
:10FA3000009AC3F80C2500BF02B0704700B583B030
:10FA40000190019B002B0AD04FF47A70FFF718FF4A
:10FA5000019B013B0193019B002BF5D100E000BF0E
:10FA600003B05DF804FB00B583B001900198FFF787
:10FA7000E5FF00BF03B05DF804FB000000B583B0F4
:10FA800005F06EFA0190019B0093009B002B04D0BF
:10FA9000044A4121009801F031FC00BF03B05DF839
:10FAA00004FB00BF886A030000B583B001900B46D9
:10FAB0008DF8033000F054F800BF03B05DF804FB8C
:10FAC00000B585B0134A01AB1268114619800233A4
:10FAD000120C1A7001238DF8053001AB0E4A19463D
:10FAE000222005F0F5FA0390039B0293029B002B62
:10FAF00004D00A4A5721029801F000FC002122207C
:10FB000005F056FB3320FFF71AFF00BF05B05DF884
:10FB100004FB00BFA86A0300A9FA0100886A030079
:10FB200008B51920FFF70BFF1920FFF742FF02204D
:10FB3000FFF784FF00211920FFF712FF0220FFF7D3
:10FB40007DFF00BF08BD08B53320FFF71EFFC820AA
:10FB5000FFF796FE3320FFF72CFF00BF08BD000023
:10FB600008B506E0074B1B68002B02D0054B1B684D
:10FB7000984700F009F80346002BF3D100BF00BFFF
:10FB800008BD00BF4002002008B5044B1B88184682
:10FB9000FFF723FF0346184608BD00BF06000020FC
:10FBA00000B585B00190019B002B0AD0074B43F0B4
:10FBB00001030393019B9B010293039B02989847C7
:10FBC00000E000BF05B05DF804FB00BF006B030060
:10FBD00000B583B00190019B002B0AD04FF47A70DE
:10FBE000FFF7DEFF019B013B0193019B002BF5D149
:10FBF00000E000BF03B05DF804FB000000B583B077
:10FC000001900199002000F099F90449002000F0CA
:10FC100095F900BF03B05DF804FB00BFD86A03008C
:10FC200008B500F09DF90949002000F087F903208C
:10FC300003F01FFFFFF722FFFFF7C8FBFFF740FFAE
:10FC40000220FFF7C5FF01F01FFAFEE7DC6A0300A0
:10FC500000B583B01F4B0193019B02221A61019BE7
:10FC600002225A61019B1C4A9A61019B1B4ADA617C
:10FC7000019B4FF480621A62019B00229A62019BF1
:10FC800000225A62019B0022DA62019B124A9A64A6
:10FC9000019B134ADA64019B10221A65019B002222
:10FCA0009A65019B00225A65019B0022DA65019B3F
:10FCB00007330C49184607F01DFC019B0A491846FA
:10FCC00007F018FC019B20229A7100BF03B05DF879
:10FCD00004FB00BF44020020086B0300BC020020AC
:10FCE000BC060020146B0300186B030000B589B03C
:10FCF00003900291019200230693039BDB68059316
:10FD0000039B1B690493049A059B9A4205D9049AA4
:10FD1000059BD31A013B079307E0039B9A6804995C
:10FD2000059BCB1A1344013B0793039B9A68059BE1
:10FD3000D31A079A934228BF13460793079A019B49
:10FD4000934228BF13460793039B5A68059B1344AD
:10FD5000079A0299184607F071FB069A079B13440D
:10FD60000693029A079B13440293019A079BD31AA6
:10FD70000193059A079B13440593039B9B68059A7F
:10FD80009A4201D100230593039B059ADA60019BF7
:10FD9000002BB5D1069B184609B05DF804FB00B5F1
:10FDA00089B0039002910192039BDB680793039B48
:10FDB0009A68079BD31A0693069A019B9A420ED91A
:10FDC000039B5A68079B1344019A0299184607F04F
:10FDD00035FB079A019B1A44039BDA601AE0069BE5
:10FDE0000593039B5A68079B1344059A029918468A
:10FDF00007F024FB019A069BD31A0593039B5868CE
:10FE0000029A069B1344059A194607F017FB039BB9
:10FE1000059ADA6000BF09B05DF804FB86B0019076
:10FE2000019B1B690493019BDB680393049A039B6A
:10FE30009A4208D8019B9A68039BD21A049B1344E8
:10FE4000013B059304E0049A039BD31A013B0593FD
:10FE5000059B184606B0704700B589B00390029123
:10FE60000192029B0693039B5A1C13465B001344AA
:10FE7000DB00204A13440593059B5B69022B29D0C4
:10FE8000022B2ED8002B02D0012B13D029E005988D
:10FE9000FFF7C4FF0490049A019B9A4202D2002308
:10FEA000079321E0019B0793019A06990598FFF7B4
:10FEB00076FF19E00598FFF7B1FF0490019A049BC3
:10FEC000934228BF13460793079A06990598FFF7B0
:10FED00066FF09E0019A06990598FFF707FF07906A
:10FEE00002E00023079300BF079B184609B05DF8A6
:10FEF00004FB00BF4402002000B587B003900291CC
:10FF000001920D4B1B78002B01D1FFF7A1FEEFF3FF
:10FF100011834FF0200181F311880593019A029912
:10FF20000398FFF799FF0490059B83F31188049BC6
:10FF3000184607B05DF804FB4402002000B585B008
:10FF400001900091009807F01EFB0390039A00991E
:10FF50000198FFF7D1FF0346184605B05DF804FB92
:10FF600008B5FFF775FE00BF08BD000000B587B0FB
:10FF70000346ADF8063000230593BDF80630B3F50F
:10FF80007A7F01D3002359E0BDF80630452B01D814
:10FF9000712353E0BDF80630C82B0BD92123ADF8EF
:10FFA0001030C823ADF80E301923ADF80C30254BB6
:10FFB00005930AE00E23ADF810304623ADF80E305D
:10FFC0000A23ADF80C30204B0593BDF80620BDF890
:10FFD0000E30D21ABDF80C3092FBF3F39BB2BDF891
:10FFE0001020D31AADF81230BDF81020BDF8123031
:10FFF000D31A9BB2BDF80C2012FB03F39AB2BDF8E2
:020000022000DC
:100000000E301344ADF80A30BDF80620BDF80A30B2
:10001000D31A184606F0C4FF0246BDF80C305B0840
:100020009BB29A4204DDBDF81230013BADF81230AC
:10003000BDF81230013B059A13441B78184607B0EF
:100040005DF804FB206B0300446B030000B587B030
:1000500003900291019200930023059300230493DF
:10006000019B002B14D00AE0009B002B07D009F065
:1000700047FB0490049A009B1340002B15D109F014
:100080002DFB0590059A019B1340002BECD00DE051
:10009000009B002B0AD000BF09F032FB0490049AA9
:1000A000009B1340002BF7D000E000BF039B002B08
:1000B00002D0039B059A1A60029B002B02D0029B80
:1000C000049A1A6000BF07B05DF804FB00B585B064
:1000D0000190019B002B0AD0074B43F001030393CF
:1000E000019B9B010293039B0298984700E000BF8D
:1000F00005B05DF804FB00BF9072030082B0019070
:10010000019B1B681F2B02D84FF0A04306E0019B08
:100110001B6803F01F02019B1A60024B184602B0D5
:10012000704700BF0003005000B585B0019008463D
:1001300011461A4603468DF803300B468DF80230FF
:1001400013468DF8013001AB1846FFF7D7FF039037
:100150009DF803209DF802305B001A439DF80130A2
:100160009B001A439DF818301B0242EA03019DF8D8
:100170001C301B04019A1943039B02F5E07243F8FB
:10018000221000BF05B05DF804FB00B585B00390F8
:100190000B468DF80B309DF80B30002201920022A7
:1001A0000092002200210398FFF7BEFF00BF05B0B8
:1001B0005DF804FB00B585B0039000230193002394
:1001C00000930023012200210398FFF7ADFF00BF39
:1001D00005B05DF804FB00B585B0019001AB184691
:1001E000FFF78CFF0390019A039B02F5E07253F82E
:1001F0002230DBB203F00103DBB2184605B05DF834
:1002000004FB00B583B00190019B002B0AD04FF492
:100210007A70FFF75BFF019B013B0193019B002B71
:10022000F5D100E000BF03B05DF804FB82B000230D
:10023000ADF804302A4B5B78012B04D14FF4806376
:10024000ADF8063003E04FF40053ADF80630244B10
:100250005B881A46BDF8063002FB03F3002B01DA77
:1002600003F2FF339B12ADF80430BDF80630002BCB
:1002700000DA7F33DB119AB2BDF804301344ADF8D5
:100280000430BDF80630002B00DA7F33DB119AB260
:10029000BDF804301344ADF80430114B9B8A1A4664
:1002A000BDF8063002FB03F3002B00DA7F33DB11CD
:1002B0009AB2BDF804301344ADF80430BDF80630EE
:1002C000002B00DA3F339B119AB2BDF8043013447F
:1002D000ADF80430BDF80430184602B0704700BFD6
:1002E0002000002000B585B00190019B1B78022BF7
:1002F0004FD0022B69DC002B02D0012B57D064E0D9
:100300000DF10B03184602F0D3F90390039B002B69
:100310005DD1022003F046FB0A20FFF772FF0220A6
:1003200003F052FB9DF80B300D2B03D09DF80B30E2
:100330000A2B19D1284B1B88002B29D0264B1B8850
:100340001A46264B00219954012003F02BFB642010
:10035000FFF757FF012003F037FB204800F024FC93
:100360001D4B00221A8013E01B4B1B88FE2B0BD861
:10037000194B1B885A1C91B2174A11801A469DF8D6
:100380000B10164B995422E0134B00221A801EE0EA
:100390001DE0134B4FF0FF32C3F880240E4B0022B8
:1003A0001A80104B9B6801330E4A936010E00C4B8F
:1003B0004FF0FF32C3F88024074B00221A80094B0C
:1003C0009B680133074A936002E000BF00E000BF72
:1003D00000BF05B05DF804FB0408002008080020F9
:1003E00000200040CC06002030B5CDB040AB4A9391
:1003F00020A84FF0FF3302934FF0FF3301931B23EC
:1004000000930F23AD4A802106F0CAFE20AB1846A8
:10041000FFF7F4FBAA48FFF7F1FB1B20FFF7DBFE19
:10042000034649930F20FFF7D6FE034648934FF04B
:10043000A043D3F86C3747934FF0A043D3F83C3731
:10044000469320A8469B0493479B0393489B0293A3
:100450000F230193499B00931B239A4A802106F0A6
:100460009FFE20AB1846FFF7C9FB974B0022C3F84D
:1004700000250A20FFF7C5FE0F20FFF79BFE1B207B
:10048000FFF798FE1420FFF7BCFE03210F20FFF7B3
:100490007CFE0520FFF7B5FE1B20FFF79CFE034600
:1004A00049930F20FFF797FE034648934FF0A04370
:1004B000D3F86C3747934FF0A043D3F83C374693BB
:1004C00020A8469B0493479B0393489B02930F23CA
:1004D0000193499B00931B237C4A802106F060FE18
:1004E00020AB1846FFF78AFB794B1AAC1D460FCD9F
:1004F0000FC495E8030084E803001C9A1D9B9DF837
:10050000781020A8019100931346724A802106F0CA
:1005100047FE20AB1846FFF771FB1A9A1B9B20A8D9
:10052000009313466C4A802106F03AFE20AB184631
:10053000FFF764FB694B16934FF480731793684B76
:1005400018934FF48073199316A91AA80623654AC5
:1005500002F01EF803464A93409B20A8624A80217D
:1005600006F01EFE20AB1846FFF748FB409B002B11
:100570000FD1554B4FF0FF32C3F88024524B042269
:10058000C3F80423504B0422C3F800250A20FFF7C8
:1005900038FE6420FFF735FE409B20A8534A802197
:1005A00006F0FEFD20AB1846FFF728FB409B002B12
:1005B00048D1454BD3F814354593434BD3F80C350C
:1005C0004493414BD3F8083543933F4BD3F8103550
:1005D00042933D4BD3F80035419320A8419B0393B0
:1005E000429B0293439B0193449B0093459B404A4B
:1005F000802106F0D5FD20AB1846FFF7FFFA459B9A
:100600000F2B02D1449B1B2B0FD020A8449B02939D
:10061000459B01931B2300930F23364A802106F04C
:10062000BFFD20AB1846FFF7E9FA419B042B09D028
:1006300020A8419B304A802106F0B2FD20AB18462D
:10064000FFF7DCFA409B002B2FD0409B06A82B4ADB
:10065000402106F0A5FD06AB1846FFF7CFFA409AF9
:10066000409B20A800931346254A802106F098FD60
:1006700020AB1846FFF7C2FA00234B930EE0002090
:1006800003F090F93220FFF7BCFD002003F09CF945
:100690003220FFF7B6FD4B9B01334B934B9B132B43
:1006A000EDDD002003F07EF905E01648FFF7A6FA1D
:1006B0001548FFF7A3FA00BF4DB030BD5C6B0300D7
:1006C000906B0300D86B030000200040386C0300DF
:1006D000846E0300986C0300D06C030008090020AE
:1006E000080A0020E5020200F06C0300146D03000C
:1006F000446D0300806D0300CC6D0300106E030099
:100700002C6E0300586E0300686E030000B59BB0AA
:100710000390039806F037FF15900023189304A860
:10072000159B0093039B6B4A402106F039FD04ABF7
:100730001846FFF763FA022003F034F900231793F9
:1007400067E04FF47A731993179B002B1AD1039A21
:10075000179B13441B781946039A179B13441B7865
:1007600004A800930B465C4A402106F019FD04AB37
:100770001846FFF743FA05E0199B013B1993012046
:10078000FFF771F9039A179B13441B78184601F081
:10079000C1FF1490149B002B02D0199B002BEBD1AE
:1007A000149B002B13D0199B002B10D1039A179B7D
:1007B00013441B781A4604A8149B00931346474A17
:1007C000402106F0EDFC04AB1846FFF717FA199B21
:1007D000002B18D1022003F0F7F8002003F0E2F814
:1007E0003220FFF70EFD002003F0EEF804A8159B61
:1007F0000093179B3A4A402106F0D2FC04AB1846FE
:10080000FFF7FCF963E0189B01331893179B013342
:100810001793179A159B9A4293D34FF47A731993AF
:1008200005E0199B013B19930120FFF71CF90D20EE
:1008300001F070FF0346002B02D0199B002BF0D172
:10084000199B002B02D0189B013318934FF47A7335
:10085000199305E0199B013B19930120FFF703F958
:100860000A2001F057FF0346002B02D0199B002BF2
:10087000F0D1199B002B02D0189B0133189305204F
:10088000FFF7BFFC022003F09FF804A8189B154A4D
:10089000402106F085FC04AB1846FFF7AFF9189B22
:1008A000002B14D1002316930EE0002003F07AF8F9
:1008B0006420FFF7A6FC002003F086F86420FFF711
:1008C000A0FC169B01331693169B022BEDDD1BB08B
:1008D0005DF804FB9C6E0300C06E0300EC6E030029
:1008E000246F0300446F030010B588B0FFF79EFC2F
:1008F0000346ADF81E30BDF81E301846FFF736FB34
:100900000346ADF81C301E4B9B89BDF81C2093425A
:1009100028BF1346ADF81A30194B9968184B1A784E
:1009200004ACBDF81A000DF10E030093234608F045
:10093000F9FE0590059BB3F1FF3F0BD1114B124A15
:10094000106818609188927999809A710F48FFF722
:1009500055F90EE0049B0B4AC2F801300A4BB3F87C
:1009600005309AB2074BA3F80520074B1A78054BC0
:100970001A70044808F000FE00BF08B010BD00BFA8
:1009800020000020BC07002018000020686F030032
:1009900000B585B001907649019806F06DFC039092
:1009A00001238DF80B30CAE003227249039806F048
:1009B0001AFC0346002B0DD1039B0333184606F0A7
:1009C000E4FC0346DAB26C4B1A706B4B1A786B4B33
:1009D0001A70AFE005226A49039806F004FC03464A
:1009E000002B20D1039B05336649184606F0A4FD71
:1009F0000346002B06D1604B01225A705F4B012247
:100A00009A7197E0039B05335F49184606F094FD01
:100A10000346002B40F08E80574B00225A70574BF4
:100A200000229A7186E003225849039806F0DBFB06
:100A30000346002B36D1039B0333184606F0A5FC72
:100A40000346ADF808304C4ABDF808305380BDF875
:100A50000830402B03D1494B01225A706AE0BDF89F
:100A60000830802B03D1454B05225A7062E0BDF857
:100A70000830B3F5807F03D1404B09225A7059E00A
:100A8000BDF80830B3F5007F03D13C4B0D225A70FE
:100A900050E0BDF80830B3F5806F4BD1374B0222E0
:100AA0005A7047E004223A49039806F09CFB03463B
:100AB000002B09D1039B0433184606F066FC03465D
:100AC0009AB22D4B9A8235E008223249039806F0FB
:100AD0008AFB0346002B0AD1039B08331022002116
:100AE000184606F062FC0346234A936022E0062281
:100AF0002949039806F077FB0346002B09D1039B95
:100B00000633184606F041FC03469AB21A4B9A8106
:100B100010E008222149039806F065FB0346002BEC
:100B200008D1039B0833184606F02FFC03461A46EB
:100B3000114B1A610E49002006F09EFB0390039BA7
:100B4000002B7FF431AF9DF80B30002B08D000F064
:100B5000D1F9094B01229A751148FFF7D7FD02E040
:100B60001048FFF7D3FD00BF05B05DF804FB00BFE0
:100B7000786F03007C6F0300200000203800002005
:100B8000806F0300886F03008C6F0300946F030075
:100B9000986F0300A06F0300AC6F0300B46F0300F5
:100BA000C06F0300CC6F0300F0B5DDB05CABA3F504
:100BB000AA7318605CABA3F5AA7348A83F22196812
:100BC00006F02FFB00238DF85F3100235B9319E0C3
:100BD00048AA5B9B13441B78602B10D948AA5B9BE7
:100BE00013441B787A2B0AD848AA5B9B13441B78C2
:100BF000203BD9B248AA5B9B13440A461A705B9B00
:100C000001335B9348AA5B9B13441B78002BDFD115
:100C100048AB9949184606F08FFC0346002B07D0D5
:100C200048AB9649184606F087FC0346002B09D1CD
:100C30009348FEF7E3FF9348FFF768FD9248FEF7FD
:100C4000DDFF17E148AB09229049184606F0CBFAC0
:100C50000346002B03D18E48FFF758FD0AE148AB4D
:100C600004228C49184606F0BEFA0346002B08D031
:100C700048AB0B228849184606F0B5FA0346002B0C
:100C800014D15CABA3F5AA732021186806F09CFA76
:100C90005A905A9B002B03D05A9B01335A9301E080
:100CA0007E4B5A935A98FFF773FEE3E048AB7C49BA
:100CB000184606F041FC0346002B07D048AB7949A3
:100CC000184606F039FC0346002B5ED1764B9B7D1F
:100CD000002B03D17548FFF719FDCBE0744B1B784F
:100CE000002B03D17348FFF711FDC3E0724B0122C3
:100CF0001A70724B00221A60714B00221A60704BFE
:100D000000225A606E4B00229A606D4B0022DA601E
:100D10006B4B00221A61644B1B694FF47A72B2FB71
:100D2000F3F35993599B002B01D101235993654B40
:100D30000693599B00221C4615464FF000024FF0C7
:100D40000003EB0343EA5443E20312F57A7643F1DE
:100D500000074FF4FA624FF000033046394606F0C0
:100D600009F802460B46134600221946069802F07F
:100D70003DFB5890589B002B03D15348FFF7C6FC0E
:100D800078E05248FFF7C2FC74E048AB504918467F
:100D900006F0D2FB0346002B07D048AB4D4918465E
:100DA00006F0CAFB0346002B0CD1434B00221A70FD
:100DB000444B184602F050FB08F02AFC4648FFF767
:100DC000A5FC57E048AB4549184606F0B5FB03467D
:100DD000002B07D048AB4249184606F0ADFB03464E
:100DE000002B1ED1364B1D68354B5B68344A926828
:100DF0003349C96832480069314C248B264608AC17
:100E0000049603900291019200932B46354A4FF4C9
:100E10008071204606F0C4F908AB1846FFF776FC4F
:100E200028E048AB3049184606F086FB0346002B05
:100E300007D048AB2D49184606F07EFB0346002B31
:100E400015D11F4B00221A601D4B00225A601C4B0B
:100E500000229A601A4B0022DA60194B00221A61B4
:100E6000164B00221A600748FFF750FC02E02048AA
:100E7000FFF74CFC5DB0F0BDD86F0300DC6F0300E2
:100E8000E46F03000C70030010700300287003006F
:100E90003470030048700300507003005C7003005E
:100EA000607003006870030020000020747003006D
:100EB000B807002088700300E8060020EC06002038
:100EC000CC060020C40700209C700300A87003001B
:100ED000BC700300C4700300D0700300D87003001E
:100EE000E0700300EC7003004071030044710300E4
:100EF0005071030008B5094808F032FB0346002B87
:100F000003D00748FEF77AFE07E0FFF7EDFCFFF796
:100F10008DF903461A46034B1A8308BD380000209A
:100F200060710300CC06002000B583B00190054B32
:100F30001B78DBB2002B01D000F01CF800BF03B01F
:100F40005DF804FBE806002000B583B00190064878
:100F5000FEF754FE0548FFF7D9FB0548FEF74EFEA5
:100F600000BF03B05DF804FB7071030090710300D3
:100F70009871030000B585B03E4B5B6801333D4A74
:100F800053603D4B1B685A1C3B490A603B4A136047
:100F900008F02CFB0346394A53600023039308E012
:100FA000364A039B13440833AA221A70039B013369
:100FB0000393334B9B8A1A46039B934202DA039BAB
:100FC0003F2BEDD92E4B9B8A0A33ADF80A302C4BC0
:100FD0009B8A0833ADF80830BDF808301A46274917
:100FE000284806F02BFABDF808300022254918469B
:100FF00008F0CEFABDF80A3000220021184608F0A9
:10100000D5FA08F005FB002008F0DEFA01A800235D
:1010100080220021FFF71AF8019B03F08003002BC8
:1010200010D0802008F048FB124B1B680133114A96
:10103000136008F0DBFA03460E4A53610D4B0022A1
:101040001A6112E00B4B9B6801330A4A9360094B0B
:1010500001221A61074B9B680133064A9360054BD6
:1010600001221A61B02008F027FB00BF05B05DF82F
:1010700004FB00BFCC060020EC0600207007002017
:1010800020000020F006002000B587B08A48FEF757
:10109000B5FD002002F098FC012002F095FC022032
:1010A00002F092FC032002F08FFC002002F07AFC98
:1010B0006420FFF7A6F8002002F086FC6420FFF70A
:1010C000A0F8002002F06EFC6420FFF79AF80020E0
:1010D00002F07AFC03210F20FFF757F8FFF784F99D
:1010E000012002F05FFC022002F05CFCC820FFF748
:1010F00088F8012002F068FC022002F065FC642000
:10110000FFF77FF8012002F04DFC022002F04AFCBC
:10111000C820FFF776F8012002F056FC022002F00A
:1011200053FC4FF49670FEF79EFC6448FEF766FD94
:101130006420FEF798FC02F0F5F80190019B002B6B
:101140001BD05F48FEF75AFD002305930EE00020F8
:1011500002F028FC3220FFF754F8002002F034FCA3
:101160003220FFF74EF8059B01330593059B132BA7
:10117000EDDD002002F016FC22E0524A0121524827
:1011800002F004F90190019B002B02D14F4B012288
:101190001A704F4A01214F4802F0F8F80190019B64
:1011A000002B0DD14C4B00224FF4A031184602F019
:1011B0001DF90190019B002B02D14848FEF71EFD4E
:1011C000FEF79EF9FEF7ACFC0220FEF74CFC44480B
:1011D00008F05CF908F0A6F900900023049305E0FC
:1011E000049B013304930120FEF73DFC08F02AFA2A
:1011F0000346002B03D1049BB3F57A7FF0D3049B05
:10120000B3F57A7F1DD33748FFF780FA3648FEF7EB
:10121000F5FC002303930EE0002002F0C3FB322014
:10122000FEF7EFFF002002F0CFFB3220FEF7E9FFD0
:10123000039B01330393039B132BEDDD002002F08E
:10124000B1FB002008F080F90346B3F1FF3F1ED147
:101250002648FFF75BFA2648FEF7D0FC00230293EE
:101260000EE0002002F09EFB3220FEF7CAFF0020B5
:1012700002F0AAFB3220FEF7C4FF029B0133029367
:10128000029B132BEDDD002002F08CFB02E01948DD
:10129000FEF7B4FC032008F0FDF9FFF72BFE08F081
:1012A000B7F96420FEF7DFFB1348FEF7A7FC6420C4
:1012B000FEF7D9FBFBE700BFC8710300E071030034
:1012C000F0710300290F0200546B0300B8070020DF
:1012D000490F0200586B0300E4070020047203006A
:1012E000CC6A0300287203003C7203004C720300B6
:1012F00064720300707203008072030000B583B053
:1013000002900091019244F2010071466A4600F099
:1013100003F803B000BD00BF30B58BB00790069155
:10132000059272B600BF00F0DBFC00BF00F008FBC6
:101330000346002BFAD1079B44F20102934216D0D8
:10134000079B44F2020293423ED1059B09932C4A2B
:101350002C4BD31ADB081B0443F00100099B5B688C
:101360001A46099B1B68284900F0ADFA39E0059B35
:101370000893234A234BD31ADB081B0443F00104D0
:10138000089B9D68089B9B68184600F0C7FC0346B5
:101390001846089B5B681946089B1B68069A0292D0
:1013A0000193009103462A461849204600F09FFA0F
:1013B000134A144BD31ADB081B0443F001031449EE
:1013C000184600F061FA0CE00D4A0E4BD31ADB0808
:1013D0001B0443F00103069A0E49184600F062FA16
:1013E00000BF0D4B1B6803F00103002B00D000BEB3
:1013F000059A0699079800F0D9FC00BF0BB030BDE4
:10140000406A0300106A030098720300B47203007C
:10141000DC720300F0720300F0ED00E000B583B071
:1014200001900091019B1B681B68009901989847E7
:1014300000BF03B05DF804FB00B583B00190019BD1
:101440001B685B680198984700BF03B05DF804FB18
:1014500000B583B00190019B1B689B680198984779
:1014600000BF03B05DF804FB82B00190019BDB6814
:1014700001225A7100BF02B0704782B00190019BF7
:10148000DB685B79184602B0704784B00190009128
:1014900000238DF80F30019B1B7803F00403DBB2AF
:1014A000002B24D0019B1B78C3F30103DBB2012B7B
:1014B00002D0022B0CD017E0009B1B68019A128807
:1014C000C2F38312D2B213449A1C009B1A600BE041
:1014D000009B1B68019A5288C2F3891292B213448E
:1014E0009A1C009B1A6000BF01238DF80F309DF8F5
:1014F0000F30184604B0704700B58BB00023ADF82C
:1015000026303B4800F015FD3A4800F012FD3A4BFA
:101510009B680493394B1B680693049A069B1340FF
:1015200002339B00344A13440433089304AB194636
:101530000898FFF7AAFF0346002B09D0049A069BE0
:10154000134002339B002C4A134404330893EDE705
:1015500000BF0023079311E0049B5A1C0492069AD3
:101560001340079A920001A90A44234902339B00C1
:101570000B445B681360079B01330793079B012BA8
:10158000EAD99DF80430C3F30103DBB2012B10D07C
:10159000022B1CD1BDF80A30ADF82630BDF806305C
:1015A000C3F389139BB203339A08049B1344049337
:1015B0000EE0BDF80A30ADF82630BDF80430C3F3B4
:1015C0008313DBB21A46049B1344049300E000BF6C
:1015D000084800F0BAFC0590059B002B02D0049B44
:1015E000054A9360BDF8263018460BB05DF804FB41
:1015F000F00F0020EC0F0020D80B00204800002046
:1016000000B585B00021074800F01CFC0390039B47
:101610000293029B83F310030193019B184605B0CC
:101620005DF804FBF40F002000B589B0039002912F
:1016300001920093039B1B0C0693FFF7E1FF0790B9
:10164000079B1904009B5A1C0A9B1340069A0A43E5
:101650001B4902339B000B445A60009A0A9B1340BB
:1016600002339B00164A134404330593039B03F093
:101670000703D9B2059A137861F3C5031370019B70
:1016800003F00F03D9B2059A138861F3891313800D
:10169000029BC3F31501059A136861F39F2313603E
:1016A000059A1378012161F301031370059A1378E9
:1016B0006FF38203137000BF09B05DF804FB00BF35
:1016C000D80B002000BF704700B58BB0039002918B
:1016D00013468DF80730039B0233089301238DF8DE
:1016E0001F30002000F05AFC3E4B5A68029B1A60E3
:1016F0003D4B1A683B4B99683A4B5B68CB1A1344D5
:101700000133099314E00121384800F0E2FBFFF7B0
:10171000F3FE05900599354800F0DBFB324B1A6863
:10172000304B99682F4B5B68CB1A134401330993F4
:10173000089A099B9A42E6D89DF81F30002B48D0A2
:10174000002304939DF80730002B17D09DF810302C
:10175000012262F301038DF810309DF8103043F040
:1017600004038DF81030039B03F00F03DAB2BDF8C9
:10177000103062F38913ADF8103016E09DF8103088
:10178000022262F301038DF810309DF8103043F00F
:1017900004038DF81030039BC3F309039AB2BDF81C
:1017A000123062F38F13ADF812300E4B5A680E4BA5
:1017B0001B68134002339B000A4A13440433069308
:1017C000049A069B1A60074B5A68089B1344054A03
:1017D0005360002000F0EBFB9DF81F3018460BB063
:1017E0005DF804FBD80B002048000020F40F002017
:1017F00000B58BB00590049103920293204B1B68B7
:10180000079306AB012219460298FFF75DFF0346D6
:10181000002B24D0069B023309930023089311E088
:10182000089B9B00039A1A44099B591C099107992C
:101830000B401268134902339B000B445A60089B0B
:1018400001330893089A029B9A42E9D3069A079BB0
:1018500000931346029A04990598FFF7E5FE094B99
:101860001B78002B05D000BF00F06AF80346002B60
:10187000FAD1FFF727FF00BF0BB05DF804FB00BFF4
:1018800048000020D80B002000B583B001900091E3
:101890000023002200990198FFF7AAFF00BF03B0C0
:1018A0005DF804FB00B587B0039002910192019BA3
:1018B000059305AA012302990398FFF799FF00BF3A
:1018C00007B05DF804FB00B587B003900291019268
:1018D0000093019B0493009B059304AA02230299A1
:1018E0000398FFF785FF00BF07B05DF804FB00B564
:1018F0008BB00390029101920093019B0593009B92
:1019000006930C9B07930D9B08930E9B099305AAC6
:10191000052302990398FFF76BFF00BF0BB05DF83A
:1019200004FB0000054B9A68044B5B689A420CBFAD
:1019300001230023DBB21846704700BFD80B0020FC
:1019400000B599B0FFF7EEFF0346002B01D000234E
:10195000B9E19B4B0022C3F81824BFF34F8F00BF9F
:10196000974B9B680493974B1B681093049A109BAA
:10197000134002339B00924A134404331193002313
:1019800017930023169300230F9304AB1946119865
:10199000FFF77BFD0346002B19D0894BD3F8183491
:1019A000002B14D1864B5A68049B9A4205D8844B6D
:1019B0005B68834A9360002385E1049A109B13407F
:1019C00002339B007E4A134404331193DDE7002366
:1019D000159311E0049B5A1C0492109A1340159A17
:1019E000920001A90A44764902339B000B445B68CC
:1019F0001360159B01331593159B012BEAD99DF8B4
:101A0000043003F00303DBB2022B40F09C80BDF8EE
:101A10000630C3F389139BB20D93BDF80630C3F3B0
:101A200089139BB2502B28BF50239BB20C930C9B65
:101A3000C3F309039AB2BDF8063062F38F13ADF811
:101A400006300C9B08330B939DF80430C3F3C2039C
:101A5000DBB20F930B995C4800F0B4FA1790179B18
:101A6000002B00F0D380179800F03DFB01A9169BD6
:101A70000822179800F0E1FB169B08331693049B8D
:101A8000DA43109B134001339B000A930C9A0A9B84
:101A90009A4242D90A9B002B08D0049A109B13400B
:101AA00002339B00464A1344043300E0474B08933B
:101AB0000A9B002B02D00A9BDBB201E00C9BDBB23D
:101AC0008DF81F300A9B002B01D0404B00E0002313
:101AD00006930A9B002B06D00C9BDAB20A9BDBB262
:101AE000D31ADBB200E000238DF817309DF81F20D9
:101AF000169B0899179800F0A0FB9DF81F30169AC6
:101B000013441693069B002B16D09DF81720169BA6
:101B10000699179800F091FB0EE0049A109B134071
:101B200002339B00264A134404330993169B0C9AF4
:101B30000999179800F081FB0D9B03339A08049BC9
:101B40001344049362E09DF8043003F00303DBB216
:101B5000012B5BD1BDF80430C3F38313DBB2062B3A
:101B600028BF0623DAB2BDF8043062F38913ADF85A
:101B70000430BDF80430C3F38313DBB202330E9399
:101B80009DF80430C3F3C203DBB20F930E9B9B009E
:101B900019460D4800F016FA1790179B002B35D008
:101BA000179800F0A0FA01A9169B0822179800F0D8
:101BB00044FB169B08331693002315931DE000BFCA
:101BC000D80B00204800002020130020E40B002048
:101BD000049B5A1C0492109A134002339B003C4A07
:101BE0001344191D169B0422179800F026FB169B20
:101BF00004331693159B01331593BDF80430C3F3DA
:101C00008313DBB21A46159B9342E1D3179B002B3B
:101C100039D02F4BD3F8103414932D4BD3F81834FC
:101C2000002B1BD0179800F06DFA46E000238DF8CA
:101C30004F301498FFF721FC0346002B02D00123FC
:101C40008DF84F309DF84F30002B03D01799149822
:101C5000FFF7E4FB149BDB681B681493149B002BB9
:101C6000E4D1179800F04EFA002000F097F9184BD5
:101C7000D3F81834002B02D1049B154A936000203E
:101C800000F095F919E0124BD3F81034129306E0E6
:101C90001298FFF7DDFB129BDB681B681293129B07
:101CA000002BF5D10B4A0C4BD31ADB081B0443F075
:101CB00002030A491846FFF7E7FDFFF733FE034624
:101CC00083F00103DBB2184619B05DF804FB00BFD6
:101CD000D80B0020406A0300106A03000C73030055
:101CE00000B583B00C4BD3F8103401930A4B01229A
:101CF0001A7009E00198FFF7B7FB0198FFF79CFB0A
:101D0000019BDB681B680193019B002BF2D100BF94
:101D100000BF03B05DF804FBD80B002000B585B010
:101D20000190019800F00EF80390039B002B01D066
:101D3000039B00E0024B184605B05DF804FB00BFB2
:101D40002073030086B00190164B0593164B049345
:101D50001FE0049A059BD31ADB10DA0F13445B10C3
:101D6000DB00059A13440393039B1B680293029ABA
:101D7000019B9A4202D9039B04930AE0029A019BB9
:101D80009A4203D2039B0833059302E0039B5B68EE
:101D900004E0059A049B9A42DBD30023184606B060
:101DA000704700BFF47603000C78030086B0039000
:101DB0000291019201238DF817309DF81730204AC7
:101DC000039B13601E4A029B53601D4A019B936054
:101DD000039B44F20102934212D0039B44F202029D
:101DE000934220D1019B164AD360154BDB681B68D8
:101DF000134A9361124BDB685B68114AD36112E0AE
:101E0000019B0F4A13610E4B1B699B680C4A53617F
:101E10000B4B1B691B680A4A9361094B1B695B6882
:101E2000074AD36100BF72B600BF00BF9DF81730EC
:101E3000DBB2002BFAD162B600BF00BF06B070471C
:101E4000F80F002010B487B001900091019B009A18
:101E500053E8004F104643E8000191F0000FF7D11E
:101E6000059404900391059B184607B05DF8044B58
:101E7000704710B487B001900091019B009A53E81D
:101E8000004F44EA020043E8000191F0000FF6D150
:101E9000059404900391049B184607B05DF8044B29
:101EA000704710B487B001900091019B009A53E8ED
:101EB000004F04EA020043E8000191F0000FF6D160
:101EC000059404900391059B184607B05DF8044BF8
:101ED000704710B487B001900091019B009A53E8BD
:101EE000004F04EB020043E8000191F0000FF6D12F
:101EF000059404900391049B184607B05DF8044BC9
:101F0000704710B487B001900091019B009A53E88C
:101F1000004FA4EB020043E8000191F0000FF6D15E
:101F2000059404900391049B184607B05DF8044B98
:101F3000704700B583B0019001210198FFF799FF28
:101F40000346184603B05DF804FB00B583B001906A
:101F500000210198FFF7A5FF0346184603B05DF87E
:101F600004FB000072B600BF034B1B680133024A3A
:101F7000136000BF704700BF18100020064B1B689D
:101F8000013B054A1360044B1B68002B01D162B66C
:101F900000BF00BF704700BF1810002000B583B01D
:101FA0000190FFF7DFFF00BF03B05DF804FB00B551
:101FB00083B003468DF80730FFF7E0FF00BF03B0A2
:101FC0005DF804FB00B58BB001900091019B1B8A6A
:101FD000043B0793009A079B1344DA1C079BB2FB50
:101FE000F3F38DF81B30019800F05BF90590059B29
:101FF000002B01D1002338E0059B00221A71059BBC
:1020000001225A71079B9AB2059BDA80059B0993BE
:102010009DF81B30013B0493099B019A1A60002331
:1020200008931DE0019800F03CF90390039B002BFE
:102030000ED0059B5B790133DAB2059B5A71099B7F
:10204000039A1A60039B019A1A60039B099304E0A8
:10205000059800F00EF8002307E0089B0133089371
:10206000089A049B9A42DDD3059B18460BB05DF895
:1020700004FB00B58BB00190019B0793079B5B7934
:102080008DF81B30019B08939DF81B30013B059395
:102090000023099305E0089B1B680893099B013303
:1020A0000993099A059B9A42F5D3089B1B680493F0
:1020B000019B0893002309930BE0089B1B68039383
:1020C0000899049800F024F9039B0893099B0133B5
:1020D00009939DF81B30099A9A42EED300BF00BFC6
:1020E0000BB05DF804FB00B585B00190019B039334
:1020F000039B043301211846FFF7EBFE00BF05B038
:102100005DF804FB00B587B00190019B0593059B2A
:10211000043301211846FFF7F4FE0346039303AB93
:102120000493049B1B78002B02D10198FFF7A1FFB9
:1021300000BF07B05DF804FB00B591B003900291B9
:1021400001920093039B0993039B0F93099BDB88E8
:102150001A46099B5B7902FB03F3043B0893099B36
:10216000DB880793009B1A1D079BB2FBF3F30E93CA
:10217000009B0433079AB3FBF2F2079901FB02F2CA
:102180009B1A0D93019B1A68009B1344089A9A426C
:1021900003D2089A009BD31A01E0019B1B680C93A1
:1021A000019B0C9A1A6005E00F9B1B680F930E9B16
:1021B000013B0E930E9B002BF6D100230B93079A45
:1021C0000D9BD31A0A930A9A0C9B934228BF13467D
:1021D0000A932AE0029A0B9B134406930F9A0D9BD5
:1021E0001344043305939DF84830002B05D00A9A18
:1021F0000599069805F022F904E00A9A06990598CF
:1022000005F01CF900230D930F9B1B680F930C9A8C
:102210000A9BD31A0C930B9A0A9B13440B93079AAD
:102220000C9B934228BF13460A930C9B002BD1D1E1
:1022300000BF00BF11B05DF804FB00B589B0059088
:10224000049103920293039B079307AA0023009330
:10225000029B04990598FFF76FFF00BF09B05DF876
:1022600004FB82B001900B468DF80330019BDA68C5
:102270009DF803300199098A01FB03F313441846C2
:1022800002B0704782B001900091009B019AD26821
:102290009B1A019A128AB3FBF2F3DBB2184602B022
:1022A000704700B585B00190002303930020FFF72D
:1022B00075FE019B1B681A68019B5B689A421FD9D7
:1022C000019B1B681A68013A1A601B681B78194643
:1022D0000198FFF7C6FF0390019B9A68019B1B685A
:1022E0001B68D31A8DF80B30019B1B681B799DF876
:1022F0000B209A4204D9019B1B689DF80B201A7190
:102300000020FFF754FE039B184605B05DF804FB60
:1023100010B584B001900091009B03930020FFF75B
:102320003DFE019B1B681C68621C1A6003990198A2
:10233000FFF7A8FF034623700020FFF738FE00BF19
:1023400004B010BD00B587B00390029113468DF81C
:10235000073000230593039B1B781A46114B9B5CA7
:10236000002B09D0039B04339DF8072002991846DF
:1023700004F0ACF905900FE0039B1B781A46094B5B
:102380009B5C002B08D1039B0C339DF8072002991E
:10239000184603F0C5FB0590059B184607B05DF88D
:1023A00004FB00BFB812002000B585B001900023E7
:1023B0008DF80F30019B1B781A46114B9B5C002B4C
:1023C00008D0019B0433184604F016FA03468DF832
:1023D0000F300EE0019B1B781A46094B9B5C002BCB
:1023E00007D1019B0C33184603F006FC03468DF819
:1023F0000F309DF80F30184605B05DF804FB00BFA4
:10240000B812002000B587B00390029113468DF8F2
:10241000073000230593039B1B781A46114B9B5CE6
:10242000002B09D0039B04339DF80720029918461E
:1024300004F0FAF905900FE0039B1B781A46094B4C
:102440009B5C002B08D1039B0C339DF8072002995D
:10245000184603F029FC0590059B184607B05DF867
:1024600004FB00BFB812002084B00190019B9B6860
:102470000393019BDA68039BD31A184604B0704794
:1024800000B587B001900091019B1B78022B45D0CD
:10249000022B6ADC002B52D0012B66D1019B1B7AE8
:1024A000002B05D1012233493348FFF7ABFF5DE034
:1024B000019B5B681B781946304800F0D4F9059001
:1024C000059B002B0AD001238DF80C30059B04934B
:1024D0002B4B1B6803AA104698470DE02748FFF7CF
:1024E000C3FF0346002B07D000238DF80C30244B8C
:1024F0001B6803AA104698472048FFF7B5FF03461C
:102500001E4A9288934205D801221A491A48FFF7B9
:1025100079FF2BE01B4B01221A7027E002238DF874
:102520000C30019BDB680493012212491248FFF72B
:1025300069FF134B1B6803AA1046984716E012491F
:10254000124800F0ABF90346002B05D101220E49D9
:102550000948FFF7F7FE09E003238DF80C30084B1C
:102560001B6803AA1046984700E000BF00BF07B0F1
:102570005DF804FB241000204C00002028100020EF
:102580001C100020251000202010002038100020F2
:1025900030B591B00390029101928DF803303C4A1E
:1025A000019B1360029B002B01D107236DE0029B6E
:1025B0001968029B5B689BB21A46364800F027F9FF
:1025C0000F900F9B0E930E9B002B01D00E9B5CE097
:1025D000029B9968029BDB689BB21A462E4800F06A
:1025E00016F90F900F9B0D930D9B002B01D00D9BA7
:1025F0004BE02A4B04AC1D460FCD0FC495E80F00ED
:1026000084E80F00039B5B690A93039B1B7C002BF0
:1026100014BF01230023DBB28DF824309DF8033072
:102620008DF82C30039B5B7C002B01D00E2300E047
:1026300000238DF82530039BDB680693039B9B6882
:102640000793039B1B680593039B5B68049304AB90
:10265000134A1946134804F029FB0F900F9B0C9363
:102660000C9B002B01D00C9B0FE00F4B00221A702B
:10267000039B1B68B3F1FF3F06D001220B490948B9
:10268000FFF7C0FE034600E00023184611B030BD3E
:102690001C10002028100020381000200C780300A7
:1026A000812402004C00002025100020241000206E
:1026B00000B587B00190124B1B788DF81730019947
:1026C000104800F0EBF804909DF81730002B12D062
:1026D0000B4B00221A7001220B490C48FFF792FEA7
:1026E0000390039B0293029B002B04D0084AD6213F
:1026F0000298FEF703FE049B184607B05DF804FB42
:102700002510002028100020241000204C0000205C
:102710002C78030000B585B003468DF807309DF88E
:1027200007301946104800F09EF80390039B002BD9
:1027300015D10E48FFF738FE034683F00103DBB2E4
:10274000002B0CD00A49084800F0A8F80346002BDB
:1027500005D1012206490548FFF7F4FD0390039BCC
:10276000184605B05DF804FB381000204C0000202E
:102770002010002084B00190019B9B680393019B73
:10278000DA68039BD31A184604B0704782B00190F0
:102790000B468DF80330019B1A68019BDB68019999
:1027A00089880B4013449DF803201A70019BDB6855
:1027B0005A1C019BDA6000BF02B0704784B00390DE
:1027C0000B460192ADF80A30039B1A68039B996887
:1027D000BDF80A300B44039989880B4013441A78DA
:1027E000019B1A7000BF04B0704700B583B0019020
:1027F0000091009A00210198FFF7E0FF019B9B6880
:102800005A1C019B9A6000BF03B05DF804FB84B0C2
:10281000039002911346ADF80630029B002B01D1C4
:102820000E231DE0BDF80630002B07D0BDF80630A2
:102830005A1EBDF806301340002B01D009230FE0CB
:10284000039B029A1A60BDF80630013B9AB2039BC3
:102850009A80039B00229A60039B0022DA60002387
:10286000184604B0704700B583B001900B468DF850
:1028700003300198FFF77EFF0246019B9B889A4236
:1028800007D89DF8033019460198FFF77FFF002312
:1028900000E00423184603B05DF804FB00B583B0E4
:1028A000019000910198FFF765FF0346002B05D0CA
:1028B00000990198FFF799FF002300E005231846CF
:1028C00003B05DF804FB000082B003468DF80730CA
:1028D0009DF90730002B0CDB9DF8073003F01F0239
:1028E00005499DF907305B09012000FA02F241F821
:1028F000232000BF02B0704700E100E082B0034631
:102900008DF807309DF90730002B13DB9DF8073059
:1029100003F01F0209499DF907305B09012000FA05
:1029200002F2203341F82320BFF34F8F00BFBFF3E3
:102930006F8F00BF00BF02B0704700BF00E100E032
:1029400082B003468DF807309DF90730002B0DDB70
:102950009DF8073003F01F0206499DF907305B0917
:10296000012000FA02F2403341F8232000BF02B0F8
:10297000704700BF00E100E082B003468DF80730E9
:102980009DF90730002B0DDB9DF8073003F01F0287
:1029900006499DF907305B09012000FA02F2603315
:1029A00041F8232000BF02B0704700BF00E100E003
:1029B00082B0034600918DF807309DF90730002B57
:1029C0000ADB009BDAB20C499DF907305201D2B202
:1029D0000B4483F800230BE0009BDAB207499DF813
:1029E000073003F00F03043B5201D2B20B441A76B6
:1029F00000BF02B0704700BF00E100E000ED00E062
:102A000000B585B00190019B002B0AD0074B43F025
:102A100001030393019B9B010293039B0298984738
:102A200000E000BF05B05DF804FB00BF8078030044
:102A300000B583B00190064A019BC2F80835072112
:102A40001120FFF7B5FF00BF03B05DF804FB00BF26
:102A50000010014008B50D4B4FF48032C3F84423F9
:102A60000A4B4FF48032C3F804231120FFF784FF90
:102A70001120FFF729FF054B01221A602F20FFF7D5
:102A8000BFFF034B01221A7000BF08BD00100140B8
:102A90006611002008B51120FFF730FF0E4B4FF4F0
:102AA0008032C3F848230C4B4FF48032C3F808231C
:102AB000094B01225A602F20FFF7A2FF064B01228B
:102AC0009A60064B00221A602F20FFF799FF044BF3
:102AD00000221A7000BF08BD0010014058110020EC
:102AE00066110020024BD3F804351846704700BF2A
:102AF0000010014082B001900091019A009BD31A0E
:102B000023F07F43184602B07047000082B0019066
:102B1000034A019BC2F8403500BF02B0704700BFB6
:102B20000010014086B00190284B1B68002B03D198
:102B3000264A019B136045E0019B1A68234B1B68E2
:102B40001B689A4210D8214B1B681968019B1A68B0
:102B50001E4B1B688A1A1A601C4B1A68019BDA61AB
:102B60001A4A019B13602DE0019B1B680393174BCE
:102B70001B680593154B1B68049309E0049B1B68B5
:102B8000039AD31A0393049B0593049BDB69049374
:102B9000049B002B04D0049B1B68039A9A42EDD837
:102BA000049B002B05D0049B1A68039BD21A049B3C
:102BB0001A60019B039A1A60019B049ADA61059BD3
:102BC000019ADA6100BF06B0704700BF54110020BF
:102BD00000B587B001902A4B1B680393284B1B68F4
:102BE0000593059B049308E0049A019B9A4208D040
:102BF000049B0593049BDB690493049B002BF3D196
:102C000000E000BF049B002B01D1002333E0059AB4
:102C1000049B9A4214D11A4B1B68DB69184A136053
:102C2000174B1B68002B0BD1164B01229A60164BD9
:102C300000221A60154B01221A702F20FFF7E0FEC8
:102C4000049B1B680293049BDA69059BDA61059B70
:102C5000DB690493049B002B05D0049B1A68029B3C
:102C60001A44049B1A60064B1B68039A9A4214BFCD
:102C700001230023DBB2184607B05DF804FB00BF58
:102C8000541100200010014058110020671100204D
:102C900008B51120FFF754FE00BF08BD08B5142089
:102CA000FFF74EFE00BF08BD00B583B00190019B49
:102CB0005B69019A92691046984700BF03B05DF8BE
:102CC00004FB000000B585B02B4B1B68002B4ED0D9
:102CD00000230193FFF706FF0246284B1B681946A5
:102CE0001046FFF707FF0290234B1B6803931DE07C
:102CF000039B1B68029A9A421CD3039B1B68029A8F
:102D0000D31A0293039B1B68019A13440193039BFC
:102D10000093039BDB690393009B1B7C002B05D076
:102D2000009B00221A740098FFF7BEFF039B002B44
:102D3000DED100E000BF124B1A78124B1B789A428A
:102D40000CD1104B1B780133DAB20E4B1A700D4BBD
:102D50001B78022B02D10B4B00221A70094B1B78F7
:102D60001946094A019B42F82130FFF797FF00BF3F
:102D700005B05DF804FB00BF54110020581100207D
:102D800064110020651100205C11002082B00190C8
:102D9000184B1A78184B1B789A4223D0154B1B7886
:102DA0000133DAB2134B1A70124B1B78022B02D18B
:102DB000104B00221A700F4B1B781A460F4B53F81A
:102DC0002220019B1A60019B1A680D4B1B6813445B
:102DD0000B4A13600A4B1B6823F07F43084A1360B9
:102DE000012303E0019B00221A600023184602B071
:102DF000704700BF64110020651100205C110020A5
:102E00005811002088B0039002910192002307938B
:102E100038E0204B1B680693069B1B68039A9A4276
:102E200006D2069B1A68039BD21A069B1A602EE0F4
:102E3000069B1B68039AD31A0393069B1B68079A89
:102E400013440793069B00221A60124B1B680593DC
:102E5000069BDB690F4A1360069BDB68002B11D0D1
:102E6000029A079B134423F07F42069B5A60069BFD
:102E7000DA68069B9A60019B1A68069BDA61019BDF
:102E8000059A1A60034B1B68002BC2D100BF00BF1C
:102E900008B070475411002000B589B0019000239C
:102EA0008DF81F30664B1B680593AAE0019B002B31
:102EB00005D0019B0693069BDB69019361E0614BA2
:102EC0001B781A4613465B001344DB005D4A13442B
:102ED000043304935B4B1B780133DAB2594B1A70FD
:102EE000584B1A78574B9B789A4202D1554B002287
:102EF0001A70049B5B680693049B1B78032B1ED0FF
:102F0000032B7EDC012B1FD0022B7AD1049B5B6844
:102F10001846FFF75DFE0346002B02D001238DF813
:102F20001F30069B00221A746BE0454B1B6803930D
:102F3000039B00221A74039BDB69414A1360404BD8
:102F40001B68002BF1D15CE000BF069B1B7C002BB3
:102F500000D056E0049B9A68069B5A60049BDA688E
:102F6000069B9A60049B1A69069BDA60049B5A6967
:102F7000069B9A61344B1B78002B02D0069B0022E3
:102F80005A60069B5A68314B1B68D31A23F07F4363
:102F90002F4A93420ED8069B5B682C4A1268114652
:102FA0001846FFF7A7FD0246069B9B681A44069B3E
:102FB0001A6017E0254B1A68069B5B681946104695
:102FC000FFF798FD0290069B9B68029A9A4206D2F0
:102FD000069B9A68029BD21A069B1A6002E0069B27
:102FE00000221A60069B00225A60069B00229A600B
:102FF000069B01221A74069B0022DA610698FFF7ED
:1030000091FD019B002B7FF451AF0E4B1A780D4BB5
:103010005B789A427FF44AAF9DF81F30002B04D1B1
:10302000074B1B68059A9A4201D0012300E0002358
:1030300003F00103DBB2184609B05DF804FB00BFE2
:103040005411002048100020671100205811002062
:10305000FEFF7F0010B588B00190274B1B68002B46
:1030600044D0254B1B681B680793FFF73BFD069078
:10307000224B1B68059305990698FFF73BFD034615
:10308000033304931E4B1B7883F00103DBB2002B48
:1030900001D0FFF7DFFC049A079B934238BF134629
:1030A000059A13440593059B23F07F4305930598E8
:1030B000FFF72CFDFFF716FD039006990398FFF725
:1030C00019FD0346DC1C06990598FFF713FD03461E
:1030D0009C420DD9FFF706FD03461846FFF716FD83
:1030E0002F20FFF78DFCFFF7D3FD01E0FFF7D2FCA7
:1030F00000BF08B010BD00BF5411002058110020BF
:103100006611002000B587B00023019300238DF8DD
:103110001730194B1B680493184B1B6803936B46BD
:103120001846FFF733FE03468DF80B309DF80B3041
:10313000002B08D0009B01AA04991846FFF762FEF5
:1031400001238DF81730019B1846FFF7A5FE0346B3
:10315000002B02D001238DF817309DF81730002B7B
:1031600002D00398FFF776FF054B00221A7000BFCC
:1031700007B05DF804FB00BF581100205411002077
:103180006711002082B003468DF80730034A9DF88E
:103190000730537000BF02B0704700BF48100020D6
:1031A00084B00190144B5B7801338DF80F30124BD3
:1031B0009B789DF80F209A4202D100238DF80F30A2
:1031C0000D4B1B789DF80F209A4201D100230FE090
:1031D000019B9DF80F201A70074B5B781A46134627
:1031E0005B001344DB00044A134404330293029B44
:1031F000184604B0704700BF4810002000B589B0E1
:103200000390029101920093002307930020FEF7A0
:10321000C5FE0DF117031846FFF7C2FF0690069B87
:10322000002B02D10423079318E0069B01221A7099
:10323000069B039A5A60FFF755FC0246069B9A606C
:10324000069B029ADA60069B019A1A61069B009A15
:103250005A619DF817301846FFF794FF0020FEF7DB
:10326000A6FE079B002B01D1FFF718FD079B184610
:1032700009B05DF804FB00B587B001900B468DF8EE
:103280000330002305930020FEF788FE0DF10F03A5
:103290001846FFF785FF0490049B002B02D10423FE
:1032A00005930BE0049B9DF803201A70049B019A80
:1032B0005A609DF80F301846FFF764FF0020FEF7B4
:1032C00076FE059B002B01D1FFF7E8FC059B184615
:1032D00007B05DF804FB000008B50E4B0022C3F8F0
:1032E00040210C4B0022C3F844210A4B0022C3F8B2
:1032F0004821084B0022C3F84C21064B0022C3F89A
:103300000021044B0022C3F80421FFF7DBFC00BFBF
:1033100008BD00BF0010014008B5FFF7F3FE00BF75
:1033200008BD000008B5FFF7B5FB134B00221A706B
:10333000114B00225A70104B0B229A700F4B002237
:103340001A600F4B00221A700E4B00221A701420C4
:10335000FFF712FB07211420FFF72AFB1420FFF7C9
:10336000B3FA0120FFF764FBFFF7BCFB0346064AF4
:1033700013600023184608BD481000205411002097
:1033800064110020651100205811002086B00390C0
:103390000B4601928DF80B30134B9B78002B01D11B
:1033A00008231EE0019B002B01D1072319E0039B9A
:1033B000002B01D1072314E0039B1B681B7C002B0F
:1033C00001D008230DE0039B1B680593059B002299
:1033D0001A74059B9DF80B205A74059B019A5A613B
:1033E0000023184606B070474810002000B587B08B
:1033F000039002910192039B0593164B9B78002B3F
:1034000001D1082322E0039B002B01D108231DE0FA
:10341000029B042B03D9029BB3F1807F01D30723C6
:1034200014E0059B5B69002B01D108230EE0059B8E
:103430005B7C012B01D1029B00E000230493019BE4
:10344000049A02990598FFF7D9FE0346184607B07B
:103450005DF804FB4810002000B585B00190019B89
:1034600003930D4B9B78002B01D1082310E0019BA7
:10347000002B03D0039B5B69002B01D1082307E0DD
:10348000039B00221A7402210398FFF7F4FE0346FF
:10349000184605B05DF804FB48100020BFF34F8FBD
:1034A00000BF064BDB6803F4E0620449044B13439E
:1034B000CB60BFF34F8F00BF00BFFDE700ED00E022
:1034C0000400FA0582B0114B1B680193104B1B6876
:1034D0000093019B0D2B14D1009B022B0DD0009B60
:1034E000022B0CD8009B002B03D0009B012B02D099
:1034F00005E0012306E0012304E0012302E00123AB
:1035000000E00023184602B0704700BF30010010F1
:103510003401001082B0114B1B680193104B1B68E3
:103520000093019B0D2B14D1009B022B0DD0009B0F
:10353000022B0CD8009B002B03D0009B012B02D048
:1035400005E0012306E0012304E0012302E001235A
:1035500000E00023184602B0704700BF30010010A1
:103560003401001082B0114B1B680193104B1B6893
:103570000093019B0D2B14D1009B022B0DD0009BBF
:10358000022B0CD8009B002B03D0009B012B02D0F8
:1035900005E0012306E0012304E0012302E001230A
:1035A00000E00023184602B0704700BF3001001051
:1035B0003401001082B0114B1B680193104B1B6843
:1035C0000093019B0D2B14D1009B022B0DD0009B6F
:1035D000022B0CD8009B002B03D0009B012B02D0A8
:1035E00005E0002306E0002304E0012302E00123BC
:1035F00000E00023184602B0704700BF3001001001
:103600003401001008B5FFF7D5FF0346002B07D0A3
:103610004FF010234FF08042D3F80832C2F85835EB
:1036200000BF08BD00BF044BD3F80034002BFAD014
:1036300000BF00BF704700BF00E0014000B583B08D
:103640000190054A019BC2F80435FFF7EBFF00BF6C
:1036500003B05DF804FB00BF00E00140024B034AE9
:103660001A6000BF704700BF600000200090D003C8
:1036700008B5FFF727FF0346002B0ED04FF080431D
:103680000022C3F80C214FF080430022C3F8102120
:103690004FF080430022C3F83825FFF73BFF034675
:1036A000002B76D04FF080535E4AD3F80434C2F832
:1036B00020354FF080535B4AD3F80834C2F82435E4
:1036C0004FF08053574AD3F80C34C2F828354FF0E6
:1036D0008053544AD3F81034C2F82C354FF080533D
:1036E000504AD3F81434C2F830354FF080534D4A65
:1036F000D3F81834C2F834354FF08053494AD3F820
:103700001C34C2F840354FF08053464AD3F8203479
:10371000C2F844354FF08053424AD3F82434C2F8FB
:1037200048354FF080533F4AD3F82834C2F84C351F
:103730004FF080533B4AD3F82C34C2F850354FF049
:103740008053384AD3F83034C2F854354FF08053A0
:10375000344AD3F83434C2F860354FF08053314ADC
:10376000D3F83834C2F864354FF080532D4AD3F87B
:103770003C34C2F868354FF080532A4AD3F84034BD
:10378000C2F86C354FF08053264AD3F84434C2F85F
:103790007035FFF7E7FE0346002B0DD04FF0804356
:1037A000D3F8003403F00103002B05D04FF0804321
:1037B0006FF00102C3F800241B4BD3F888301A4A7B
:1037C00043F47003C2F88830BFF34F8F00BFBFF3DC
:1037D0006F8F00BFFFF716FF4FF01023D3F80032B2
:1037E000002B05DB4FF01023D3F80432002B15DA41
:1037F0000120FFF723FF4FF010231222C3F800220D
:10380000FFF710FF4FF010231222C3F80422FFF736
:1038100009FF0020FFF712FFFFF740FEFFF71EFF32
:1038200000BF08BD00C0004000ED00E082B0019084
:10383000019B1B681F2B02D84FF0A04306E0019BA1
:103840001B6803F01F02019B1A60024B184602B06E
:10385000704700BF0003005000B585B001900846D6
:1038600011461A4603468DF803300B468DF8023098
:1038700013468DF8013001AB1846FFF7D7FF0390D0
:103880009DF803209DF802305B001A439DF801303B
:103890009B001A439DF818301B0242EA03019DF871
:1038A0001C301B04019A1943039B02F5E07243F894
:1038B000221000BF05B05DF804FB00B585B0039091
:1038C0000023019300230093002301220121039888
:1038D000FFF7C2FF00BF05B05DF804FB00B585B07F
:1038E00003900B468DF80B309DF80B3000220192AF
:1038F00000220092002200210398FFF7ADFF00BFD5
:1039000005B05DF804FB00B585B0019001AB184629
:10391000FFF78CFF0390019B012202FA03F3194683
:10392000039800F02AF800BF05B05DF804FB00B56D
:1039300085B0019001AB1846FFF778FF0390019B1B
:10394000012202FA03F31946039800F020F800BFA1
:1039500005B05DF804FB00B583B001900091009BB9
:10396000002B03D10198FFF7E2FF02E00198FFF777
:10397000CAFF00BF03B05DF804FB82B00190009164
:10398000019B009AC3F8082500BF02B0704782B0BF
:1039900001900091019B009AC3F80C2500BF02B072
:1039A0007047000000B583B00190064A019B1344A4
:1039B0001B7800211846FFF7CEFF00BF03B05DF86B
:1039C00004FB00BF8878030000B583B00190064A6D
:1039D000019B13441B7801211846FFF7BCFF00BF71
:1039E00003B05DF804FB00BF8878030000B583B026
:1039F0000023019305E00198FFF7E6FF019B0133E7
:103A00000193019B032BF6D900BF00BF03B05DF803
:103A100004FB000000B583B00023019309E0094ACC
:103A2000019B13441B781846FFF747FF019B0133A6
:103A30000193019B032BF2D9FFF7D8FF00BF03B01E
:103A40005DF804FB8878030000B583B00023019380
:103A500007E0022303211846FFF740FF019B0133D3
:103A60000193019B002BF4D000BF00BF03B05DF8B1
:103A700004FB00B583B00190019B03F00103002B10
:103A800001D0FFF7C7FF019B03F00203002B01D019
:103A9000FFF7DAFF00BF03B05DF804FB00B589B0A3
:103AA00001900091009B0793019B1B788DF80830D3
:103AB000019B5B680393019B9B68DBB28DF8103020
:103AC000019BDB680593019B1B69DBB28DF8183005
:103AD000074A079B52F823300649079A51F82210EB
:103AE00002AA1046984700BF09B05DF804FB00BF6A
:103AF000681100207811002010B58AB0039002915F
:103B000001920093039B1B7809932249099B019A18
:103B100041F823202049099B009A41F823200023E3
:103B200008931E4B04AC0FCB84E80F00029B1B785C
:103B30008DF81030029B5B788DF81130029B9B78DA
:103B40008DF81230029BDB788DF81330029B1B79C5
:103B50008DF81530029B5B798DF81630029B9B68BF
:103B60000693029B1B7B8DF81C30029B5B7B8DF8C0
:103B70001D30039B181D019B002B01D0084A00E05B
:103B80000022099B04A900F0BFFA0890089B184680
:103B90000AB010BD68110020781100208C78030055
:103BA0009D3A020008B5024B1B68984700BF08BD4C
:103BB0008811002082B00190019B044A934201D1F8
:103BC000034B00E00023184602B07047002000407D
:103BD0008811002000B587B0019000910198FFF78F
:103BE000E9FF0390039B002B1ED000238DF81730B4
:103BF0000020FEF7D3F9039B1B79002B03D0012390
:103C00008DF8173005E0039B009A1A60039B012290
:103C10001A710020FEF7CBF99DF81730002B03D066
:103C200011230493049B02E000230493049B184691
:103C300007B05DF804FB000082B003468DF8073042
:103C40009DF90730002B0CDB9DF8073003F01F02B5
:103C500005499DF907305B09012000FA02F241F89D
:103C6000232000BF02B0704700E100E082B00346AD
:103C700000918DF807309DF90730002B0ADB009B7F
:103C8000DAB20C499DF907305201D2B20B4483F8E5
:103C900000230BE0009BDAB207499DF8073003F0E0
:103CA0000F03043B5201D2B20B441A7600BF02B09C
:103CB000704700BF00E100E000ED00E082B001903D
:103CC000019B03F06043B3F1005F0CBF01230023AD
:103CD000DBB2184602B0704782B00190019B1B0B0B
:103CE0005BB2184602B0704700B583B003460A467F
:103CF0008DF8073013468DF806309DF806209DF9A3
:103D0000073011461846FFF7B1FF00BF03B05DF85A
:103D100004FB00B583B003468DF807309DF90730EA
:103D20001846FFF789FF00BF03B05DF804FB82B0BF
:103D300001900B468DF803309DF80330019A13442F
:103D400001221A6000BF02B0704784B001900B4698
:103D5000ADF80230BDF80230019A134400221A6017
:103D6000BDF80230019A13441B680393039B00BF04
:103D700004B0704782B001900B46ADF80230BDF838
:103D80000230019A13441B68002B14BF0123002347
:103D9000DBB2184602B0704782B001900091019BDF
:103DA000009AC3F8042300BF02B0704782B00190AC
:103DB0000091019B009AC3F8082300BF02B070472E
:103DC00082B00190019B0722C3F8002500BF02B01A
:103DD000704784B00390029101920093039B029A72
:103DE000C3F80825039B019AC3F80C25039B009A8E
:103DF000C3F8102500BF04B0704782B00190009155
:103E0000009A019BC3F8242500BF02B0704784B01C
:103E1000039002910192029A039BC3F84425039BED
:103E2000019AC3F8482500BF04B0704784B00390DE
:103E300002910192029A039BC3F83425039B019AD5
:103E4000C3F8382500BF04B0704784B001900B461A
:103E50008DF8033013468DF802309DF80230002BA8
:103E600014BF01230023DBB203939DF80330032B1F
:103E700010D0032B13DC012B02D0022B05D00EE057
:103E8000039B43F0020303930AE0039B43F0040304
:103E9000039305E0039B43F00603039300E000BF98
:103EA000019B039AC3F8542500BF04B0704782B049
:103EB00001900B468DF803309DF80320019BC3F859
:103EC000C02500BF02B0704782B00190019B012263
:103ED000C3F8502500BF02B0704782B00190019B2B
:103EE0000022C3F8502500BF02B0704782B0019095
:103EF000019B0122C3F8402500BF02B0704782B089
:103F00000190019B0022C3F8402500BF02B070471A
:103F100082B00190019B1B681F2B02D84FF0A04379
:103F200006E0019B1B6803F01F02019B1A60024B15
:103F3000184602B0704700BF0003005000B585B0BE
:103F40000190084611461A4603468DF803300B4689
:103F50008DF8023013468DF8013001AB1846FFF79B
:103F6000D7FF03909DF803209DF802305B001A43B1
:103F70009DF801309B001A439DF818301B0242EA5D
:103F800003019DF81C301B04019A1943039B02F5A1
:103F9000E07243F8221000BF05B05DF804FB00B5E5
:103FA00085B0039000230193002300930023012296
:103FB00001210398FFF7C2FF00BF05B05DF804FBC5
:103FC00000B585B003900B468DF80B309DF80B3093
:103FD0000022019200220092002200210398FFF7A4
:103FE000ADFF00BF05B05DF804FB00B585B00190E2
:103FF00001AB1846FFF78CFF0390019B012202FAE8
:1040000003F31946039800F018F800BF05B05DF8F7
:1040100004FB00B585B0019001AB1846FFF778FFAF
:104020000390019B012202FA03F31946039800F062
:104030000EF800BF05B05DF804FB82B0019000915E
:10404000019B009AC3F8082500BF02B0704782B0F8
:1040500001900091019B009AC3F80C2500BF02B0AB
:104060007047000086B0019000911E4B1B681E4AED
:104070001360009B002B31D0019B009A13440293E4
:10408000019B23F4FF5323F01F030593059B5B0B58
:104090009BB2012202FA03F3049300230393059BCE
:1040A000124A934203D94FF48073039312E0039AA8
:1040B000049B13430393049B5B000493059B03F54C
:1040C00000530593059A029B9A4203D2059B084A26
:1040D0009342ECD3034A039B136000E000BF06B099
:1040E000704700BF000E0040FC110020FFFF0020C1
:1040F00000200120024A034B1B68136000BF704779
:10410000000E0040FC11002000B58DB00590049118
:1041100003920293059B1B791A461346DB00134456
:104120009B00664A13440A930A9B1B7F002B03D013
:1041300008230793079BBDE0059B1B680993059B1C
:104140001A68059B1B7919465D4B53F821301946B7
:104150001046FFF73FFD0346002B03D011230793C2
:10416000079BA7E00A9B039A1A600A9B029A5A606F
:10417000049B1B7B012B05D8049B1B781846FFF77B
:1041800048FF04E0049B1B781846FFF72EFF049BB2
:104190001B7818460023019300230093002300227C
:1041A0000121FFF7CBFE049B5B78FF2B09D0049B1A
:1041B0005B780B930B98FFF72CFF0B98FFF7EFFE44
:1041C00002E04FF0FF330B93049B9B78FF2B07D04B
:1041D000049B9B78089301210898FFF7F1FE02E009
:1041E0004FF0FF330893049B9A780A9B83F82020B2
:1041F000049BDA780A9BDA77049BDB78FF2B17D0D5
:10420000049B1B79002B05D0049BDB781846FFF735
:1042100000FF04E0049BDB781846FFF7E6FE049BF2
:10422000DB781846FFF7BBFE049B1A790A9B9A7746
:10423000049B1B781946089B0B9A0998FFF7C9FD48
:10424000049B9B6819460998FFF7D7FD049B197BCF
:10425000049B5B7B1A460998FFF7F7FD049B9B794B
:1042600019460998FFF723FE0998FFF7A9FD0A9B55
:104270001B68002B15D0059B1B681846FFF72CFD0B
:1042800003461A46049B5B7919461046FFF72CFD3E
:10429000059B1B681846FFF71FFD03461846FFF7EE
:1042A00038FD0A9B00225A770A9B01221A770023C5
:1042B0000793079B18460DB05DF804FB9011002092
:1042C000A878030000B583B00190019BDB7FFF2B32
:1042D0000ED0019B9B7F002B05D0019BDB7F1846F6
:1042E000FFF797FE04E0019BDB7F1846FFF77DFE9A
:1042F000019B00225A77019B00221A72019B1B68C6
:10430000019A02F10800019A52681146984700BFCD
:1043100003B05DF804FB00B583B001900B468DF847
:1043200003309DF8033083F00103DBB2002B04D08F
:1043300040210198FFF73AFD03E040210198FFF783
:104340002BFD00BF03B05DF804FB00B583B0019006
:104350000091009B03F00103002B03D00198FFF7AD
:10436000B3FD02E00198FFF7B8FD009B03F00203E4
:10437000002B03D00198FFF7B9FD02E00198FFF789
:10438000BEFD00BF03B05DF804FB000000B587B0C0
:104390000390029101920093019B1B68002B0AD0AD
:1043A000019B1B681846FFF789FC034683F0010355
:1043B000DBB2002B0ED1019B9B68002B11D0019B1F
:1043C0009B681846FFF77AFC034683F00103DBB2D3
:1043D000002B06D0029B00225A7710230593059BE1
:1043E00066E0019B1968019B5B681A460398FFF71A
:1043F0000EFD019B9968019BDB681A460398FFF745
:1044000015FD039B2C4A934207D1019B1A68019B1F
:104410005B6819461046FFF725FE4FF48C71039830
:10442000FFF793FC00990398FFF78FFF009B03F0C1
:104430000803002B03D110210398FFF778FC029B9F
:104440001B68002B25D100BF4FF48C710398FFF738
:1044500091FC034683F00103DBB2002BF4D1039BF4
:10446000154A934201D1FFF745FE029BDB7FFF2BEC
:104470001BD0029B9B7F002B05D0029BDB7F184645
:10448000FFF7C7FD11E0029BDB7F1846FFF7ADFD8C
:104490000BE0009B03F00403002B0CBF012300235F
:1044A000DBB219460398FFF736FF00230593059BFF
:1044B000184607B05DF804FB00F0024010B586B066
:1044C000039002910192039B1B791A461346DB006D
:1044D00013449B001F4A1344049300230593049B39
:1044E0005B7FDBB2002B03D011230593059B2EE0ED
:1044F000049B1B68002B07D0019B03F01403002BC7
:1045000002D1049B01225A77049B029A03F10C0406
:1045100013460FCB84E80F00049BDB7FFF2B0ED0EC
:10452000049B9B7F002B05D0049BDB7F1846FFF785
:104530005CFD04E0049BDB7F1846FFF76AFD039BEC
:104540001868019B029A0499FFF720FF034618465A
:1045500006B010BD9011002000B583B0019000910D
:104560004FF48C710198FFF705FC0346002B0DD02A
:10457000019B084A934201D1FFF7BCFD4FF48C71B7
:104580000198FFF7E2FB0098FFF79CFE00BF03B025
:104590005DF804FB00F0024008B503490348FFF74B
:1045A000DBFF00BF08BD00BF9011002000300040BD
:1045B00008B503490348FFF7CFFF00BF08BD00BFA0
:1045C000B41100200030024008B503490348FFF74A
:1045D000C3FF00BF08BD00BFD811002000F002409B
:1045E00082B003468DF807309DF90730002B0CDBB5
:1045F0009DF8073003F01F0205499DF907305B095C
:10460000012000FA02F241F8232000BF02B07047F7
:1046100000E100E082B0034600918DF807309DF97B
:104620000730002B0ADB009BDAB20C499DF90730FA
:104630005201D2B20B4483F800230BE0009BDAB2A4
:1046400007499DF8073003F00F03043B5201D2B233
:104650000B441A7600BF02B0704700BF00E100E0D3
:1046600000ED00E082B00190019B1B0B5BB218468D
:1046700002B0704700B583B003460A468DF8073094
:1046800013468DF806309DF806209DF90730114637
:104690001846FFF7BFFF00BF03B05DF804FB00B58D
:1046A00083B003468DF807309DF907301846FFF7B1
:1046B00097FF00BF03B05DF804FB00B583B003466D
:1046C000ADF80630BDF80630184600F026F803466F
:1046D0001B68012B0CBF01230023DBB2184603B07B
:1046E0005DF804FB00B585B00346ADF80630BDF8B3
:1046F0000630184600F011F803461A4600231360EE
:10470000BDF80630184600F008F803461B6803930E
:10471000039B00BF05B05DF804FB82B00346ADF813
:104720000630BDF8063003F1804303F5C043184658
:1047300002B0704782B00190034A019BC2F8043373
:1047400000BF02B0704700BF0060004082B001901F
:10475000034A019BC2F8083300BF02B0704700BF94
:104760000060004082B00190034BD3F80423019B0A
:104770001340184602B070470060004082B00190BC
:10478000084A019B03F5A27352F82330054943F010
:104790000102019B03F5A27341F8232000BF02B080
:1047A000704700BF0060004082B00190084A019B42
:1047B00003F5A27352F82330054923F00102019B4F
:1047C00003F5A27341F8232000BF02B0704700BF79
:1047D0000060004084B00390029113468DF80730CA
:1047E000144A039B03F5A27352F82330114923F4B2
:1047F0004F3323F44073039A02F5A27241F822303A
:104800000C4A039B03F5A27352F82320029B1B0260
:1048100003F47C519DF807301B0403F440330B4331
:1048200004491A43039B03F5A27341F8232000BFF8
:1048300004B070470060004082B00190054A019BBF
:1048400003F5A27352F823301B0A03F03F03184606
:1048500002B070470060004082B00190064A019BA0
:1048600003F5A27352F823301B0C03F00303DBB2F1
:10487000184602B0704700BF0060004084B003904B
:10488000029111461A460B468DF8073013468DF8F3
:104890000630184A039B03F5A27352F823301549DA
:1048A00023F4991323F4F853039A02F5A27241F802
:1048B0002230104A039B03F5A27352F82320029B77
:1048C0001B0203F47C519DF807301B0403F44033B2
:1048D00019439DF806301B0503F480130B4305496B
:1048E0001A43039B03F5A27341F8232000BF04B0D1
:1048F000704700BF0060004082B00190019B1B68C0
:104900001F2B02D84FF0A04306E0019B1B6803F069
:104910001F02019B1A60024B184602B0704700BF8D
:104920000003005000B585B00190084611461A46B4
:1049300003468DF803300B468DF8023013468DF890
:10494000013001AB1846FFF7D7FF03909DF8032015
:104950009DF802305B001A439DF801309B001A431A
:104960009DF818301B0242EA03019DF81C301B041D
:10497000019A1943039B02F5E07243F8221000BF2D
:1049800005B05DF804FB00B585B0039000230193EA
:10499000002300930023012201210398FFF7C2FFA7
:1049A00000BF05B05DF804FB00B585B003900B4671
:1049B0008DF80B309DF80B300022019200220092FE
:1049C000002200210398FFF7ADFF00BF05B05DF89E
:1049D00004FB00B585B0019001AB1846FFF78CFFD2
:1049E0000390019A039B02F5E07253F8223023F002
:1049F00002030293019A039B02F5E072029943F8C5
:104A0000221000BF05B05DF804FB00B585B0019031
:104A10000B468DF8033001AB1846FFF76DFF03908E
:104A2000019A039B02F5E07253F82230019A23F4B5
:104A30004031039B02F5E07243F82210019A039B78
:104A400002F5E07253F822309DF80320120411465B
:104A5000019A1943039B02F5E07243F8221000BF4C
:104A600005B05DF804FB00B585B0019001AB1846B8
:104A7000FFF742FF0390019B012202FA03F319465C
:104A8000039800F06DF800BF05B05DF804FB00B5B9
:104A900085B0019001AB1846FFF72EFF0390019BF4
:104AA000012202FA03F31946039800F063F800BFED
:104AB00005B05DF804FB00B585B0019001AB184668
:104AC000FFF71AFF0390039BD3F804350293029B70
:104AD000DA43019B012101FA03F31A40039BC3F857
:104AE0000825019B01229A40029B1A40039BC3F8B0
:104AF0000C2500BF05B05DF804FB00B585B0019042
:104B000001AB1846FFF7F8FE0390039800F020F879
:104B10000246019B22FA03F303F00103184605B095
:104B20005DF804FB00B585B0019001AB1846FFF7B6
:104B3000E3FE0390019A039B02F5E07253F82230E2
:104B40001B0C03F00303DBB2184605B05DF804FB51
:104B500082B00190019BD3F81035184602B070471F
:104B600082B001900091019B009AC3F8082500BF14
:104B700002B0704782B001900091019B009AC3F887
:104B80000C2500BF02B0704788B0039002910192DB
:104B9000164A05AB92E8030083E80300039B0793E2
:104BA00019E0079B9B0008AA134453F80C3CD3F868
:104BB0002025019B1A60079B9B0008AA134453F809
:104BC0000C3C019A1268C3F82025019B0433019321
:104BD000079B01330793039A029B1344079A9A4257
:104BE000DFD300BF00BF08B0704700BFB478030038
:104BF00000B585B0019001AB1846FFF77DFE03902C
:104C0000019B012202FA03F31A46039BC3F82025F5
:104C100000BF05B05DF804FB84B00190019B5B0907
:104C2000029300230393029B002B03D0029B012BD2
:104C300004D007E04FF0FF33039303E040F2FF336B
:104C4000039300BF019B03F01F030193039A019B91
:104C500022FA03F303F00103002B14BF0123002306
:104C6000DBB2184604B0704784B001900091009BFD
:104C70000393019BDB080293019B03F0070301935D
:104C80000122019B02FA03F30399029A0A44127863
:104C90001340184604B0704784B001900091009B07
:104CA0000393019BDB080293019B03F0070301932D
:104CB000039A029B13441B785AB20121019B01FA0B
:104CC00003F35BB2134359B2039A029B1344CAB273
:104CD0001A7000BF04B0704782B00190074A019B70
:104CE0001344243393F90030B3F1FF3F14BF012381
:104CF0000023DBB2184602B0704700BF001200204C
:104D000082B001900C4A019B1344243393F9003084
:104D1000002B09DB084A019B1344243393F900302C
:104D2000072B01DC012300E0002303F00103DBB2C9
:104D3000184602B0704700BF0012002082B00190F8
:104D4000064A019B1344243393F90030072BCCBF50
:104D500001230023DBB2184602B070470012002086
:104D600082B00190064A019B1344243393F900302A
:104D7000DB43DBB2DB09DBB2184602B0704700BF91
:104D80000012002084B00390029101928DF803304C
:104D9000029B59B20E4A039B134424330A461A70ED
:104DA0000B49029B019A41F823209DF8033083F0C0
:104DB0000103DBB2002B08D0029B083B039A51B2DF
:104DC000034A13440A4683F84E2000BF04B07047DC
:104DD0000012002082B00190044A019B1344243346
:104DE000FE221A7000BF02B0704700BF0012002000
:104DF00082B00190044A019B13442433FF221A70AD
:104E000000BF02B0704700BF0012002000B583B0A1
:104E1000019004490198FFF73FFF00BF03B05DF820
:104E200004FB00BF4F12002082B00190044A019B96
:104E30001344243393F90030184602B0704700BF82
:104E40000012002082B00190034A019B52F82330E7
:104E5000184602B0704700BF0012002084B00190D5
:104E6000074A019B13444E3393F900308DF80F30FD
:104E70009DF80F3023F0C003184604B0704700BF00
:104E80000012002084B00190074A019B13444E3366
:104E900093F900308DF80F309DF80F309B09DBB28D
:104EA000184604B0704700BF0012002000B589B05A
:104EB0000390029113468DF80730FF238DF81F30C1
:104EC0009DF80730002B01D0002300E00823059354
:104ED0009DF80730002B01D0082300E0092304933C
:104EE000059B069314E00F4A069B52F82330B3F15A
:104EF000FF3F0AD19DF80730029A06990398FFF701
:104F000041FF069B8DF81F3006E0069B0133069398
:104F1000069A049B9A42E6D39DF91F30184609B0C1
:104F20005DF804FB0012002082B003468DF80730C4
:104F30009DF80730094A4FF0FF3142F823109DF8E1
:104F40000730072B07D99DF80730083B034A134465
:104F5000FF2283F84E2000BF02B0704700120020ED
:104F600000B583B02D4B93F85530002B03D00823A8
:104F70000093009B4EE000238DF8073011E09DF870
:104F800007301846FFF748FE0346002B04D09DF873
:104F900007301846FFF72CFF9DF8073001338DF8D6
:104FA00007309DF80730292BE9D900238DF8073009
:104FB00009E09DF807301846FFF7B6FF9DF8073067
:104FC00001338DF807309DF80730082BF1D9062200
:104FD0000021134802F05BFA1248FFF743FB034637
:104FE00007211846FFF746FB0E48FFF73BFB034639
:104FF0001846FFF754FB4FF4BE70FFF773FB4FF0FA
:105000000040FFF797FB054B012283F85520002352
:105010000093009B184603B05DF804FB00120020CB
:105020004F1200200060004000B585B00190009153
:10503000002303930198FFF74FFE0346002B02D095
:105040000823039334E0009B9B78002B19D00122A6
:1050500000210198FFF72AFF03468DF80B309DF9D8
:105060000B30B3F1FF3F09D09DF90B00009B1A787C
:10507000009B5B780199FFF701FC05E00423039393
:1050800002E00198FFF7A6FE039B002B10D1009BC6
:105090005B78012B03D10198FFF7E5FC02E0019852
:1050A000FFF7F5FC0198FFF76EFC0198FFF7AEFEE5
:1050B000039B184605B05DF804FB00B583B0019072
:1050C0000198FFF7F8FC00BF03B05DF804FB000097
:1050D00000B587B0039002910192002305930398D5
:1050E000FFF73EFE0346002B02D00823059357E04E
:1050F000029B9B78C3F34003DBB21A4601990398E5
:10510000FFF7D4FE03468DF813309DF91330B3F149
:10511000FF3F43D0029B9B78C3F38003DBB283F055
:105120000103DBB2002B13D0029B9B7803F0010339
:10513000DBB2002B03D00398FFF74BFC05E0029B8A
:105140005B7819460398FFF72FFC0398FFF75EFE84
:10515000029B9B7803F00203DBB2002B08D09DF981
:105160001300029B1B781A460399FFF733FB17E0E5
:105170009DF91330083B0D4A134493F94E10029BDE
:105180001B789B015AB29DF91330083B0A4351B278
:10519000064A13440A4683F84E2001E0042305938F
:1051A000059B184607B05DF804FB00BF0012002005
:1051B00000B589B001900B468DF803300198FFF7D8
:1051C000BDFD0346002B2AD00198FFF72DFE0346B4
:1051D000083B1846FFF756FE03468DF80F309DF842
:1051E0000F30032B0BD10198FFF787FC0346002BF0
:1051F00001D0032300E002238DF81F3008E09DF862
:105200000F30012B01D1022300E003238DF81F3062
:105210009DF81F3019460198FFF7F7FB30E0019821
:10522000FFF76EFD0346002B2AD00198FFF7FCFD27
:1052300003460693069B9BB240339BB29B00ADF89E
:105240001630069B1846FFF799FABDF81630184637
:10525000FFF748FA9DF80330002B11D00198FFF7B3
:10526000E3FD03461846FFF7EDFD0490049B002B79
:1052700006D00122069B02FA03F31846FFF75AFAFA
:1052800000BF09B05DF804FB00B585B0019001983E
:10529000FFF754FD0346002B04D000210198FFF7CF
:1052A000B4FB15E00198FFF72BFD0346002B0FD050
:1052B0000198FFF7B9FD03460393039B1846FFF7D8
:1052C00073FA0122039B02FA03F31846FFF73EFA32
:1052D00000BF05B05DF804FB00B583B001900198F4
:1052E000FFF70BFC0346002B14BF01230023DBB2A6
:1052F000184603B05DF804FB00B585B00190019A33
:1053000002210020FFF740FC002303930BE0039BE6
:105310009B00019A13441B68002B01D0012306E077
:10532000039B01330393039B012BF0D90023184601
:1053300005B05DF804FB000000B587B001900023C4
:1053400005935BE0344A059B13444E3393F90030D8
:10535000B3F1FF3F4ED00598FFF780FD049001990F
:105360000498FFF781FC0346002B44D00598FFF713
:1053700089FD03468DF80F300498FFF7D3FB0346F1
:105380008DF80E309DF80E30022B01D1032300E082
:1053900002238DF80D309DF80D3019460498FFF763
:1053A00034FB0498FFF724FC0498FFF73DFD034607
:1053B0001846FFF747FD0290029B002B1BD09DF87B
:1053C0000F30032B0FD09DF80E30022B03D19DF828
:1053D0000F30012B07D09DF80E30032B0BD19DF819
:1053E0000F30022B07D19DF80F20029B1146049825
:1053F000984700E000BF059B01330593059B002BF8
:10540000A0D00198FFF778FF0346002B97D100BF8B
:1054100000BF07B05DF804FB0012002000B58BB0A0
:105420000023089301AB00221A605A604FF4807386
:10543000ADF81A30012309930023079321E0BDF84A
:105440001A301846FFF739F90346002B0ED0099899
:10545000FFF788F90346002B08D0BDF81A3018462C
:10546000FFF740F9089A099B13430893099B5B00D7
:105470000993BDF81A300433ADF81A30079B013395
:105480000793079B072BDAD94FF4BE70FFF715F986
:105490000346002B0DD04FF4BE70FFF723F9089B95
:1054A00043F00043089301AB1A4602210020FFF7A6
:1054B0006BFB089BDBB2002B29D00123099300234F
:1054C000079321E0099A089B1340002B16D00798F8
:1054D000FFF7B2F905900798FFF7BEF903468DF87C
:1054E00013300798FFF7AEFC0390039B002B05D009
:1054F0009DF81320039B114605989847099B5B0074
:105500000993079B01330793079B072BDAD9089B65
:10551000002B03DA01AB1846FFF70EFF00BF0BB0FC
:105520005DF804FB82B003468DF807309DF9073023
:10553000002B0CDB9DF8073003F01F0205499DF995
:1055400007305B09012000FA02F241F8232000BF76
:1055500002B0704700E100E082B0034600918DF890
:1055600007309DF90730002B0ADB009BDAB20C49AB
:105570009DF907305201D2B20B4483F800230BE0AF
:10558000009BDAB207499DF8073003F00F03043B94
:105590005201D2B20B441A7600BF02B0704700BF6E
:1055A00000E100E000ED00E082B00190019B1B0BE8
:1055B0005BB2184602B0704700B583B003460A4696
:1055C0008DF8073013468DF806309DF806209DF9BA
:1055D000073011461846FFF7BFFF00BF03B05DF864
:1055E00004FB00B583B003468DF807309DF9073002
:1055F0001846FFF797FF00BF03B05DF804FB84B0C7
:1056000001900B46ADF80230BDF80230019A134408
:1056100000221A60BDF80230019A13441B680393FC
:10562000039B00BF04B0704782B001900B46ADF8F9
:105630000230BDF80230019A13441B68002B14BFDE
:1056400001230023DBB2184602B0704782B00190FC
:105650000091019B009AC3F8042300BF02B0704779
:1056600082B001900091019BD3F80423009B13406A
:10567000002B14BF01230023DBB2184602B0704791
:1056800082B001900091019B009AC3F8082300BFEB
:1056900002B0704784B00190019BD3F8803403932B
:1056A000019B039AC3F88024039B184604B07047FB
:1056B00082B00190019B0422C3F8002500BF02B014
:1056C000704784B0039002910192039B019AC3F842
:1056D0001425039B029AC3F80C2500BF04B0704741
:1056E00084B0039002910192039B029AC3F80825AB
:1056F000039B019AC3F8102500BF04B0704782B025
:105700000190019BD3F81835DBB2184602B0704700
:1057100082B001900B468DF803309DF80320019B69
:10572000C3F81C2500BF02B0704782B001900B4641
:105730008DF803309DF80330019A134401221A605A
:1057400000BF02B0704782B001900B468DF8033065
:1057500013468DF802309DF803209DF80230134364
:10576000DBB21A46019BC3F86C2500BF02B070473C
:1057700082B001900091019B009AC3F8242500BFDC
:1057800002B0704782B00190019B1B681F2B02D8AA
:105790004FF0A04306E0019B1B6803F01F02019B32
:1057A0001A60024B184602B0704700BF0003005059
:1057B00000B585B00190084611461A4603468DF89B
:1057C00003300B468DF8023013468DF8013001ABE3
:1057D0001846FFF7D7FF03909DF803209DF802308D
:1057E0005B001A439DF801309B001A439DF8183066
:1057F0001B0242EA03019DF81C301B04019A194365
:10580000039B02F5E07243F8221000BF05B05DF87B
:1058100004FB00B585B0039000230193002300939F
:105820000023012201210398FFF7C2FF00BF05B04A
:105830005DF804FB00B585B003900B468DF80B3086
:105840009DF80B30002201920022009200220021DC
:105850000398FFF7ADFF00BF05B05DF804FB00B58E
:1058600085B0019001AB1846FFF78CFF0390019BB8
:10587000012202FA03F31946039800F004F800BF6E
:1058800005B05DF804FB82B001900091019B009A85
:10589000C3F8082500BF02B0704700B583B001907F
:1058A0000091009B1B68B3F1FF3F09D0009B1B6870
:1058B0001846FFF7D4FF009B1B681846FFF7A9FFA7
:1058C000009B5B68B3F1FF3F05D0009B5B68002144
:1058D0001846FFF7AFFF019B1A68009B9B691946AA
:1058E0001046FFF745FF019B1868009B597D009B00
:1058F0001B7D1A46FFF727FF019B1868009B19685C
:10590000009B5B681A46FFF7DCFE009B1B7D012BAA
:1059100022D1009B9B68B3F1FF3F05D0009B9B68A1
:1059200000211846FFF786FF009BDB68B3F1FF3FBD
:1059300009D0009BDB681846FFF791FF009BDB68EE
:105940001846FFF766FF019B1868009BD968009B0B
:105950009B681A46FFF7C4FE00BF03B05DF804FB66
:1059600000B583B001900B468DF80330019B1B6896
:105970004FF48E711846FFF742FE019B1B684FF4EF
:10598000A2711846FFF73BFE019B1B680E491846A3
:10599000FFF75CFE019B1B681846FFF705FE0346F8
:1059A0001A469DF8033019461046FFF705FE019B85
:1059B0001B681846FFF7F8FD03461846FFF711FE6F
:1059C00000BF03B05DF804FB8000020000B587B0A3
:1059D000039002910192039B1B791A462C2302FB30
:1059E00003F3284A1344049300230593049B93F87C
:1059F0002A30002B03D008230593059B3EE0039B30
:105A00001A68039B1B7919461F4B53F8213019461E
:105A10001046FEF7DFF80346002B03D01123059351
:105A2000059B2BE002990398FFF737FF049B019A2F
:105A30005A60029B1A69049B1A60049B5B68002BE6
:105A400005D0029B1B7F19460398FFF789FF039B34
:105A50001B681846FFF72CFE049B00229A61049BEA
:105A60000022DA61049B002283F82920049B002293
:105A70005A61049B012283F82A20059B184607B02F
:105A80005DF804FB58120020DC78030000B585B0F7
:105A9000019000914FF48E710198FFF7B0FD009BCB
:105AA0009A68009B1B6A13441B788DF80F30009B8B
:105AB0001B6A5A1C009B1A629DF80F301946019808
:105AC000FFF726FE00BF05B05DF804FB00B585B00A
:105AD00001900091009B5B69039316E0009B93F893
:105AE0002830DBB2002B01D0002314E04FF48E717C
:105AF0000198FFF799FD034683F00103DBB2002B09
:105B0000ECD100990198FFF7C1FF009B1B6A039A33
:105B10009A42EBD80123184605B05DF804FB00005B
:105B200000B587B0039002910192039B1B791A463E
:105B30002C2302FB03F32F4A13440493039800F031
:105B40005BF80346002B03D011230593059B4CE023
:105B5000049B019A5A61049B029A9A60049B00225A
:105B60001A62049B002283F8282000230593039BDC
:105B70001B684FF48E711846FFF741FD039B1B68AD
:105B800008211846FFF7D1FD039B1B6804991846AE
:105B9000FFF77CFF049B5B68002B25D1039B1B68F0
:105BA00004991846FFF792FF034683F00103DBB226
:105BB000002B02D00F23059313E000BF039B1B684B
:105BC0004FF48E711846FFF72FFD034683F0010353
:105BD000DBB2002BF2D1039B1B680C211846FFF7A8
:105BE000A4FD049B00225A61059B184607B05DF88E
:105BF00004FB00BF5812002082B00190019B1B796A
:105C00001946074A2C2301FB03F3134414331B6882
:105C1000002B14BF01230023DBB2184602B07047EB
:105C20005812002000B583B00190019B1B684FF40F
:105C300092711846FFF7E3FC019B1B684FF48471D7
:105C40001846FFF7DCFC019B1B6800211846FFF794
:105C50006CFD00BF03B05DF804FB10B582B001908D
:105C60000091009B9B69002B08D14FF4847101982F
:105C7000FFF7C5FC0198FFF742FD13E04FF4847174
:105C80000198FFF7BCFC009BDA68009B5B6AD418A4
:105C90000198FFF734FD03462370009B5B6A5A1C92
:105CA000009B5A6202B010BD00B589B0039002910A
:105CB0000192039B1B791A462C2302FB03F36E4AC5
:105CC0001344059300238DF81330059B5B68002B6C
:105CD00006D0039B1B684FF401711846FFF7D0FCF8
:105CE000059B9B69002B15D0059BDB69002B0ED013
:105CF000059B5B68002B06D0039B1B684FF401716A
:105D00001846FFF7A3FC11230793079BB0E001237C
:105D10008DF813309DF8133083F00103DBB2002BB4
:105D20000CD0059B019A9A61059B029ADA60059B4B
:105D300000225A62059B0022DA6105E0059B029A67
:105D40001A61059B019ADA61059B93F8293083F06B
:105D50000103DBB2002B09D09DF8133083F001035F
:105D6000DBB2002B02D00398FFF75CFF059B5B685A
:105D7000002B73D1039B1B684FF4A2711846FFF7E9
:105D80003EFC039B1B684FF492711846FFF74CFCD6
:105D900003468DF81930039B1B684FF48471184635
:105DA000FFF742FC03468DF81B30039B1B684FF442
:105DB000A2711846FFF738FC03468DF81A309DF89B
:105DC0001B3083F00103DBB2002B0DD09DF81A309D
:105DD00083F00103DBB2002B06D09DF8193083F06D
:105DE0000103DBB2002BCCD19DF81930002B0FD171
:105DF0009DF81A30002B0BD1039B1B6805991846A0
:105E0000FFF72BFF059B9A69059B5B6A9A42B8D8FE
:105E1000059B00229A619DF81930002B03D00323C3
:105E20000793079B24E09DF81A30002B03D00F2323
:105E30000793079B1CE0059B93F82930002B06D0A5
:105E4000039B1B6800211846FFF76FFC0DE0039BC6
:105E50001B6804211846FFF768FC06E0039B1B68DB
:105E60004FF401711846FFF7F1FB00230793079BDE
:105E7000184609B05DF804FB5812002000B589B03F
:105E800003900291019201238DF81030029B06933A
:105E9000019B0593039B5B68039A116804AA104653
:105EA000984700BF09B05DF804FB00B587B00190CA
:105EB000009100238DF80830009B0493019B9B68A0
:105EC0000393019B00225A61019B5B68019A116850
:105ED00002AA1046984700BF07B05DF804FB00B562
:105EE0008BB0019000914FF400710198FFF7B8FB5F
:105EF0000346002B39D04FF492710198FFF794FBC1
:105F00000346002B31D04FF492710198FFF777FBD5
:105F10004FF401710198FFF7B3FB009B93F8293010
:105F200083F00103DBB2002B03D004210198FFF7BB
:105F3000FCFB02238DF80C300198FFF7ABFB034606
:105F40000693009B9B690593009BDB680493009B71
:105F500000229A61009B0022DA61009B5B68009A34
:105F6000116803AA1046984752E004210198FFF7F0
:105F700077FB0346002B4BD04FF484710198FFF759
:105F800053FB0346002B43D000990198FFF765FEB1
:105F9000009B9A69009B5B6A9A4239D1009BDB693E
:105FA000002B19D0009BDB680993009B5B6A089368
:105FB000009BDA69009B9A61009B1A69009BDA607A
:105FC000009B0022DA61009B00225A62099A08991C
:105FD0000098FFF753FF1BE0009B93F8293083F0F4
:105FE0000103DBB2002B03D004210198FFF79DFBD6
:105FF0004FF401710198FFF743FB009B00229A6167
:10600000009B596A009BDB681A460098FFF736FF31
:106010004FF48E710198FFF707FB0346002B24D045
:10602000009B5B690793009B1B6A079A9A420DD9F4
:10603000009B93F82830DBB283F00103DBB2002B26
:1060400004D000990198FFF721FD0EE04FF48E7106
:106050000198FFF7D4FA009B5B69002B05D0009BE9
:106060005B6919460098FFF720FF4FF4A271019871
:10607000FFF7DAFA0346002B1CD04FF4A271019807
:10608000FFF7BDFA009B93F82930002B03D00021C5
:106090000198FFF74AFB009B9B69002B0AD0009BED
:1060A00000229A61009B596A009BDB681A4600989F
:1060B000FFF7E4FE00BF0BB05DF804FB08B5034931
:1060C0000348FFF70CFF00BF08BD00BF58120020B7
:1060D0000020004082B003468DF807309DF907305C
:1060E000002B0CDB9DF8073003F01F0205499DF9DA
:1060F00007305B09012000FA02F241F8232000BFBB
:1061000002B0704700E100E082B0034600918DF8D4
:1061100007309DF90730002B0ADB009BDAB20C49EF
:106120009DF907305201D2B20B4483F800230BE0F3
:10613000009BDAB207499DF8073003F00F03043BD8
:106140005201D2B20B441A7600BF02B0704700BFB2
:1061500000E100E000ED00E082B00190019B03F05F
:106160006043B3F1005F0CBF01230023DBB218468C
:1061700002B0704782B00190019B1B0B5BB21846C6
:1061800002B0704700B583B003460A468DF8073069
:1061900013468DF806309DF806209DF9073011460C
:1061A0001846FFF7B1FF00BF03B05DF804FB00B570
:1061B00083B003468DF807309DF907301846FFF786
:1061C00089FF00BF03B05DF804FB84B001900B466B
:1061D000ADF80230BDF80230019A134400221A6073
:1061E000BDF80230019A13441B680393039B00BF60
:1061F00004B0704782B001900B46ADF80230BDF894
:106200000230019A13441B68002B14BF01230023A2
:10621000DBB2184602B0704782B001900091019B3A
:10622000D3F80022009B1A43019BC3F8002200BF51
:1062300002B0704782B001900091019BD3F8002218
:10624000009BDB431A40019BC3F8002200BF02B051
:10625000704782B001900091019B009AC3F804231B
:1062600000BF02B0704782B001900091019B009A7C
:10627000C3F8082300BF02B0704784B00190019BAF
:10628000D3F880340393019B039AC3F88024039BC3
:10629000184604B0704782B00190019B0822C3F8F1
:1062A000002500BF02B0704784B0039002910192B4
:1062B000039B029AC3F80C25039B019AC3F814258B
:1062C00000BF04B0704784B0039002910192039B19
:1062D000029AC3F80825039B019AC3F8102500BF52
:1062E00004B0704782B001900B468DF803309DF8E2
:1062F0000330019A134401221A6000BF02B07047B4
:1063000082B001900B468DF8033013468DF80230B1
:106310009DF803209DF802301343DBB21A46019B1F
:10632000C3F86C2500BF02B0704782B001900091A5
:10633000019B009AC3F8242500BF02B0704784B0C7
:10634000039002910192029A039BC3F84425039B98
:10635000019AC3F8482500BF04B0704782B001908D
:10636000019BD3F84C35184602B0704784B00390B7
:1063700002910192029A039BC3F83425039B019A70
:10638000C3F8382500BF04B0704782B00190019B6C
:10639000D3F83C35184602B07047000082B0019037
:1063A000019B1B681F2B02D84FF0A04306E0019B06
:1063B0001B6803F01F02019B1A60024B184602B0D3
:1063C000704700BF0003005000B585B0019008463B
:1063D00011461A4603468DF803300B468DF80230FD
:1063E00013468DF8013001AB1846FFF7D7FF039035
:1063F0009DF803209DF802305B001A439DF80130A0
:106400009B001A439DF818301B0242EA03019DF8D5
:106410001C301B04019A1943039B02F5E07243F8F8
:10642000221000BF05B05DF804FB00B585B00390F5
:1064300000230193002300930023012201210398EC
:10644000FFF7C2FF00BF05B05DF804FB00B585B0E3
:1064500003900B468DF80B309DF80B300022019213
:1064600000220092002200210398FFF7ADFF00BF39
:1064700005B05DF804FB00B585B0019001AB18468E
:10648000FFF78CFF0390019B012202FA03F31946E8
:10649000039800F004F800BF05B05DF804FB82B07B
:1064A00001900091019B009AC3F8082500BF02B03B
:1064B000704700B583B001900091009B1B68B3F159
:1064C000FF3F09D0009B1B681846FFF7D4FF009BD5
:1064D0001B681846FFF7A9FF009B5B68B3F1FF3FFD
:1064E00005D0009B5B6800211846FFF7AFFF019BBA
:1064F0001A68009B9B6919461046FFF716FF019B1F
:106500001868009B597D009B1B7D1A46FFF7F8FE1B
:10651000019B1868009B1968009B5B681A46FFF78F
:10652000C3FE009B1B7D012B22D1009B9B68B3F116
:10653000FF3F05D0009B9B6800211846FFF786FFB0
:10654000009BDB68B3F1FF3F09D0009BDB68184676
:10655000FFF791FF009BDB681846FFF766FF019B82
:106560001868009BD968009B9B681A46FFF7ABFE32
:1065700000BF03B05DF804FB00B583B001900B468B
:106580008DF80330019B1B684FF488711846FFF7A4
:106590001CFE019B1B684FF490711846FFF715FE17
:1065A000019B1B684FF492711846FFF70EFE019B8A
:1065B0001B684FF4A2711846FFF707FE019B1B688A
:1065C0004FF4AC711846FFF700FE019B1B680F49A2
:1065D0001846FFF73EFE019B1B681846FFF7CAFDF1
:1065E00003461A469DF8033019461046FFF7CAFDC8
:1065F000019B1B681846FFF7BDFD03461846FFF7D1
:10660000D6FD00BF03B05DF804FB00BF10034200DD
:1066100000B587B0039002910192039B1B791A4643
:106620001346DB0013449B00264A134404930023C3
:106630000593049B93F82030002B03D00823059387
:10664000059B3AE0039B1A68039B1B7919461E4B76
:1066500053F8213019461046FDF7BCFA0346002BCB
:1066600003D011230593059B27E002990398FFF7B8
:1066700020FF049B019A5A60029B1A69049B1A60CE
:10668000049B5B68002B05D0029B1B7F1946039877
:10669000FFF772FF039B1B681846FFF7FCFD049B86
:1066A00000229A61049B0022DA61049B00225A6155
:1066B000049B012283F82020059B184607B05DF853
:1066C00004FB00BF84120020E878030000B589B005
:1066D000039002910192039B1B791A461346DB003B
:1066E00013449B00434A134405930298FFF734FD7B
:1066F000034683F00103DBB2002B03D01023079382
:10670000079B73E0039800F077F80346002B03D053
:1067100011230793079B69E0059B019A5A61059B2A
:10672000029A9A6000230793039B1B684FF49071B1
:106730001846FFF74AFD039B1B684FF4AC711846DF
:10674000FFF743FD039B1868059B9968059B5B69F0
:106750001A46FFF7F4FD039B1B6808211846FFF754
:10676000C1FD059B5B68002B3FD1039B1B684FF469
:1067700090711846FFF73EFD03468DF81A30039BD3
:106780001B684FF4AC711846FFF734FD03468DF8D3
:106790001B309DF81A3083F00103DBB2002B06D0CA
:1067A0009DF81B3083F00103DBB2002BDDD19DF897
:1067B0001B30002B02D00F23079313E0039B1B68B1
:1067C0000C211846FFF78EFD00BF039B1B684FF49A
:1067D000AC711846FFF70EFD034683F00103DBB2F0
:1067E000002BF2D1059B00225A61079B184609B085
:1067F0005DF804FB8412002082B00190019B1B799C
:106800001946084A0B46DB000B449B001344143323
:106810001B68002B14BF01230023DBB2184602B013
:10682000704700BF8412002000B58BB00390029126
:106830000192039B1B791A461346DB0013449B000D
:106840006F4A134406930298FFF786FC034683F0D1
:106850000103DBB2002B03D010230893089BCAE08E
:1068600000238DF81F30069B5B68002B06D0039B2E
:106870001B684FF404711846FFF7F5FC069B9B69F3
:10688000002B15D0069BDB69002B0ED0069B5B68A6
:10689000002B06D0039B1B684FF404711846FFF7CA
:1068A000D8FC11230893089BA5E001238DF81F3025
:1068B0009DF81F3083F00103DBB2002B09D0069B4B
:1068C000019A9A61069B029ADA60069B0022DA61BD
:1068D00005E0069B029A1A61069B019ADA61002381
:1068E0000893039B1B684FF488711846FFF76DFCF3
:1068F000039B1B684FF4A2711846FFF766FC039BCD
:106900001B68019A02991846FFF730FD9DF81F3069
:1069100083F00103DBB2002B06D0039B1B68002130
:106920001846FFF7DFFC05E0039B1B682021184693
:10693000FFF772FC039B1B791946314A0B46DB00BB
:106940000B449B00134404331B68002B4BD1039B67
:106950001B684FF488711846FFF74CFC03468DF80E
:106960002730039B1B684FF4A2711846FFF742FCC7
:1069700003468DF81730039B1B684FF4927118463D
:10698000FFF738FC03468DF816309DF8273083F06A
:106990000103DBB2002B0DD09DF8173083F001030B
:1069A000DBB2002B06D09DF8163083F00103DBB27A
:1069B000002BCCD1039B1B791946114A0B46DB00F7
:1069C0000B449B001344183300221A609DF81630C4
:1069D000002B01D0032308939DF81730002B09D01A
:1069E0000F23089306E0039B1B684FF404711846BD
:1069F000FFF72FFC089B18460BB05DF804FB00BFA7
:106A00008412002000B589B0039002910192012305
:106A10008DF81030029B0693019B0593039B5B68E6
:106A2000039A116804AA1046984700BF09B05DF8A0
:106A300004FB00B587B00190009100238DF8083069
:106A4000009B0493019B9B680393019B00225A6166
:106A5000019B5B68019A116802AA1046984700BF23
:106A600007B05DF804FB00B589B0019000914FF4C8
:106A700092710198FFF7BEFB0346002B22D04FF422
:106A800092710198FFF7A1FB02238DF8083001985D
:106A9000FFF7F3FB034605930198FFF776FC0346E7
:106AA0000493009BDB680393009B00229A61009B88
:106AB0000022DA61009B5B68009A116802AA104606
:106AC00098473BE04FF488710198FFF793FB03462A
:106AD000002B33D04FF488710198FFF776FB0198B3
:106AE000FFF753FC0790009B9B69079A9A4225D1B8
:106AF000009BDB69002B17D0009BDB6806932021ED
:106B00000198FFF797FB009BDA69009B9A61009B55
:106B10001A69009BDA60009B0022DA61069A0799E5
:106B20000098FFF76FFF09E0009B00229A61009B2D
:106B3000DB681A4607990098FFF764FF4FF4A271CB
:106B40000198FFF757FB0346002B18D04FF4A271B2
:106B50000198FFF73AFB009B9B69002B0FD0009B2D
:106B600000229A61009B0022DA610198FFF70DFC78
:106B70000146009BDB681A460098FFF743FF4FF47D
:106B800090710198FFF736FB0346002B14D04FF4A9
:106B900090710198FFF719FB0C210198FFF7A2FBF8
:106BA000009B5B69002B07D00198FFF7D7FB0346DA
:106BB00019460098FFF73DFF4FF4AC710198FFF7BD
:106BC00019FB0346002B10D04FF4AC710198FFF76E
:106BD000FCFA009B5B69002B07D00198FFF7BEFB16
:106BE000034619460098FFF724FF00BF09B05DF87F
:106BF00004FB000008B503490348FFF734FF00BF5A
:106C000008BD00BF841200200020004000B589B0FC
:106C100001900091009B0793019B1B788DF80C302D
:106C2000019B5B680493019B9B68DBB28DF8143079
:106C3000019BDB680693074A079B52F823300649FD
:106C4000079A51F8221003AA1046984700BF09B0CE
:106C50005DF804FBA8120020B012002000B589B036
:106C600001900091009B0793019B1B788DF80C30DD
:106C7000019B5B680493019B9B68DBB28DF8143029
:106C8000019BDB680693074A079B52F823300649AD
:106C9000079A51F8221003AA1046984700BF09B07E
:106CA0005DF804FBA8120020B012002030B58FB0B0
:106CB000039002910192039B1B780C9326490C9B35
:106CC000019A41F82320029B1A6924490C9B41F840
:106CD0002320029B5B7F1946214A0C9B13440A46E2
:106CE0001A70029B04AC1D460FCD0FC495E80F002F
:106CF00084E80F000C9B089300230D93039B1B78E3
:106D00001A46174B9B5C002B0DD0039B181D019B53
:106D1000002B01D0134A00E0002204AB1946FFF714
:106D200077FC0D9014E0039B1B781A460C4B9B5C80
:106D3000002B0DD1039B03F10C00019B002B01D014
:106D4000094A00E0002204AB1946FEF73FFE0D9011
:106D50000D9B18460FB030BDA8120020B0120020C5
:106D6000B81200200D6C02005D6C020000487047F4
:106D70001013002053EA020C61D02DE9F04BB3FA56
:106D800083F51E0007BFB2FA82F502FA05F403FA92
:106D900005F41646C5F120051EBF22FA05F73C434F
:106DA000203556EA044C4FEA144418BF0134A34678
:106DB0004FF00009C846904271EB030C39D30942E9
:106DC00007BFB0FA80F700FA07F6B1FA81F701FAC7
:106DD00007F6C7F120071EBF20FA07FC46EA0C069B
:106DE0002037B6FBFBFC7F1B103F07F01F04C4F1EC
:106DF00020060CFA04F42CFA06F644BF34460026AA
:106E0000202FA4BF2646002454EA060C08BF012404
:106E100018EB040849EB0609A4FB027CC01B06FB27
:106E200002CC04FB03CC71EB0C01904271EB030C20
:106E3000C5D20B46024649464046BDE8F08BB2FB40
:106E4000F3F200007F2805D8034B185C034B5B5C12
:106E50001840704700207047F878030078790300E5
:106E6000A0F16103192B98BF20387047A0F14103AE
:106E7000192B98BF203070477F2805D8034B185C2A
:106E8000034B5B5C1840704700207047F8780300A4
:106E900078790300A0F16103192B98BF203870475F
:106EA000A0F14103192B98BF203070477F299ABF6A
:106EB000017001206FF02E0070475AB10A787F2AC6
:106EC0000AD800B10260002119605960501A18BF39
:106ED00001207047002070476FF02E0070470000BF
:106EE00070B5041E06DB002C1DDD002600200F49B6
:106EF0000F4D06E064420126F8E764100835002CC7
:106F000007DD14F0010FF8D0D5E9002301F008FDEA
:106F1000F3E72EB102460B460020044901F09CFD28
:106F200041EC100B70BD00200049F9E70000F03F74
:106F3000587B030010B504460846A2684AB123688E
:106F4000616803F1010C8C4508BF00208B4208D218
:106F5000D054E3682BB121686268914201D2214686
:106F6000984723680133236010BD70B54C1E09D4C7
:106F70001646C5B229463046FFF7DCFF013CB4F1A6
:106F8000FF3FF7D170BD10F0100F08D108B510F415
:106F9000007F14BF30202020FFF7E7FF08BD7047B7
:106FA0000028B8BF4042704708B5034B5B689B6838
:106FB0001B68984708BD00BF6400002008B5072182
:106FC000FFF7F2FF08BD08B50621FFF7EDFF08BD8A
:106FD00008B50421FFF7E8FF08BD38B504460D46A3
:106FE000FFF7F6FF30B1A4F13000A842A8BF4FF080
:106FF000FF3038BD2046FFF7E6FF10B1A4F157007F
:10700000F3E72046FFF7DAFF10B1A4F13700ECE711
:107010004FF0FF30E9E708B50821FFF7C5FF08BDCD
:1070200000B5FFF7A3FE024B18445DF804FB00BF58
:107030000C0000002DE9F04F83B001908B46924682
:107040000446264614F8015BE5B12846FFF7E3FF46
:107050000028F6D1302D15D1B31C257805F0DF02BC
:10706000582A06D0BAF1000F4ED14FF0010A082677
:1070700006E03AF0100243D1A31C65789246102630
:107080001C4603E0BAF1000F1CD10A264FF000089D
:107090004746C14631462846FFF79FFF002815DBCB
:1070A00008FB06084FEA184307FB06371FFA88F863
:1070B000B7F5803F28BF4FF0010914F8015B4FF08E
:1070C000010AE7E756464FF0000ADFE7BBF1000F81
:1070D00007D0BAF1000F01D0631E0193019BCBF8DA
:1070E0000030B9F1000F04D148EA074003B0BDE811
:1070F000F08FFFF795FF222303604FF0FF30F5E795
:1071000056464FF0010ABBE756464FF0010AB7E773
:1071100038B5204B204A9B1A102B39D9044601F070
:10712000D7FA04F1130020F00F021C4B186858B373
:107130004FF0FF340025294611E041B103680B6090
:10714000044644F8042B01F0C4FA204638BD016817
:10715000124B1960F4E70368014653B118464368BF
:107160009342EAD09342F6D9A3423CBF1C4605465F
:10717000F1E74DB16B689B1A6B60A31AEC18EA50EB
:1071800001F0A7FA0434E0E701F0A3FA0024DCE7F9
:107190000024DAE734330020341300207800002084
:1071A0000CB400B587B008AA52F8043B05920390CE
:1071B000002004900291194601A800F015FA07B0CA
:1071C0005DF804EB02B07047037833B1CAB29A425B
:1071D00008D010F8013F002BF9D111F0FF0F18BFB4
:1071E000002070477047D2B110B51446012A12D062
:1071F0000A460346204400F1FF3E1146184613F8A4
:10720000014B44B1013291F800C0A44503D11846A6
:1072100011469E45F1D100780B78C01A10BD0020B0
:107220007047BAB100B59446013903469E4611F83D
:10723000012F03F8012B22B1BCF1010CF6D15DF84E
:1072400004FBBCF1010FFAD9F44403F8012B6345A8
:10725000FBD1F4E77047037853B159B101440346B9
:1072600013F8012F12B18B42FAD10B46181A70474E
:107270000346FBE70346F9E770B50D46044660B1E7
:10728000217841B12846FFF79FFF034650B114F81B
:10729000011F0029F6D1002320E0FFF767FD104B06
:1072A0001C58EDE72178C9B126462846FFF78CFF28
:1072B00048B916F8011F0029F7D1FFF757FD084B11
:1072C0001E5023460AE03378002BF6D0002306F840
:1072D000013BFFF74BFD024B1E502346184670BD85
:1072E000080000002DE9F04782B0804689469246AA
:1072F0000446274614F8015B55B32846FFF78BFE7A
:1073000006460028F5D12B2D15D1524601A920465D
:10731000FFF790FE0346B9F1000F2CD0019AA2426C
:1073200008BF4246C9F800202EB3002B1CDB584290
:1073300002B0BDE8F0872D2D0AD1524601A92046A2
:10734000FFF778FE0346B9F1000FEED00126E5E71E
:10735000524601A93846FFF76DFE0346B9F1000F0A
:1073600009D03C460026D9E7FFF75AFE22220260E8
:107370004FF00040DCE71846002BD9DAFFF750FE4B
:10738000222303606FF00040D2E738B50446FFF7D0
:1073900047FE05680A2200212046FFF7A3FF0446A6
:1073A000FFF73EFE0560204638BD2DE9F04F83B063
:1073B000814688469246FFF733FED0F800B04C462F
:1073C000274614F8015B7DB32846FFF724FE0646E6
:1073D0000028F5D12B2D03D02D2D08BF012623D158
:1073E000FFF71EFE00230360524601A92046FFF767
:1073F00021FE0546B8F1000F05D0019BA34208BF4E
:107400004B46C8F80030FFF70BFE0368222B07D06D
:10741000FFF706FEC0F800B016B1002D07DB6D4285
:10742000284603B0BDE8F08F3C460026D8E7FFF7BA
:10743000F7FD222303604FF0FF35F1E7844640EA71
:10744000010313F0030F18D18446202A0BD32DE932
:10745000F007B1E8F807A0E8F807A2F12002202A17
:10746000F7D2BDE8F007042A07D351F8043B40F8EF
:10747000043BA2F10402042AF7D2002A05D011F835
:10748000013B00F8013B013AF9D160467047844660
:10749000002A2DD010F0030F04D000F8011B013A90
:1074A00026D0F7E7C9B241EA012141EA0141202A89
:1074B00012D3A2F120022DE9F0030B460C460D4633
:1074C0000E460F4688468946A0E8FA03203AFBD2CA
:1074D000BDE8F00320320BD0042A05D340F8041B8A
:1074E000043A05D0042AF9D200F8011B013AFBD175
:1074F00060467047024610F0030F16D111F0030FDB
:1075000013D12DE9F0004FF001374FF0803351F8DF
:10751000044BA4EB070525EA04051D4002D142F8FF
:10752000044BF4E7A1F10401F0BC11F8013B02F8AF
:10753000013B002BF9D1704710F0030F19D111F066
:10754000030F16D12DE970004FF001364FF0803354
:1075500050F8044B51F8045BAC4205D1A4EB06058E
:1075600025EA04051D40F3D0A0F10400A1F10401B7
:1075700070BC10F8012B11F8013BD21A01D1002B7D
:10758000F7D11046704700F1010110F0030F11D040
:1075900010F8012B002A23D010F0030F0AD010F8A6
:1075A000012B002A1CD010F0030F03D010F8012B80
:1075B000002A15D02DE970004FF001324FF08033D2
:1075C00050F8044BA4EB020525EA04051D4000D148
:1075D000F6E7A0F1040070BC10F8012B002AFBD1E3
:1075E000A0EB0100704700002DE9F04F2DED088B56
:1075F00093B082460992002303600C4614F8011BE5
:10760000002900F0E9879FED9C9B9FED9DBB9FEDBE
:107610009EAB4F4600F0D2BF002507E05E2869D13F
:1076200045F4805501E045F040051C46234613F81B
:10763000010B3028F2D81F2837D9A0F12002102AD8
:1076400033D801A151F822F027760200AB76020070
:10765000AB7602008D760200AB760200AB760200BC
:10766000AB76020093760200AB760200AB760200A6
:10767000AB76020099760200AB7602009F7602009C
:10768000AB760200AB760200A576020045F08005DD
:10769000CBE745F40045C8E745F02005C5E745F0D0
:1076A0001005C2E745F40075BFE72A2822D1099AE0
:1076B000111D09911268002ABCBF524245F0100505
:1076C0001878A31C22EAE27204922E2827D0002602
:1076D000742848D07A2846D06A2800F0C5806C28E3
:1076E00000F0D6804C2800F0E180682800F0EF80A0
:1076F0009B463BE0A0F13002D2B2092A88BF0022AB
:10770000E0D8002202EB8202303800EB420213F88C
:10771000010BA0F13001C9B20929F3D9D2E71878D9
:107720002A280AD1099A111D09911668587802333E
:10773000002ECDDB45F48075CAE70133A0F130029D
:10774000D2B2092A88BF0026F4D8002606EB8606A6
:10775000303800EB460613F8010BA0F13002D2B22C
:10776000092AF3D9E4E79B461BF8010B782800F2BD
:10777000A080DFE810F043079E009E009E009E0060
:107780009E009E009E009E009E009E009E009E0009
:107790009E009E009E009E009E009E009E009E00F9
:1077A0009E009E009E009E009E009E009E009E00E9
:1077B0009E009E009E009E009E009E009E009E00D9
:1077C000BA009E009E009E009E009E009E009E00AD
:1077D0009E009E009E009E009E009E009E009E00B9
:1077E0009E009E009E009E009E009E009E009E00A9
:1077F0009E009E009E009E009E009E009E009E0099
:107800000B0226022B029E009E009E009E009E0000
:107810009E009E009E009E009E009E009E009E0078
:107820009E009E009E004E019E009E009E009E00B7
:107830009E009E009E009E009E009E00C000A4012F
:107840000D0228022D029E00A4019E009E009E00B3
:107850009E00D100900128019E009E00EC009E0039
:107860009C019E009E00500145F002059B461BF8BE
:10787000010B7BE7AFF30080000000000000E03F59
:107880000000000000005940A0C8EB85F3CCE17F68
:1078900018786C2804D003F1010B45F0010565E769
:1078A00045F0020503F1020B58785FE745F001054A
:1078B0009B46B24B1C68002C00F07C8609AB019300
:1078C0000096049B2A465146A04700F073BE1878E4
:1078D000682804D003F1010B45F0040546E745F0A4
:1078E000080503F1020B587840E725215046FFF7C1
:1078F00021FB00F05FBE099B1A1D09921C78049BB6
:1079000003F1FF38524641462846FFF73CFB21462B
:107910005046FFF70FFB47E015F0080F08D0DAF8E4
:107920000020099B191D09911B681A7000F042BEC6
:1079300015F0020F099B03F1040209921B68DAF8A3
:1079400000201A601CBF00225A6000F033BE099B61
:107950001A1D09921B6802932B468948029A002A35
:1079600018BF1046029023F4007513F4807F26D0D0
:107970003146FFF770FC0446049BA3EB0408524613
:1079800041462846FFF7FFFA671E6CB1DDE9026742
:107990003346013619785046FFF7CCFA013CF7D14F
:1079A000CDE902674FF0FF3715F0100F00F00286A7
:1079B000524641462020FFF7D8FA00F0FBBDFFF702
:1079C000E2FD0446D8E709990B1D09930A680023D4
:1079D00010461946CDE9020115F0800F18BF232388
:1079E000059345F480750826DDE90278394642465C
:1079F00043463B4300F0BB850BAF002405F4005C1D
:107A0000DFF88081DFF880E16346AC461D4600F078
:107A100061BD45F4005515F0800F08D043F278029F
:107A200043F25803782818BF1A46059201E0002354
:107A3000059315F4807F01D025F4007515F4804F6F
:107A400064D015F0020F42D0099B073323F00703DF
:107A500003F108020992D3E90034CDE9023415F0AC
:107A6000040F3FD0DDE9022314B242F3C0312246B5
:107A70000B46CDE90223DDE902784246002A3BDAD3
:107A80007B421C4668EB480122460B46CDE90223A7
:107A90002D23059352E015F0800F0CBF00233023F7
:107AA000059315F4807FC9D025F40075C6E715F459
:107AB000807F09D025F4007500230593BEE745F4C7
:107AC000804500230593B9E700230593B6E7099B9A
:107AD0001A1D09921B681C46D91722460B46CDE990
:107AE0000223BCE715F0080FC5D09DF8084000211F
:107AF00022460B46CDE9022315F0200F3BD115F0AD
:107B0000400F059B18BF2023059317E015F0020FC7
:107B10001CD0099B073323F0070303F108020992E5
:107B2000D3E90034CDE9023415F0040F18D0BDF8C4
:107B30000840002122460B46CDE9022315F4807F40
:107B400000F0448425F4007500F041BC099B1A1D27
:107B500009921C68002122460B46CDE90223E3E787
:107B600015F0080FEAD09DF80840002122460B4688
:107B7000CDE90223E2E72B230593DFE7BC120020C7
:107B8000A07B03002C7B03003C7B030045F40055E5
:107B900045F48068099B073323F0070303F10802CB
:107BA000099293ED008B8DED028B18F4807F12D03B
:107BB00096B908F44066B6F5406F14BF002601265A
:107BC0000AE045F4005545F40068E3E745F4005544
:107BD00045F44068DEE70626B0EE480AF0EE680A93
:107BE00001F0FCF8002840F0CB80B0EE480AF0EE3F
:107BF000680A01F0FDF80890002840F0DE80B0EE41
:107C0000480AF0EE680A01F0FDF860B148F060083B
:107C10008DED068A18EE903A03F100430793DDE9F3
:107C20000634CDE90234DDE9024511A845EC104BDC
:107C300001F0F6F8119B03EB4303B64A82FB0312F3
:107C4000DB17C3EBA2031193002200232046294631
:107C500001F006F8002800F0BC8008F440630593AA
:107C6000B3F5806F0AD0B3F5406F40F03282119BBC
:107C7000B34203DA13F1040F80F22B821198B0F5AE
:107C80009A7F40F0C28053EC1A2B2046294600F020
:107C9000E3FECDE90201DDE9024500220023204692
:107CA000294600F0DDFF002848D145EC104B01F0DB
:107CB00095F8002840F0B5800022974B20462946D1
:107CC00000F0E8FFC0B1119B03F10109CDF8089065
:107CD0000022914B2046294600F0BEFE04460D4688
:107CE00009F1010900228C4B00F0D4FF0028EDD1EE
:107CF000029B1193CDE90245DDE902450022874B45
:107D00002046294601F000F8C0B1119B03F1FF396C
:107D1000CDF808900022804B2046294600F000FE56
:107D200004460D4609F1FF3900227C4B00F0ECFFC0
:107D30000028EDD1029B1193CDE90245002E00F001
:107D40006684059BB3F5406F00F088807042FFF7B2
:107D5000C7F851EC100B53EC192B00F0E1FDDDE9F5
:107D6000022300F0B7FC04460D46CDE9024500228F
:107D7000694B00F08FFF002800F06F8400F05FBCBB
:107D80000022002351EC180B00F0BEFF68B918F474
:107D9000005F634B634A08BF134618F0200F08BF0B
:107DA0000133029328F48073D7E518F4005F5E4A2C
:107DB0005E4B18BF13460293F4E718F4005F5C486B
:107DC0005C4B08BF184628F48073CBE5119B013348
:107DD000119311980130FFF783F853EC102B2046D4
:107DE000294600F075FF0028F0D102E0119B013B0D
:107DF00011931198FFF774F853EC102B2046294685
:107E000000F082FF0028F1D127E74042FFF768F831
:107E100053EC102B2046294600F082FDCDE90201EB
:107E200039E7002200232046294600F06DFF68B99B
:107E300018F4005F3A4B3B4A08BF134618F0200F76
:107E400008BF0133029328F4807386E518F4005FBD
:107E5000354A364B18BF13460293F4E706F1FF3953
:107E6000C6F10100FFF73CF851EC100B53EC192B55
:107E700000F056FDDDE9022300F02CFC04460D461F
:107E8000CDE902450022244B00F004FF08B14E4624
:107E9000D5E34E46DEE3102EA8BF1026DDE90245ED
:107EA0003046FFF71DF853EC102B2046294600F012
:107EB00037FD00F045FF8146059151EA00030BD1E3
:107EC00028F400630593049BA3F1050918F08003CF
:107ED00040F0D1830893D0E30A220023FEF74AFF43
:107EE000134340F0C0830A240025013E22462B465E
:107EF00048460599FEF73EFF81460591002EDFD0EA
:107F000022462B46FEF736FF1343EED0ABE30126A5
:107F10001FE000BF67666666000024400000F03F77
:107F2000B87B0300C07B0300A87B0300B07B030089
:107F3000C87B0300CC7B03000022C34BDDE90201B8
:107F400000F0EEFCCDE90201013C119409F1FF398A
:107F50000226089B23EAE373089318F0600F18BF0A
:107F600009F1FF391198FFF71BF86328C8BF09F121
:107F7000FF39DDE902783846414600F0E1FE04466B
:107F80000D4600F0FDFE02460B463846414600F025
:107F9000C3FCCDE9020129EAE977059B13F4047FCC
:107FA00000F05A81059B13F0200F00F0638113F05D
:107FB000400F14BF2D212B215046FEF7BBFF059B20
:107FC00013F0100F00F0608106F10053013B9F4A4F
:107FD00002EBC3084FF03009013ED8F80030D8F862
:107FE00004C0A8F108089C4275EB0C02C0F059814E
:107FF00049460131C9B2E01A65EB0C020446154648
:10800000984272EB0C02F4D25046FEF793FF002E1A
:10801000E2D1059B13F4006440F04581089B002BDE
:1080200040F05081059B13F0800F40F0EA82059BE1
:1080300013F4806F2FD013F4005F14BF4521652126
:108040005046FEF777FF119B002BC0F2A1812B2138
:108050005046FEF76FFF1199632900F3A181119932
:108060007B4C84FB0132C917C1EBA2013031C9B28C
:108070005046FEF75FFF119B84FB0324D917C1EB29
:10808000A40101EB8101A3EB410303F13001C9B26B
:108090005046FEF74FFF002F00F08C822024013F56
:1080A00021465046FEF746FF002FF8D182E253ECFE
:1080B0001B2BDDE9020100F033FCCDE90201023C9B
:1080C0001194A9F10209032643E73E4641E7012640
:1080D00043E718F4806F2FD0119B0E2B2DDC01335A
:1080E000F21A102AA8BF1022089218F0800F24D18B
:1080F000B34222D016463046FEF7F2FE53EC102B68
:108100002046294600F00CFC53EC192B00F0E2FA53
:1081100041EC100B00F034FF9FED491B00F084FF91
:1081200051EC100B0022002300F09AFD002866D0CD
:10813000013EE0D1089600E0089628F4806305939C
:10814000119B089A5042A3F10F028242C8BFA3F1CB
:108150001000FEF7C5FE4FF0FF3000F089FE53EC33
:10816000102B2046294600F0B5FACDE90201DDE9E1
:10817000026711980130FEF7B3FE53EC102B304626
:10818000394600F087FD10B1119B0133119311980E
:1081900000284CDB102834DC3046394600F0D0FD96
:1081A00004460D4600F0ECFD02460B4630463946CB
:1081B00000F0B2FBCDE90201002311930A2C75F106
:1081C000000339D3234B0126013653F8081F5A68A0
:1081D0008C4275EB0202F7D208998B19119A13445D
:1081E000049AA2EB030908F080030B4318BF09F1BE
:1081F000FF3918F0600F18BF09F1FF39CBE6089678
:108200009BE7A0F110031193C0F11000FEF768FE88
:1082100053EC102B3046394600F082FB00F090FD05
:1082200004460D4600220023CDE90223C6E70025BF
:1082300011952C460126CFE70126CDE7AFF300804C
:10824000000000000000244000002440D07B030018
:1082500067666666D87B0300B9F1000F7FF7A2AEB0
:108260004FF02008013F41465046FEF763FE002FC5
:10827000F8D197E6059B13F0400F3FF4A0AE202104
:108280005046FEF757FE9AE6002F3FF49DAE4FF0A2
:108290003008013F41465046FEF74CFE002FF8D112
:1082A00092E64946B0E6119B002B7FF7B7AE30252A
:1082B000013B119329465046FEF73CFE119B002BD3
:1082C000F6DCABE62E215046FEF734FE089E102E5B
:1082D000A8BF102626EAE676089BA3EB0608D4B1D1
:1082E000DDE902451198301AFEF7FAFD53EC102B28
:1082F0002046294600F014FB00F022FD04460D46FE
:10830000C6B3DFF8C89306F10056013E09EBC60676
:10831000CDF810B01FE0DDE902453046FEF7E0FD84
:1083200053EC102B2046294600F0FAFA00F008FD25
:1083300004460D46E4E70131C9B2E01A65EB0C02D0
:1083400004461546984272EB0C02F4D25046FEF7F2
:10835000F1FDCB450CD03368D6F804C0B346083ED7
:108360009C4275EB0C0201D33021E4E73021EDE7AC
:10837000DDF810B0B8F1000F3FF459AE3024454697
:10838000013D21465046FEF7D5FD002DF8D14EE6C1
:108390002D215046FEF7CEFD119B5B4211935AE60C
:1083A000C74C84FB0132C917C1EB62113031C9B22D
:1083B0005046FEF7BFFD119B84FB0324DA17C2EB86
:1083C0006414642202FB1433119348E601265838E2
:1083D000202800F2B38001A353F820F0E9790200CD
:1083E0003D8502003D8502003D8502003D8502007D
:1083F0003D8502003D8502003D8502003D8502006D
:108400003D8502003D8502003D8502009584020005
:108410003D8502003D8502003D8502003D8502004C
:10842000958402003D8502003D8502003D850200E5
:108430003D8502003D85020061840200E979020069
:108440003D8502003D8502003D8502003D8502001C
:10845000958402003D8502003D850200E979020015
:10846000DDE902783A46414643463B4308BF0024D3
:1084700065D00BA8002402F00703303300F8013B5D
:108480000134D30843EA4173CF081A4639463B43C7
:10849000F1D154E0DDE902120F46904613460B433A
:1084A00008BF00244BD0002405F40043CDF820B0D1
:1084B000AB461D4630E001F00F0318F8033007F813
:1084C000013B01340B0943EA0273100919460246C5
:1084D000034306D0002DEED001F00F031EF8033049
:1084E000EDE765462BE012AB03EB04090A220023FB
:1084F00038464146FEF73EFC303209F81C2C013468
:108500000A22002338464146FEF734FC0A2F78F150
:1085100000030FD307468846002DE4D004F0030380
:10852000032BE0D112AB23444FF02C0203F81C2C98
:108530000134D8E75D46DDF820B000E00024361BAA
:1085400026EAE676049BA3EB0608A8EB0408059B45
:10855000FF2B0ED9A8F10208C3F307215046FEF7FE
:10856000E9FC9DF814105046FEF7E4FC05E00024F9
:10857000E5E7059B002B40F09F8052464146284688
:10858000FEF701FD524631463020FEF7EEFC671E35
:108590000DD40BAF013C3C44217826465046FEF7F3
:1085A000C9FCA74204F1FF34F6D14FF0FF3715F0B4
:1085B000100F0BD15C4614F8011B69B125293FF45B
:1085C0002BA85046FEF7B6FCA346F3E752464146B9
:1085D0002020FEF7CAFCEDE7DAF808303BB1DAF804
:1085E0000020DAF804108A423CBF00219954DAF8DE
:1085F000000013B0BDEC088BBDE8F08F4FF0FF30EA
:10860000F7E72E215046FEF795FC089E64E6002011
:10861000FEF766FC51EC100B53EC192B00F080F9BF
:10862000DDE9022300F056F804460D46CDE9024587
:108630000022244B00F02EFB00283FF441AC119B9C
:108640000133119300221F4B2046294600F004FA03
:10865000CDE90201002E3FF433AC08F40863B3F512
:10866000006F3FF418AC28F400630593731D049A5F
:10867000A2EB0309089609F1FF3918F4805F3FF473
:1086800026AD119C104B83FB0423A3EBE47303EB97
:108690004303E31A0233042B3FF617AD01A252F84D
:1086A00023F000BF397F0200AF8002000F7F02007D
:1086B000397F0200AF80020008F1FF3851E700BFA8
:1086C0001F85EB510000244056555555D07B0300C3
:1086D0007047704730B591EA030F00F18480841A27
:1086E00071EB030C05D2121953EB0C03001B71EB59
:1086F0000C0140F2000CCFF6E07C1CEA430F54D092
:10870000BCEB410F61D90C0DA4EB135E31EA0C01F7
:1087100041F4801133EA0C0343F48013DEF1200CA2
:108720002AD303FA0CF5401941F1000122FA0EF5A3
:10873000401923FA0EF5694112FA0CF2CD0208D362
:1087400049085FEA30005FEA320228BF42F00102C6
:108750000134013C5FEA500C72F1004250F100001C
:1087600051EB04514FF4001313EB410F38BF30BDF0
:10877000090D0905002030BDBEF1200EBEF1200F0D
:108780001ED223FA0EF5401941F10001CEF1200C62
:10879000124218BF012203FA0CF52A43CEE711EA70
:1087A0005C0F04BF0020002130BD1CEA410F04BF54
:1087B00001F00041002030BD01F00041002030BD3B
:1087C00021F4801101EB045130BD004218BF41F08B
:1087D0000101BCEB410F08BF30BD4FF0FE4141F439
:1087E0007801002030BD83F00043841A71EB030E42
:1087F00007D28EF0004E001B71EB0E01121953EBE5
:108800000E0340F2000CCFF6E07C1CEA430FC6D00A
:10881000BCEB410F72D90C0DA4EB135EC90241EA07
:108820005051C00241F00041DB0243EA5253D202F0
:1088300043F00043DEF1200C41D312FA0CF522FA8A
:108840000EF203FA0CF542EA050218BF42F00102EB
:1088500023FA0EF3801A9941E30AC4F30A0411F0D3
:10886000404F03D418D0013C40004941013C23D47F
:108870004205C00A40EA4150C90A51EAC3715FEAA1
:10888000500C72F1004250F1000051EB045130BD28
:1088900001002FD00020203C0029F9D0B1FA81FC42
:1088A000DCF1200E11FA0CF130FA0EF510FA0CF092
:1088B0002943A4EB0C04D9E70020D90730BDAEF161
:1088C000200EBEF1200F0DD2CEF1200C03FA0CF5D4
:1088D00033FA0EF32A4318BF43F00103C01A61F1C3
:1088E0000001B9E721F00041C00A40EA4150C90A3D
:1088F00001EB045130BD0020002130BD004218BF03
:1089000041F00101BCEB410F7FF467AFBCEB430FBB
:108910003FF463AF30BD00BF83F00043FFF7DABE22
:10892000F0B540F2FF7681EA030C16EA115E1EBF35
:10893000B64516EA1355B5425AD021EA465141F4DC
:108940008011A1FB024723EA465343F48013AE444F
:10895000A0FB03650CF0004C36197D41A1FB0347D9
:1089600047F10003A0FB0217F619654153F100031C
:10897000094218BF46F0010640F2FE74B3F5007FCD
:1089800013D2AEF5806EA6452BD24CEA03312803F4
:1089900041EA155140EA16503203450872F100428F
:1089A00050F1000051EB0E51F0BDAEF2FF3EA64576
:1089B00017D24CEAC321E80241EA555140EA565029
:1089C000F202450872F1004250F1000051EB0E51E5
:1089D000F0BD0CF0004141F0FE4141F47001002077
:1089E000F0BD1EEA0E0FF4D50CF000410020F0BDE2
:1089F00016EA115F04BF01F000410020004218BFD9
:108A000041F0010116EA135F04BF03F000430022A6
:108A1000124218BF43F0010306EA1354B44218BFD0
:108A20009EEA060F03D00CF000410020F0BD21F0BB
:108A3000004123F00043B1EB065F06D8B3EB065FBD
:108A400003D8002918BF002BC3D140F20001C7F69C
:108A5000F8710020F0BD00BF2DE9F04391EA030E4C
:108A60000EF0004E40F20007CFF6E07717EA41051E
:108A70001EBF95EA070F17EA430595EA070F00F0B6
:108A8000A1807F0D17EA135623EA475343F480135E
:108A900017EA115521EA475141F48011AD1B05F247
:108AA000FD354FEAD31C1CF1010C4FF00047B7FB1A
:108AB000FCF77F01A2FB079C0024E3FB07C4DCF169
:108AC000000CD9F100097CF1000CA0FB076200202A
:108AD000E1FB072000275FEAC628E0FB0987760D47
:108AE00046EAC226520DF61900277A41E0FB0C62D5
:108AF0005FEAC823E2FB09375FEA585848EAC6280C
:108B0000760D18EB070800214E41E2FB0C8602EBC4
:108B1000C020DA02E6FB09215B0D43EAC8235FEAC5
:108B200058585B18002758EB0708E6FB0C38D102B1
:108B3000E8FB0917520D42EAC3225B0DD219002748
:108B40007B41E8FB0C2308EBC6265FEAC128E3FB68
:108B50000987490D41EAC221520DC91942F10002AB
:108B6000E3FB0C12470019EB08095CEB010C72EBFC
:108B7000040453EBC62047EB56530026B3F5000F11
:108B80007641AD190236D6F1200910FA09F4F04009
:108B900013FA09F21043F340E40F001943F1000304
:108BA000B3F5001F24BF5B08013540F2FE77BD42DC
:108BB00004D24EEA05511944BDE8F0832D4224D574
:108BC000714626E0004218BF41F00101124218BF71
:108BD00043F00103B7EB410F2CBFB7EB430F1BE092
:108BE000B7EB410F04BFB7EB430F15E017EA410F96
:108BF00004BF17EA430F0FE017EA410FE0D017EA6E
:108C0000430F02D0B7EB430FDAD04EF0FE4141F4F0
:108C100070010020BDE8F08340F20001C7F6F87152
:108C2000F7E700BF4FF4001C1CEB410F98BF1CEB93
:108C3000430F11D851EA030C50EA4C0C5CEA020CC9
:108C40000CD004D282428B41804101307047904267
:108C500099418041013070470020704701207047E2
:108C60004FF4001C1CEB410F98BF1CEB430F0CD8BA
:108C700050EA410C08BF52EA430C08D0904208BFAA
:108C800099420CBF0120002070470020704701204E
:108C9000704700BF4FF4001C1CEB410F98BF1CEB4A
:108CA000430F11D851EA030C50EA4C0C5CEA020C59
:108CB0000CD004D2904299418041013070478242E9
:108CC0008B41804101307047002070470120704780
:108CD0004FF4001C1CEB410F98BF1CEB430F11D845
:108CE00051EA030C50EA4C0C5CEA020C0AD004D2A4
:108CF00082428B418041404270479042994180417D
:108D000040427047002070474FF4001C1CEB410F9D
:108D100098BF1CEB430F11D851EA030C50EA4C0CDE
:108D20005CEA020C0AD004D2904299418041404250
:108D3000704782428B41804140427047002070471B
:108D40000A15C90241EA5051C00241F0004140F207
:108D50001E439A1A08DA20320DD4D141D04048403F
:108D60009140D14048407047202A28BF202231FA44
:108D700002F0002170476FF000010846704700BF05
:108D8000F9B140F23D42B1FA81F3D21AC3F1200C9D
:108D900030FA0CFC9840994051EA0C0183054FEAE7
:108DA000D02040EA41504FEAD12101EB025138BFB7
:108DB0007047013041F100011B4208BF20F0010063
:108DC000704748B140F21D42B0FA80F3D21A984081
:108DD000C10A400501EB0251704700BF51EC100B76
:108DE0000128494111F5001F0CBF012000207047E8
:108DF00051EC100B0128494111F5001F8CBF0120D7
:108E00000020704751EC100B01F00040704700BF8C
:108E100051EC100B21F0004141EC100B704700BFEA
:108E20002DE9F04155EC104B8046002210EE100A5F
:108E30000023294610EE106AFFF712FF30B100231D
:108E400045EC104BC8F80030BDE8F08125F0FF4339
:108E500023F4E00343F07F57C5F30A5347F40017A8
:108E6000A3F2FE3347EC106BC8F80030BDE8F08188
:108E70002DE9704355EC104B0646002210EE100A07
:108E80000023294610EE108AFFF7EAFEB0B9C5F3B9
:108E90000A53334440F2FE72934213DC002E01DB8E
:108EA000002B0FDB002B09DD25F0FF4222F4E0024E
:108EB00042EA035949EC108BBDE870839FED060B25
:108EC000BDE87083FEF7ACF8074B1B6803609FEDAD
:108ED000040BBDE8708300BF00000000000000002C
:108EE000000000000000F07F507B03002DE9F041FE
:108EF00055EC104B002600278046324610EE100A33
:108F00003B462946FFF7ACFE30BBC5F30A53A3F23C
:108F1000FF32002AAC46A64624DB332A28DC294649
:108F2000164D2046C2F120064FF0FF3405FA06F632
:108F3000D440A3F21F4325FA03F33443D5401C4326
:108F40002EEA04022CEA0503C8E90023FFF7E4FC3B
:108F500041EC100BBDE8F081C8E9006747EC106BED
:108F6000BDE8F081C8E9006745EC104BBDE8F08131
:108F7000C8E9004547EC106BBDE8F081FFFF0F002A
:108F800038B555EC104B10EE100A0022002329468C
:108F9000FFF766FE60BBC5F30A52A2F2FF3100295B
:108FA0002B46A4461FDB332922DC1D48C1F12005D6
:108FB0004FF0FF34CC4000FA05F5A2F21F4220FA30
:108FC00002F22C43144320FA01F223EA02012CEAB4
:108FD000040013400CEA0404234301D000290DDBF4
:108FE00041EC100B38BD002D05DB9FED090B38BDA2
:108FF00045EC104B38BD9FED080B38BD094B0022E6
:10900000FFF78AFC41EC100B38BD00BFAFF30080C6
:109010000000000000000000000000000000F0BFA1
:10902000FFFF0F000000F03F30B52DED028BB0EEDA
:10903000408AF0EE608A55EC114B85B011EE100AB3
:10904000002200232946FFF70BFE00287AD1B0EE5C
:10905000480AF0EE680AFFF7CBFE38B1B0EE480AD6
:10906000F0EE680A05B0BDEC028B30BD45EC104B4C
:10907000FFF7BEFE002870D151EC180B0022002330
:10908000FFF7EEFD0028E9D1B0EE480AF0EE680ADD
:10909000FFF7A4FE002866D145EC104BFFF79EFEBB
:1090A0000028DBD145EC104BFFF7B2FE55EC104B1E
:1090B00010EE102A2B4651EC180BFFF7CDFC41ECBB
:1090C000100B02A8FFF712FFDDE902232046294614
:1090D000FFF726FC02460B4651EC180BFFF71CFC71
:1090E0000022CDE90001002351EC180BFFF7F0FD41
:1090F0009DED000B002839D053EC102B204629465B
:10910000FFF790FD9DED000B38B151EC100B22469E
:109110002B46FFF701FC41EC100B51EC100B002229
:1091200000238DED000BFFF7EFFD9DED000B0028F8
:1091300098D051EC100B22462B46FFF7CBFA41ECAE
:10914000100B8FE7FDF76CFF1F4B9FED1D0B1B688E
:10915000036005B0BDEC028B30BD45EC104B05B093
:10916000BDEC028B30BD9FED160B7BE751EC100B75
:10917000224605F100438DED000BFFF753FD9DEDF9
:10918000000B38B151EC100B22462B46FFF7A2FA28
:1091900041EC100B51EC100B002200238DED000B65
:1091A000FFF796FD9DED000B00283FF45BAF51ECFF
:1091B000100B22462B46FFF7AFFB41EC100B51E79B
:1091C000000000000000F87F4C7B03002DE9F04315
:1091D00085B005461C4683685E69E2B102911FFABC
:1091E00082F8ADF80C804FF00009ADF80E90776B67
:1091F00002AB4A462021B847ADF80080ADF8029096
:10920000E368C3F380138DF80430776B6B464A46EE
:1092100037212846B847E36813F01D0F05D0776B58
:109220002346002205212846B8476368002B0CDB43
:10923000776B231D002210212846B847776B04F175
:109240000803002251212846B847766B04F10C032D
:10925000002204212846B04705B0BDE8F08330B5B0
:1092600083B002AB0024002563E90245826852699D
:10927000546B00225F21A047DDE9000103B030BD3F
:1092800010B583685B695C6B00231A460321A04715
:1092900010BD00002DE9F04784B0044683685D6985
:1092A000D1F808A00B6803934A6804AB43F8082D73
:1092B0006F6B00224F21B847074618B1384604B0FB
:1092C000BDE8F087A3685A6994F94C30002B3CDB69
:1092D000576B01AB002257212046B847A8BB9DF829
:1092E00007209DF806301B0443EA02639DF8042022
:1092F00013439DF8052043EA0223BAF1000F31D150
:1093000003F5783303F5207303934FF0010AA36844
:109310005F690DF1020300227B2120467E6BB0477E
:1093200094F94D30012B4ED094F94C30012202FAC1
:1093300003F3BDF8022022EA030204AB23F80E2D4A
:109340007F6B00226B212046B847BAF1000F4AD14B
:109350006D6B00231A461F212046A84707460028A8
:1093600050D1ABE7039AD31A98464FEAE3794FEA14
:109370004912580142EAD361C01A61EB09014B025C
:1093800043EAD053420212EB080043EB09018B0180
:1093900043EA90638201121A63EB010316461F46EB
:1093A000314A002316EB080047EB0901FDF7E2FC08
:1093B000B0F57F7FABDDA3685F69B0F57F70A8D0A3
:1093C000F5F752FFA5E794F94C3001229A40BDF819
:1093D00002301A4304AB23F80E2D7F6B00226B2161
:1093E0002046B847B1E76E6B03AB0022052120464B
:1093F000B047074630B96D6B002301221F2120467C
:10940000A847074694F94C30002BFFF657AFA368E6
:109410005D696E6B01AB00227B212046B04794F959
:109420004D308BB194F94C30012202FA03F3BDF8B0
:10943000042022EA030204AB23F80C2D6D6B0022FA
:109440006B212046A84739E794F94C3001229A4015
:10945000BDF804301A4304AB23F80C2D6D6B0022C9
:109460006B212046A84729E70098E00E10B582B08E
:109470000091ADF804200022ADF8062083685B69F6
:109480005C6B6B462121A04702B010BDF0B583B0E4
:109490000368002B37D01F4A13601E4B1B684268BD
:1094A0001A6082685A6000228DF803201B681C68CD
:1094B00001AB04220DF103010120A0479DF8073004
:1094C0009DF80610090441EA03619DF80430194330
:1094D0009DF8053041EA03210F4A104B9A4216D2FB
:1094E0000C4B1F6813464FF0FF3000260B4D1A68D7
:1094F0004A405C68224204BFBB6030461C33AB422A
:10950000F5D303B0F0BD034B054A1A60C5E74FF031
:10951000FF30F6E7C0120020BC690300106A0300A8
:10952000C412002010B582B0002102AB43F8041D24
:10953000044A106882681269D46A0A46A0470198F2
:1095400002B010BDC012002008B5044B1B689A6819
:109550001269526A01461846904708BDC0120020A1
:1095600008B5044B1B689A681269126801461846D0
:10957000904708BDC012002008B5044B1B689A68CC
:109580001269926901461846904708BDC012002032
:1095900038B5054B1C68A3681B695D6813460A460D
:1095A00001462046A84738BDC012002038B5054BFB
:1095B0001C68A3681B699D6813460A46014620463D
:1095C000A84738BDC012002010B582B002AB03F826
:1095D000010D054A106882681269D46A00220421CC
:1095E000A04702B010BD00BFC012002010B582B06D
:1095F000002202AB43F8042D044908688168096918
:10960000CC6A6521A047019802B010BDC0120020AD
:1096100010B5054B186883681B69DC6A00231A467D
:109620000321A04710BD00BFC012002008B5044BA5
:109630001B689A681269126A01461846904708BD6D
:10964000C012002010B582B0002202AB03F8012D39
:109650000549086881680969CC6A5821A0479DF8C6
:10966000070002B010BD00BFC012002000290DDDB0
:1096700010B4431E19441046054C13F8012F5040F6
:10968000205C8B42F9D15DF8044B7047104670475F
:10969000707C030010B582B002AB03F8010D054ADF
:1096A000106882681269D46A00225521A04702B06E
:1096B00010BD00BFC012002010B582B002AB43F84D
:1096C000040D054A106882681269D46A0022742168
:1096D000A04702B010BD00BFC012002010B582B07C
:1096E000002202AB43F8042D044908688168096927
:1096F000CC6A7621A047019802B010BDC0120020AC
:1097000010B582B0002202AB43F8042D044908686A
:1097100081680969CC6A7721A047019802B010BD21
:10972000C0120020F0B587B01D460C9C00260096A4
:10973000ADF8040002918DF80C2004930594094BB8
:10974000186883681B69DF6A6B4632468221B84716
:10975000049B1B682B60059B1B882380009807B027
:10976000F0BD00BFC01200209829024818BF002099
:10977000704700BF687E030070472DE9F04184B058
:1097800005460E46BDF82C10901900F07F003244BB
:10979000C2F30442840044EA422441EA0402120A69
:1097A0008DF80C2001F003073C438DF80D401F4657
:1097B00073B900295CD0730063F07E038DF80C3020
:1097C000012400292FD0A1F5004103290AD9FEE781
:1097D00000284FD1B1F5004F03D000294AD1012410
:1097E00021E001242B6D9B7D4BB92B685D680A9BA2
:1097F0003A4603A92046A84704B0BDE8F0810022FC
:10980000214603A8FFF732FF024639460A98FFF7C0
:109810002DFF2B6800909D680A9B3A4603A92046BD
:10982000A847E9E701242B68D3F800800A9B3A4651
:1098300003A92046C0472B6D9B7D022BDCD1182E3F
:10984000DAD00022214603A8FFF710FF024639466E
:109850000A98FFF70BFF044600221821284600F063
:1098600041F88442C8D0EB68002BC5D09847C3E7C5
:109870000028D7D042F040028DF80C200224A0E747
:1098800010B582B000240194049C0094FFF775FF8A
:1098900002B010BD00B585B003AB0093042392B2B3
:1098A000FFF7EEFF0DF10F030DF10B01002013F890
:1098B000012902EB00208B42F9D105B05DF804FBD1
:1098C00000B585B003AB0093022392B2FFF7D8FF37
:1098D0009DF80D309DF80C0000EB032080B205B020
:1098E0005DF804FB00B585B00DF10F030093012373
:1098F00092B2FFF7C5FF9DF80F0005B05DF804FBBD
:1099000030B5BDB005460C46036DDA7B012A1CD08C
:10991000032A40F0D4811B7E13F0080F0CD113F002
:10992000040F02AB009314BF3823202300224FF40E
:10993000F011FFF7A5FF19E002AB0093E823002226
:109940004FF4F011FFF79CFF10E01B7E13F0080F9F
:1099500040F0AC8113F0040F02AB009314BF382326
:10996000202300224FF4C011FFF78AFF0DF11702E8
:1099700004F11A0304F1200012F8011F03F8011B7F
:109980008342F9D19DF815209DF8143043EA022353
:10999000C3F30C0363849DF81F209DF81E3043EA37
:1099A0000223C3F30D0313F4005F1CBF6FEA83436C
:1099B0006FEA934323849DF825209DF8243043EAE1
:1099C0000223C3F30B03E3872B6D1B7E13F0020FFF
:1099D00040F06A810AAA631E201D12F8011B03F8D9
:1099E000011FD1791972D17B59748342F5D19DF849
:1099F0002F3063719DF82E209DF82D3043EA02230D
:109A0000E3809DF837209DF8363003EB0223C3F343
:109A1000CF13A4F80D309DF832209DF8313043EA81
:109A20000223A4F80F309DF83F209DF83E3003EB51
:109A30000223C3F3CF13E3829DF83A209DF8393017
:109A400043EA022323832B6D1B7E13F0040F40F0A7
:109A50002B819DF843209DF842301B0443EA0263AA
:109A60009DF8402013439DF8412043EA022323F050
:109A7000604363629DF847209DF846301B0443EA2B
:109A800002639DF8442013439DF8452043EA0223D6
:109A900023F00043A3629DF84B209DF84A301B043D
:109AA00043EA02639DF8482013439DF8492043EAA6
:109AB0000223C3F31003E3629DF84F209DF84E305C
:109AC0001B0443EA02639DF84C2013439DF84D208C
:109AD00043EA0223C3F3150323639DF853209DF843
:109AE00052301B0443EA02639DF8502013439DF853
:109AF000512043EA0223C3F3150363639DF8572003
:109B00009DF856301B0443EA02639DF8542013432A
:109B10009DF8552043EA0223C3F31503A3639DF880
:109B200065209DF8643043EA0223A3879DF87720DF
:109B30009DF876301B0443EA02639DF874201343BA
:109B40009DF8752043EA022323F0404323649DF8E7
:109B500079209DF8783043EA022363649DF87F20E2
:109B60009DF87E301B0443EA02639DF87C2013437A
:109B70009DF87D2043EA0223C3F31503A3649DF8F7
:109B800083209DF882301B0443EA02639DF8802005
:109B900013439DF8812043EA0223C3F31503E364D2
:109BA0009DF887209DF886301B0443EA02639DF8E8
:109BB000842013439DF8852043EA0223C3F3150351
:109BC00023659DF895209DF8943043EA0223C3F362
:109BD0000E03A4F854309DF8A5209DF8A43043EA64
:109BE0000223C3F30B03A4F856309DF8BF209DF861
:109BF000BE301B0443EA02639DF8BC2013439DF86A
:109C0000BD2043EA022323F04043A3659DF8C12011
:109C10009DF8C03043EA0223E3659DF8C7209DF814
:109C2000C6301B0443EA02639DF8C42013439DF829
:109C3000C52043EA0223C3F3150323669DF8CB2016
:109C40009DF8CA301B0443EA02639DF8C820134301
:109C50009DF8C92043EA0223C3F3150363669DF808
:109C6000CF209DF8CE301B0443EA02639DF8CC2040
:109C700013439DF8CD2043EA0223C3F31503A366E3
:109C80009DF8DD209DF8DC3043EA0223C3F30E0388
:109C9000A4F86C309DF8ED209DF8EC3043EA0223E7
:109CA000C3F30B03A4F86E303DB030BD02AB00939C
:109CB000E82300224FF4C011FFF7E2FD56E61B7EB9
:109CC00013F0010F00F09F8102AB00936C23002280
:109CD0004FF44021FFF7D4FD1DAB00936C2300220D
:109CE0004FF450212846FFF7CBFD02AA631E201D2A
:109CF00012F8011B03F8011FD1791972D17B597435
:109D0000D17D99768342F3D19DF82530E3779DF894
:109D10000F3063719DF80E209DF80D3043EA022349
:109D2000E3809DF816309DF8172043EA0222C2F323
:109D3000CF12A4F80D209DF8152042EA0322A4F8C2
:109D40000F209DF81F2043EA0223C3F3CF13E382C1
:109D50009DF81E209DF81D3043EA022323839DF8C1
:109D600027209DF8263043EA0223C3F30D0313F4A2
:109D7000005F1CBF6FEA83436FEA934323849DF81F
:109D800029209DF8283043EA0223C3F30C0363849F
:109D90009DF82F209DF82E301B0443EA02639DF8A6
:109DA0002C2013439DF82D2043EA022323F0604327
:109DB00063622B6D1B7E13F0010F3FF475AF9DF8AE
:109DC00033209DF832301B0443EA02639DF83020B3
:109DD00013439DF8312043EA022323F00043A3629A
:109DE0009DF837209DF836301B0443EA02639DF846
:109DF000342013439DF8352043EA0223C3F31003B4
:109E0000E3629DF83B209DF83A301B0443EA02636D
:109E10009DF8382013439DF8392043EA0223C3F309
:109E2000150323639DF83F209DF83E301B0443EA51
:109E300002639DF83C2013439DF83D2043EA022332
:109E4000C3F3150363639DF843209DF842301B0460
:109E500043EA02639DF8402013439DF8412043EA02
:109E60000223C3F31503A3639DF851209DF85030DE
:109E700043EA0223A3879DF861209DF8603043EAFE
:109E80000223C3F30B03E3879DF867209DF8663038
:109E90001B0443EA02639DF8642013439DF8652088
:109EA00043EA022323F0404323649DF869209DF890
:109EB000683043EA022363649DF86F209DF86E309A
:109EC0001B0443EA02639DF86C2013439DF86D2048
:109ED00043EA0223C3F31503A3649DF873209DF89E
:109EE00072301B0443EA02639DF8702013439DF80F
:109EF000712043EA0223C3F31503E3649DF877203E
:109F00009DF876301B0443EA02639DF874201343E6
:109F10009DF8752043EA0223C3F3150323659DF8DA
:109F200085209DF8843043EA0223C3F30E03A4F88E
:109F300054309DF895209DF8943043EA0223C3F3F2
:109F40000B03A4F856309DF8AF209DF8AE301B04EB
:109F500043EA02639DF8AC2013439DF8AD2043EA29
:109F6000022323F04043A3659DF8B1209DF8B03053
:109F700043EA0223E3659DF8B7209DF8B6301B0441
:109F800043EA02639DF8B42013439DF8B52043EAE9
:109F90000223C3F3150323669DF8BB209DF8BA3056
:109FA0001B0443EA02639DF8B82013439DF8B920CF
:109FB00043EA0223C3F3150363669DF8BF209DF8AF
:109FC000BE301B0443EA02639DF8BC2013439DF896
:109FD000BD2043EA0223C3F31503A3669DF8CD20F9
:109FE0009DF8CC3043EA0223C3F30E03A4F86C308F
:109FF0009DF8DD209DF8DC3043EA0223C3F30B0318
:10A00000A4F86E3050E602AB0093282300224FF4F0
:10A010004021FFF735FC68E600B583B0036DDB7BBC
:10A02000012B0BD0032B10D10091052304224FF4F8
:10A03000F011FFF725FC03B05DF804FB0091052348
:10A0400000220549FFF71CFCF5E7009105230022DB
:10A050006421FFF715FCEEE70400180010B582B08C
:10A060004FF400440194049C0094FFF786FB02B077
:10A0700010BD10B584B004AC04F8013D0094012378
:10A0800092B2FFF7EBFF04B010BD000010B504461C
:10A09000036DDB7B012B13D0032B1DD1F02300229A
:10A0A0001249FFF7E6FF00224FF4F0112046FFF7B8
:10A0B00007FC236D1A7BA2B1C0F30900588410BDC0
:10A0C0000F2300220949FFF7D4FF00224FF4C011EB
:10A0D0002046FFF7F5FBECE700224C21FFF7F0FBF1
:10A0E000E7E700F07F005884E9E700BF24000100A3
:10A0F00038B505460C46022300224FF47021FFF7C5
:10A10000B8FF04B938BD012300224FF4702128465E
:10A11000FFF7AFFFF6E700B585B08DF80C301B0AEE
:10A120008DF80D3003AB0093022392B2FFF796FF38
:10A1300005B05DF804FB000038B5044600231A465C
:10A140004FF42021FFF7E7FF00231A460849204675
:10A15000FFF78FFF074D00231A4629462046FFF7D9
:10A1600088FF0223002229462046FFF782FF38BDE0
:10A1700014000A0004000A0008B5012902D00529CC
:10A1800007D008BD41F6220300220549FFF7C3FFAF
:10A19000F7E74FF4007300220149FFF7BCFFF0E737
:10A1A0000400110038B505460C4641F400739BB21B
:10A1B00000224FF43021FFF7AEFFA3B200224FF48C
:10A1C00030212846FFF7A7FF38BD000070B50446D0
:10A1D0000E460C4D012300222946FFF79CFF334613
:10A1E000002209492046FFF796FF02230022294654
:10A1F0002046FFF790FF002204492046FFF74AFB64
:10A2000070BD00BF08000B0004000B0010000B0025
:10A2100038B504460B4600220A49FFF77CFF0A4D79
:10A220008823002229462046FFF723FF00231A46F1
:10A2300029462046FFF71DFF002204492046FFF76C
:10A2400051FB38BD0C000A0004000A0008000A0097
:10A2500070B504460B461546B1F5807F34BF002625
:10A26000202600220B49FFF756FF2B4600220A4901
:10A270002046FFF7FEFE094D46F0900300222946D6
:10A280002046FFF7F6FE00231A4629462046FFF730
:10A29000F0FE70BD0C000A0010000A0004000A0065
:10A2A00070B504460D461646002240F20B11FFF72A
:10A2B000CFFF4FF482712046FFF7AAFF00F01F0284
:10A2C0004FF482712046FFF7C3FF236D5A8A15436E
:10A2D0005D82236D5B8A00224FF420212046FFF728
:10A2E0001AFF3346002202492046FFF7C2FE70BD26
:10A2F00014000A0010B582B00446002200921346F2
:10A300001321FFF7ABFE236DDA7B032A0CBF01227A
:10A310000322DA7302B010BD10B584B08DF80C3092
:10A320001C0A8DF80D401C0C8DF80E401B0E8DF88C
:10A330000F3003AB0093042392B2FFF78FFE04B0FB
:10A3400010BD0000F8B5044600224FF4F811FFF7E5
:10A35000C9FA0546002244212046FFF79BFA06462B
:10A36000236D00225A8483F82420DA611A849A62C9
:10A37000236D9C62236DD861226DD37D03F00303AE
:10A38000032B79D016F4806F05D092F8243043F077
:10A39000040382F8243015F0800F74D115F0010FFA
:10A3A00040F0A38015F0400F0BD0636A13B1206D0D
:10A3B0001C3098474FF4C073022244212046FFF717
:10A3C000AAFE15F0080F00F0EA80236D002283F842
:10A3D0002420236DDB7B002B40F09580236DDE6114
:10A3E00016F4802F00F0A980226D92F8243043F0FB
:10A3F000080382F824304FF4802716F0805F08D0DD
:10A40000226D92F8243043F0100382F8243047F094
:10A41000805716F4005F06D0226DD37D03F003034E
:10A42000032B00F0968016F4804F40F09E8047F496
:10A43000DE43002244212046FFF76EFF206D438C4F
:10A44000002B40F0A180C37D03F00303032B00F039
:10A450009B80C36923F49043C361226DD36943F4A5
:10A460008053D361E36913B1206D1C309847236D8D
:10A47000002283F824208BE010F4005F1CBF45F01D
:10A480000805EDB27EE7276D002248212046FFF740
:10A4900017FA3884236D9A7D1AB1DA6912F0040F25
:10A4A00003D11B8C03F460638BB10423002244218D
:10A4B0002046FFF7DEFD4FF460630022482120466E
:10A4C000FFF729FE236A13B1206D1C309847236DD6
:10A4D0001B8C13F4807F3FF461AF4FF48073002234
:10A4E00048212046FFF717FE58E7F82300224421B1
:10A4F0002046FFF7BEFD2369002B3FF453AF206DCC
:10A500001C3098474EE73B492046FFF7EBF9236D97
:10A51000DB7B032B08BFC0F3071010F0010F18BF3F
:10A5200046F4804610F0020F18BF46F4005610F0B3
:10A53000040F18BF46F4806650E716F4806F1FBF03
:10A54000226D92F8243043F0040382F8243000276F
:10A5500053E792F8243043F0020382F82430236D4D
:10A5600000225A8447F4004761E72046FFF78EFD3A
:10A5700010F4004F3FF45BAF226D92F8243043F0AB
:10A58000010382F8243052E763690BB11C3098470D
:10A59000236DDB7B53B9236D002283F8242015F053
:10A5A000100F07D115F0200F14D1F8BD2046FFF78A
:10A5B000A1FEF0E7104B002244212046FFF7ACFE3D
:10A5C000E36913B1206D1C309847236D002283F896
:10A5D0002420E7E7094B002244212046FFF79CFE98
:10A5E000A36913B1206D1C309847236D002283F8B6
:10A5F0002420DAE72400010000940534000422102E
:10A6000038B5044689B900222C21FFF743F90546E5
:10A6100001224FF460212046FFF764F92B1A002233
:10A620002C212046FFF778FE38BD00222C21FFF7B1
:10A6300031F90546012205492046FFF753F92B1A47
:10A6400000222C212046FFF767FEEDE70400010001
:10A6500070B506460C46084D00222946FFF71AF948
:10A66000000D0005C4F313030343002229463046BE
:10A67000FFF752FE70BD00BF0800010038B5054667
:10A680000C4600224FF4A021FFF704F90B4B0340C6
:10A6900014F0010F18BF43F4802314F0020F18BF09
:10A6A00043F4104314F0040F18BF43F012030022C8
:10A6B0004FF4A0212846FFF72FFE38BDC00FE0FF62
:10A6C00038B505460C460B6800220B49FFF724FEFF
:10A6D0006368002209492846FFF71EFEA36800228E
:10A6E00007492846FFF718FEE36800220549284677
:10A6F000FFF712FE38BD00BF0C0002001000020080
:10A70000140002001800020038B505460C460B681C
:10A7100000220B49FFF700FE636800220949284622
:10A72000FFF7FAFDA368002207492846FFF7F4FD6A
:10A73000E368002205492846FFF7EEFD38BD00BF5B
:10A740001C00020020000200240002002800020079
:10A750002DE9F0470446052940D0264D2E46264FC8
:10A76000DFF8D880DFF8D890DFF8D8A0234B00229C
:10A7700023492046FFF7D0FD5346002221492046B9
:10A78000FFF7CAFD4B4600221F492046FFF7C4FDD4
:10A79000434600221D492046FFF7BEFD3B460022EE
:10A7A0001B492046FFF7B8FD3346002219492046D1
:10A7B000FFF7B2FD2B46002217492046FFF7ACFDFC
:10A7C000164B002216492046FFF7A6FD154B002226
:10A7D00015492046FFF7A0FDBDE8F087134D144E44
:10A7E000144FDFF86480DFF86490DFF864A0124B48
:10A7F000BDE700BFB5AF02007DAF0200FEA80200BA
:10A80000380003003C000300400003004400030044
:10A81000480003004C0003005000030040020010F9
:10A820001C00030089A46D1B20000300F5CF01006C
:10A83000B5CF010036CF0100FDC001003EAF0200E0
:10A84000FEA5020036AC02007EC70100BEC60100B4
:10A850003EC4010008B500231A460249FFF75CFD1B
:10A8600008BD00BF0400070038B504460D460023AC
:10A870001A460A49FFF750FD00231A464FF4E0211B
:10A880002046FFF749FD05B938BD4FF0E0530022DF
:10A8900003492046FFF740FDF6E700BF48000700E8
:10A8A00014000700F0B583B0046DE47B032C0CBFEB
:10A8B0004FF4981C4FF4901C9C18B4F5806F19DA73
:10A8C0001D4616460F4604467F2B15D94FEA1C43FA
:10A8D00000220D49FFF720FD2B4600220B492046A0
:10A8E000FFF71AFD0097334600224FF4E811204687
:10A8F000FEF7C6FF03B0F0BD009113462A4661463D
:10A90000FEF7BEFFF6E700BF04001F0008001F00AF
:10A9100030B583B005460C4671B121F00203013B0E
:10A920000F2B56D8DFE803F0105555215555552803
:10A930005555555555555533002200921346022161
:10A94000FFF78CFB20460EE0002200921346042104
:10A95000FFF784FB032244212846FEF7C3FF10F0D3
:10A96000080F1FD1002003B030BD00220092134613
:10A970000A21FFF773FBEDE70021FFF741FE0022FC
:10A980000092134608212846FFF768FBE2E7012101
:10A99000FFF736FE00220092134606212846FFF7F5
:10A9A0005DFBD7E7002100910B460A462846FFF7DA
:10A9B00055FB14F0020F02D04FF0FF30D3E7002216
:10A9C0000092134602212846FFF748FB4FF0FF3064
:10A9D000C9E74FF0FF30C6E7F0B583B05C18B4F5B7
:10A9E000806F24DA1C4617460E4605467F2B15D984
:10A9F000142300220F49FFF78FFC234600220E4943
:10AA00002846FFF789FC0097334600224FF4E811EF
:10AA10002846FFF723FB002003B0F0BD00920B4651
:10AA200022464FF4A011FFF719FB0020F4E74FF086
:10AA3000FF30F1E704001F0008001F0030B585B0AB
:10AA4000089C8DF808301D0A8DF809501D0C8DF8F2
:10AA50000A501B0E8DF80B308DF80C40230A8DF830
:10AA60000D30230C8DF80E30240E8DF80F4048F277
:10AA70000303019302AB0093082392B2FEF77DFE1D
:10AA800005B030BD00B583B0052904D009290BD02D
:10AA900003B05DF804FB402300936FF400530022E1
:10AAA0000649FFF7CBFFF3E74FF4015300936FF430
:10AAB000005300220149FFF7C1FFE9E708000B003E
:10AAC00070B582B004460E46134D4FF00823009334
:10AAD0004FF0FF3300222946FFF7B0FF4FF060131D
:10AAE00000934FF0FF33002229462046FFF7A6FFD0
:10AAF0000A4B00934FF0FF3300224FF4E021204631
:10AB0000FFF79CFF0EB902B070BD054B002205494E
:10AB10002046FFF701FCF6E748000700003C000272
:10AB2000001101011400070000B583B0054B00932C
:10AB30004FF0FF3300220449FFF780FF03B05DF8B8
:10AB400004FB00BF003C0002040007002DE9F043B5
:10AB500083B004460D461746564E00223146FEF796
:10AB600099FE81464FF4704300934FF0FF3300226B
:10AB700031462046FFF762FFDFF83C8118230022B0
:10AB800041462046FFF7C7FA25212046FFF70AFB7A
:10AB900002212046FFF706FB4FF4FE712046FFF727
:10ABA00001FBF9B241F480712046FFF7FBFA4FF444
:10ABB00080712046FFF7F6FA00212046FFF7F2FAEF
:10ABC00002212046FFF7EEFA4FF4E0712046FFF72E
:10ABD000E9FAE9B241F480712046FFF7E3FAC5F3E0
:10ABE000072141F480712046FFF7DCFAC5F30741E5
:10ABF00041F480712046FFF7D5FA290E41F48071A7
:10AC00002046FFF7CFFA00212046FFF7CBFA3A2182
:10AC10002046FFF7C7FA40F2FF112046FFF7C2FABD
:10AC20004FF485712046FFF7BDFA00212046FFF75B
:10AC3000B9FA3A212046FFF7B5FA40F20111204651
:10AC4000FFF7B0FA022300224FF430212046FFF72D
:10AC500062FA00231A464FF430212046FFF75BFAD0
:10AC60000220F4F7F7FA3A212046FFF79BFA4FF457
:10AC700081712046FFF796FA022300224FF430211B
:10AC80002046FFF748FA00231A464FF430212046A9
:10AC9000FFF741FA00231A4641462046FFF73BFAE8
:10ACA0004B46002231462046FFF736FB03B0BDE895
:10ACB000F08300BF4400070008000B00F0B583B02C
:10ACC000002423460126072702E00134092C09D07D
:10ACD00006FA04F50D42F8D004EB440507FA05F531
:10ACE0002B43F2E71A400092DB4300224FF4A021ED
:10ACF000FFF7A4FE03B0F0BD2DE9F04182B0044699
:10AD0000884617461D46F4F763FA0646022D2DD0F5
:10AD1000012D38D0002500956FEA08032A463C2112
:10AD20002046FFF78BFE0095FB432A464021204634
:10AD3000FFF784FE00223C212046FEF7ABFD0346D0
:10AD4000002244212046FFF7E7FA00224021204656
:10AD5000FEF7A0FD0346002248212046FFF7DCFA5B
:10AD60003046F4F74DFA02B0BDE8F08143460022C8
:10AD70003C212046FFF7D0FA3B46002240212046E6
:10AD8000FFF7CAFAD6E7CDF800804FF0FF33002274
:10AD90003C212046FFF752FE00974FF0FF33002280
:10ADA00040212046FFF74AFEC4E7000010B582B0FC
:10ADB00004467F2A12D9803241EAC32141EA024186
:10ADC00000910C4B00222421FFF738FE00224FF4A3
:10ADD00000212046FEF786FD02B010BD41EAC321E6
:10ADE00041EA02410091034B00222421FFF726FE95
:10ADF000F2E700BF00F400FC00B583B000920B4600
:10AE000000224421FFF71AFE002003B05DF804FB86
:10AE100000B585B08DF80C309DF818308DF80D30E8
:10AE200048F20103019303AB0093022392B2FEF7B1
:10AE3000A4FC05B05DF804FB30B583B004460D46B4
:10AE400011F0010F15D000230093EF2302224FF4DD
:10AE50006021FFF7DDFF236D1D76236D1B7E5B08F0
:10AE600010D06B0800220E492046FFF702F903B00C
:10AE700030BD10230093FF2302224FF46021FFF71F
:10AE8000C7FFE8E701230093FF230022044920467F
:10AE9000FFF7BEFF226D137E43F002031376E6E751
:10AEA0002800010070B582B004460D460121FFF76D
:10AEB00063F900212046FFF703FE2046FFF734FE2A
:10AEC000C5F30B03002215492046FFF724F903239D
:10AED0000093FF23002212492046FFF799FF104EEE
:10AEE00000252A4631462046FEF7FCFC10F0010FF3
:10AEF000F7D12046FFF7AEFC00212046FFF7B4FC57
:10AF000005212046FFF738F9002206492046FEF7C2
:10AF1000E9FC00F03F0002B070BD00BF1C0008005B
:10AF2000100008001C00070038B505460C46B1F8B3
:10AF3000051049B1FFF7B6FFD4F8013000220549EA
:10AF40002846FFF7E9F938BD237800220249FFF7C8
:10AF500090F8F1E70C0001001C00070030B583B049
:10AF600004460D4610230093FF2300220649FFF7F5
:10AF70004FFF2B46022D38BF022300222C212046F2
:10AF8000FFF7CAF903B030BD24000F0030B583B01D
:10AF9000044601291DD0022930D001230093FF234C
:10AFA00000222649FFF734FF254D4FF4000300939C
:10AFB0006FF48073002229462046FFF73FFD0023EF
:10AFC00000937F23022229462046FFF721FF03B08A
:10AFD00030BD0521FFF7D0F84FF4817300934FF097
:10AFE000FF33002217492046FFF728FD0122009277
:10AFF000FF2313492046FFF70BFFE8E703230093E5
:10B00000FF2300220D49FFF703FF0D4D4FF400030E
:10B0100000936FF48073002229462046FFF70EFD4F
:10B02000002300937F23022229462046FFF7F0FEEB
:10B0300005212046FFF7A0F8C9E700BF0400110072
:10B04000080011000800090030B583B00546022948
:10B050000ED000240094FE2322461021FFF7D8FED4
:10B060002346224614212846FFF755F803B030BD89
:10B07000144601230093FF2300221021FFF7C8FE8E
:10B080002346002214212846FFF745F8EEE700008A
:10B090002DE9F04182B00546294C2A4B0022214679
:10B0A000FFF73AF910230093FF2300222146284698
:10B0B000FFF7AEFE03244FF01408234F002640464E
:10B0C000F4F7D2F8324639462846FEF70BFC012841
:10B0D00034D0631E13F0FF04F1D16FF00204184E58
:10B0E00000231A4631462846FEF7C3FF01230022FB
:10B0F00015492846FEF7BDFF01230093FF230222D6
:10B1000031462846FFF784FE002210492846FEF704
:10B11000C1FB6FF06043984208BF6FF00304002248
:10B120000B492846FEF7B6FB6FF06043984214BF08
:10B1300020466FF0040002B0BDE8F0810024CEE7A5
:10B140000C000400010002002000040014000400B0
:10B150001C00040000B583B000290BBFFF23F723B8
:10B1600000220822009201221021FFF751FE03B0B5
:10B170005DF804FB10B584B0BDF818408DF80C30B4
:10B180001B0A8DF80D308DF80E40240A8DF80F4003
:10B1900048F20203019303AB0093042392B2FEF73B
:10B1A000ECFA04B010BD000010B582B004464FF4B4
:10B1B000C07300934FF6FF7300220749FFF7DAFFD1
:10B1C000236D1B7A00934FF6E0730022034920465B
:10B1D000FFF7D0FF02B010BD08000B001F001100E8
:10B1E00030B583B0044611F0010F1FD00D464FF467
:10B1F000107300936FF47C6300224FF4A021FFF7DB
:10B200001DFC4FF4040300934FF0FF330022184954
:10B210002046FFF713FC15F0020F1AD14FF4887384
:10B22000002214492046FFF777F810E0002500952A
:10B230006FF47C632A464FF4A021FFF7FFFB0095D3
:10B240004FF6FF632A460B492046FFF793FF03B0F2
:10B2500030BD084D084B002229462046FFF75CF818
:10B260004FF48873002229462046FFF755F8EEE791
:10B27000040011001600110010010F00F0B583B09A
:10B280000446012909D01420F3F7EEFF2046FFF70A
:10B29000FFFE0546284603B0F0BD0F4E00223146A2
:10B2A000FEF70EFB074640F2051300934FF6FF73BF
:10B2B000002231462046FFF75DFF1420F3F7D4FF4C
:10B2C0002046FFF7E5FE0546002200923B46314648
:10B2D0002046FFF74FFFDDE74800070000B583B0C9
:10B2E000012A09D0CB43002200929BB20649FFF706
:10B2F00041FF03B05DF804FB00914FF6FF7300229D
:10B300000149FFF737FFF4E70C000500F0B583B003
:10B3100004460F4616461D4648F2400300934FF67A
:10B32000FF7300221849FFF725FFAA1943F2010312
:10B330009A4215DC7F2D1DD9152300221349204682
:10B34000FEF7EAFF2B46002211492046FEF7E4FFF4
:10B350000097334600224FF4E8112046FEF790FA9A
:10B360000022009247F6BF7307492046FFF702FF0D
:10B3700003B0F0BD009733462A464FF4A81120468B
:10B38000FEF77EFAECE700BF0400110004001F0086
:10B3900008001F0070B506460C4615460E4B0222EB
:10B3A0000E49FEF7B9FF0F2DA8BF0F25631E032B13
:10B3B00028BF042410232341002209493046FEF708
:10B3C000ABFF631E9B0005FA03F3002205493046DC
:10B3D000FEF7A2FF70BD00BF7408D200100011007C
:10B3E00028000700180008002DE9F04F83B004463C
:10B3F0000D4691F800900B79182B14D8CF78182FA0
:10B4000094BF00270127FFB2EB79012B0CBF10215D
:10B4100000216B78013B062B10D8DFE803F0060F04
:10B420000F120C0F09000127EDE74FF0400A0AE068
:10B430004FF0480A07E04FF0800A04E04FF4807AAA
:10B4400001E04FF0200A226D538A23F0E00353827B
:10B45000236DEA791A732E7BB31C01269E401FFAD6
:10B4600086F8226DC74B03FB08F3DB0B9382236D39
:10B47000EA7ADA752B7A5B0103F020036A7B43EAF0
:10B480000243EA7A120302F4304213430B4300935F
:10B49000BD4B002210212046FFF7D0FA002F40F0CC
:10B4A000F680EB7AF3B16B7B012B40F21C812A7B97
:10B4B000B64B33F812201201D30AC2F30A0202F586
:10B4C0008062B2F5006F28BF01339BB20AEBC80A55
:10B4D00003F07F0300934FF680730222AC492046AD
:10B4E000FFF748FE94230093AA4B0022AA49204666
:10B4F000FFF7A4FABAF1FF0F40F30881226D538AD7
:10B5000043F0200353824FF4806300934EF2FF73A5
:10B510000022A2492046FFF72DFE6B7B012B00F095
:10B520000081AB7843F010030093FC2300224FF41A
:10B53000C0212046FFF76CFC731EDBB200224FF4E3
:10B5400000312046FEF795FD6B78072B0CBF0823D2
:10B550000023012228212046FEF78BFD904B00227C
:10B5600090492046FEF7D8FE00228F492046FEF77C
:10B5700091F920F4FF5020F01F00B9F1090F08BF26
:10B5800040F001002A79120202F4F852EB78DB0055
:10B59000DBB21A436B795B0003F0060313430343EA
:10B5A000002281492046FEF7B7FEAA796B781B037B
:10B5B00043EA822300936FF474430022242120463F
:10B5C000FFF73CFAB5F8093023B96FF07E036B72D0
:10B5D0000023AB72B5F8093002224FF4C021204697
:10B5E000FEF799FD022271492046FEF77BF9236D93
:10B5F0001B7C4B4500F09F80032800F0A080B9F130
:10B60000090F00F0A1806A4B00226A492046FEF72C
:10B6100083FE41F63C7300224FF410212046FEF7D2
:10B620007AFD1423012264492046FEF722FD0E23F1
:10B63000022262492046FEF71CFD81230022604958
:10B640002046FEF716FD0223002244212046FEF785
:10B6500010FD01212046FFF799FC4FF0320B4FF00F
:10B660001408002744264046F3F7FEFD3A463146CB
:10B670002046FEF737F910F0020F40F0AB800BF1D7
:10B68000FF3313F0FF0BEED16FF00100CFE0226D1E
:10B69000538A43F0600353824FF4406300936FF486
:10B6A000C05300223D492046FFF7C8F940F2063357
:10B6B000002244492046FEF72FFE00231A464FF091
:10B6C0000E112046FEF728FE3F4B0022304920464F
:10B6D000FEF722FE9D2300932E4B00222E4920468A
:10B6E000FFF7ACF919E72A7B284B33F812304FF4F7
:10B6F000356202FB03F2930CC2F3CA1202F58062B8
:10B70000B2F5006F28BF01339BB2DFE64FF4A053C0
:10B7100000934EF2FF73002220492046FFF72AFDD6
:10B72000FBE6AB780093EC2300224FF4C0212046C7
:10B73000FFF76EFB00E703287FF461AF4DE00221C5
:10B740002046FFF723FC5AE7204B002219492046E8
:10B75000FEF7E2FD40F63C7300224FF41021204634
:10B76000FEF7D9FC5DE74FFA89F12046FFF78AF929
:10B7700040E000220092FE2315492046FFF748FBD7
:10B7800042E000BF68660200CF4FFCFFA07E0300CE
:10B7900012000E0000FFFFBF16000E0008000B0095
:10B7A000CC355FAF0C0006001400010030000F0024
:10B7B0003411071C1C000700500007001800070088
:10B7C000080009000C000E000A5A0C003400011C8D
:10B7D00018000300236D83F810902B79093BDBB22E
:10B7E0000F2BC6D8236D5B7A012BBCD0494620466F
:10B7F000FEF7AEFF4FF4C843009348F2FF13002258
:10B800000C492046FFF7B6FCBAF1400FCCBF4FF011
:10B8100000534FF0A05300936FF07F43002206497E
:10B820002046FFF70BF901212046FFF727FD03B063
:10B83000BDE8F08F18000300100006002DE9F04F5E
:10B8400091B0064615461C469C2900F29F80DFE811
:10B8500011F06D0A780AA300A700BE0048018E010E
:10B860006B0152019E01A901B101B901C101C901D8
:10B87000D101D501DD016E027C0281028B029002B2
:10B8800095029E02A30209031B03260331033B0317
:10B89000730369035F0345035203C103F8012B02DD
:10B8A00039024102550296099B098203DF03E30333
:10B8B000EC03F103FB0305040D04370443044E04B9
:10B8C00078035904620474048D049E04E004EA04BD
:10B8D0000B051A053505230551059705AF05CF055D
:10B8E000E405F80501061D060A0673079F07ED0724
:10B8F000F307FE071708370841084B087908820844
:10B90000880891089E08AB08B508BE08C708D20889
:10B91000DD08E308060911091C09450967097209D0
:10B920008B09A109160A200A2B0A800A350A620A25
:10B930009107DF09000AEE0AE30A8D0A980AA30AB2
:10B94000AE0AB90AC40ACF0AD80AD80B120C4D0C99
:10B95000700C290D3E0D190B9D009D009D009D0052
:10B960009D009D009D009D009D009D009D009D00EF
:10B970009D009D009D009D009D009D009D00870CE9
:10B98000A50CCE0DEF0CE40C030DFA0C4FF0FF35B7
:10B99000284611B0BDE8F08F436898470025F7E7C7
:10B9A0000222B749FDF79EFF032801D80025EFE7E3
:10B9B000F3F70EFC0446002500952B462A4629463F
:10B9C0003046FEF74BFB2046F3F71AFCE0E7002C6D
:10B9D00001F01085247814F01D0F65D014F0010FCC
:10B9E00026D014F0020F4FF000020092134614BF4D
:10B9F0000D210321FEF732FB032244213046FDF7DF
:10BA000071FF10F0080F45D100229D493046FDF727
:10BA100041FFB0F5502F18BF0025B9D1002100918A
:10BA20000B460A463046FEF719FB4FF0FF35AFE7ED
:10BA300014F0080F0ED114F0100F1BD114F0020FE8
:10BA40004FF000020092134614BF10210921FEF7A7
:10BA500005FBD1E70021FEF7D3FD14F0020F4FF0F4
:10BA600000020092134614BF0F2107213046FEF753
:10BA7000F5FAC1E70121FEF7C3FD14F0020F4FF004
:10BA800000020092134614BF0E2105213046FEF736
:10BA9000E5FAB1E7002100910B460A463046FEF771
:10BAA000DDFA4FF0FF3573E714F0200F0CD014F0DF
:10BAB000020F4FF0000500952B462A4614BF1121B6
:10BAC0000B21FEF7CBFA63E714F0020F4FF00005ED
:10BAD00000952B462A4614BF0C210121FEF7BEFA21
:10BAE00056E7002C01F08984236800222C21FEF700
:10BAF00013FC00254CE7236800226249FEF70CFC8A
:10BB00006368002260493046FEF706FCA368002205
:10BB10005E493046FEF700FCE36800225C4930468F
:10BB2000FEF7FAFB002533E7002C01F06984238837
:10BB30006568032D01F26784DFE805F002070D1345
:10BB400000225449FEF7E7FA22E702225149FEF7A4
:10BB5000E2FA00251CE700224F49FEF7DCFA002537
:10BB600016E702224C49FEF7D6FA002510E7002C12
:10BB700001F04C8423785B0003F0060300936FF020
:10BB8000060300224549FEF759FF002500E74FF460
:10BB9000803300934FF0FF3300224149FEF74EFF00
:10BBA0000025F5E6002C01F03484036D5B7B2370E7
:10BBB0000025EDE6002C01F02F84036D9B7A2370A5
:10BBC0000025E5E6002C01F02A84036DDB7A237062
:10BBD0000025DDE6002C01F02584036D1B68236041
:10BBE0000025D5E6002C01F02084036D5B682360FE
:10BBF0000025CDE6FEF77EFB0025C9E6002C01F00E
:10BC000017842168FEF724FD0025C1E6002C01F011
:10BC1000128425785DB1646840230093FF230022DD
:10BC20001021FFF7F5F8022D07D1F46005E000229E
:10BC30000092BF231021FFF7EBF8336D9D750025AF
:10BC4000A6E6002C01F0FA836568237803221549E3
:10BC5000FEF70FFA45B9002200924FF2FF73102150
:10BC60003046FFF787FA93E64FF4812300934FF0B5
:10BC7000FF33002210213046FEF7E0FE002587E664
:10BC800030000F0054000100580001005C0001006A
:10BC900060000100180001001C00010014000100F8
:10BCA000040011000800010000221146FDF7F2FD1A
:10BCB000B268136843405268134214BF4FF0FF3517
:10BCC000002565E6002C01F0BC832178FFF7B4F86D
:10BCD00000255DE63AB9002200924FF2FF73AE49AB
:10BCE000FFF748FA54E64FF4006300934FF6FF73F2
:10BCF0000022A949FFF73EFA002549E602F00102B9
:10BD00004FF6FF734FF2FF71002A08BF0B46D202B5
:10BD100015F0020F12BF42F4805223F480539BB2FD
:10BD2000009200229C49FFF725FA002530E62AB947
:10BD30009A4B02229A49FEF7EFFA29E6994B022222
:10BD40009749FEF7E9FA002522E61146FEF796FC30
:10BD500000251DE6002C01F0778300229249FDF7B3
:10BD6000C1FD2070002513E62146FEF7A9FC002541
:10BD70000EE62146FEF7C8FC002509E601230093E4
:10BD8000FF2300228949FFF743F8002500E611460A
:10BD9000FEF7DEFC0025FBE5036D1B7A002B37D197
:10BDA0001423012282493046FEF763F9182300224A
:10BDB00080493046FEF7B0FAE82300227E4930463B
:10BDC000FEF7AAFA336D5B8A03F0E003202B22D042
:10BDD000602B2BD0336D1B7E5B0832D0002277495D
:10BDE0003046FDF76DFDC0F3C403093B0F2B01F294
:10BDF0002E8300F0010000280CBF05210921336DBE
:10BE00005B7A012B29D03046FEF7A2FC0025BFE566
:10BE1000FFF7CAF9C4E74FF4806300936FF4C0538F
:10BE2000002267493046FEF709FED3E74FF440632E
:10BE300000936FF4C053002261493046FEF7FEFDC7
:10BE4000C8E7012300225F493046FEF712F9326D40
:10BE5000137E43F002031376C0E73046FEF712FE6E
:10BE6000002595E5002C01F0F5822378026DD3754D
:10BE70001B0303F43043009344F6FF7300221021A8
:10BE8000FFF778F9002583E5002C01F0E68223888E
:10BE900000224FF46021FEF73EF9002578E5002CE2
:10BEA00001F0DE8200224FF46021FDF709FD2080C1
:10BEB00000256DE5002C01F0D6822388002242493E
:10BEC000FEF729F9002563E5002C01F0CF8200225E
:10BED0003D49FDF7F5FC2080002559E5002C01F0D7
:10BEE000C882A388E288216800914FF4B011FEF760
:10BEF000B5F800254CE5002C01F0BE82A388E2884D
:10BF0000216800914FF4B011FDF7BAFC00253FE520
:10BF1000002C01F0B482E388A2882168FEF7C2FCFD
:10BF2000002535E5002C01F0AD82E3882268A18868
:10BF3000FEF752FD00252BE51146FEF7E9FC002532
:10BF400026E5002C01F0A182237962882188FEF782
:10BF50002DFF00251CE5002C01F09A82036DDB7B90
:10BF6000012B0CD0032B10D10C224FF4F011FDF754
:10BF7000A7FC00B240F30C032380002508E5002253
:10BF80001249FDF79DFC00B2F4E700221049FDF7CD
:10BF900097FC00B2EEE700BF080011007408D20061
:10BFA000100011007488D2041C0007000400020075
:10BFB000500007000C001F0010001F0014000100BB
:10BFC00008000B0028000100040001000C0018000C
:10BFD00020000C00002C01F05E820CAB00930323C8
:10BFE0000022BB49FDF74CFC9DF832209DF8313012
:10BFF00003EB02229DF8303003EB022313F4801F81
:10C000001CBF6FEA03336FEA133323600025BFE4DC
:10C01000FEF792F80025BBE4002C01F03F82618816
:10C02000FEF740FF20700025B2E42146FDF768FCD2
:10C030000025ADE4002C01F0348201227421FDF7CB
:10C0400029FC20600025A3E4002C01F02D820022B1
:10C050007421FDF71FFC2060002599E4009405235E
:10C0600000227421FDF70CFC002591E4002C01F066
:10C070001E82036DDB7B012B14D0032B19D11622FA
:10C080004FF4F011FDF71CFCC0F30D0083B213F464
:10C09000005F04D06FEA83436FEA934318B22080B5
:10C0A000002575E402228B49FDF70AFCC0F30D0060
:10C0B000ECE702228849FDF703FCC0F30D00E5E739
:10C0C0000094062300228549FDF7DAFB637903F02B
:10C0D0000103637100255BE4002C01F0EB81012278
:10C0E0004FF00811FDF7FEFB2070002550E4002CF6
:10C0F00001F0E38100224FF00811FDF7F3FB2070FF
:10C10000002545E4002C01F0DB81A2882168FEF7C0
:10C110001DFD00253CE4002C01F0D5812568A48894
:10C1200022462946FEF712FD21463046FEF74EF81C
:10C130002D1A18BF4FF0FF352AE4022A0ED0684CA2
:10C1400000231A4621463046FDF793FF02230022C2
:10C1500021463046FDF78DFF002519E400230093AA
:10C16000FE2301225F49FEF753FEE8E7002C01F0B1
:10C17000AD812488E2B24FF48171FEF769F8220A9A
:10C1800040F203113046FEF763F8002500E4002C6E
:10C1900001F09F81DFF8588110230093FF230022D4
:10C1A0004146FEF735FE4FF482713046FEF730F817
:10C1B00000F0E0052A464FF482713046FEF748F859
:10C1C00045F004024FF482713046FEF741F8022038
:10C1D000F3F740F84FF487713046FEF719F8074639
:10C1E00040F20F113046FEF713F881462A464FF40D
:10C1F00082713046FEF72CF800250095EF232A4681
:10C2000041463046FEF704FE47EA09272780FFF73C
:10C21000BFBB002C01F06081A2782188FEF740F8B6
:10C220000025FFF7B5BBFDF787FF0120F3F712F8F4
:10C2300003230093FF2300222B493046FEF7E8FD3D
:10C2400000231A464FF488113046FDF712FF0120F3
:10C25000F3F700F8336D0025DD7302225A829D75D5
:10C26000DD751D74FFF794BB002C01F03881237835
:10C2700003F03F03026D937300221C49FDF7F9FEA2
:10C280000025FFF785BB002C01F02C81036D9B7B03
:10C2900023700025FFF77CBB0121FEF711FC30461F
:10C2A000FEF742FC01213046FDF766FF0F22012117
:10C2B0003046FFF76FF80025FFF76ABB002C01F04E
:10C2C000148162682168FFF765F80025FFF760BBFD
:10C2D00029000600140018001C000C0018000C00B7
:10C2E00004000A00080011000400110014000900F5
:10C2F00048000700002C01F0FB80D64D00222946A3
:10C30000FDF7F0FA804602230093FF23002229461E
:10C310003046FEF77DFD04230022CF493046FDF76D
:10C32000A8FE012300224FF400213046FDF7A1FEB4
:10C33000CA4F00252A4639463046FDF7D3FA10F099
:10C34000010FF7D000224FF008113046FDF7B8FA80
:10C35000054600231A464FF400213046FDF789FEBA
:10C3600000231A46BC493046FDF783FE43460022AF
:10C37000B8493046FDF77DFE25800025FFF708BB54
:10C38000002C01F0B8802379026DD27A9B1A07EE57
:10C39000903AF8EEE77A9FEDB27A67EE877AB3EEDD
:10C3A000067A77EE877AC4ED007A0025FFF7F0BAB7
:10C3B000002C01F0A3802379026D927A9B1A07EE7C
:10C3C000903AF8EEE77A9FEDA77A67EE877AB3EEB8
:10C3D000007A67EE877ADFEDA46A87EEA67AF0EE40
:10C3E000087A77EE277AC4ED007A0025FFF7D0BAF5
:10C3F000002C01F0868024680121FEF761FB3046A5
:10C40000FEF792FB01213046FDF7B6FE214630468D
:10C41000FEF7A4FD0025FFF7BBBA00250095EF232A
:10C420002A469249FEF7F4FC05213046FDF7A4FEAA
:10C4300001213046FEF718FA3046FEF70BFAFFF7F7
:10C44000A7BA00250095EF232A468849FEF7E0FCAD
:10C45000FFF79EBA002C01F057802168FEF77EFDA1
:10C460000025FFF795BA00228149FDF729FAC0F3AC
:10C470000B0510F4006F18BF45F470452DB22580F0
:10C48000336DB3F91430ED1AFFF782BA002C01F0C6
:10C490006D80D4F80490237A99F81320FF2A00F0D5
:10C4A0003F81002B36D1D9F8003000930C230022B5
:10C4B0007049FDF7D3FD99F80C30B9F80E20D1186A
:10C4C00099F81220002A5FD199F8100000280BBFBC
:10C4D0007F224FF480624FF4B0154FF4A01599F805
:10C4E0001300121A023A914200F22081D9F8042076
:10C4F0000092002229463046FDF7B0FDB9F80E3013
:10C5000099F80C20D9F80810009129463046FDF71B
:10C51000A5FD4AE0D9F80030B9F80E109A7A8DF8E6
:10C5200030205A7A8DF831201A7A8DF83220DA7953
:10C530008DF833209A798DF834205A798DF835208A
:10C540001A798DF83620DA788DF837209A788DF8B8
:10C5500038205A788DF839201A788DF83A20002240
:10C560008DF83B208DF83C10090A8DF83D10197BA1
:10C570008DF83E10DB7A8DF83F300CAB0093102322
:10C580003C49FDF76BFD96E7012A40F0CC8099F815
:10C590001130002B40F2FF3308BF7F2399F813209E
:10C5A0009B1A023B994200F2C48099F81020531E56
:10C5B000DBB2012B40D999F81130591EC9B20129BB
:10C5C00064D9042B69D042EA433300222A49304619
:10C5D000FDF7A2FEB9F80E30284A02EAC31299F814
:10C5E0000C3003F07F031343002225493046FDF74A
:10C5F00093FE0123002223493046FDF73AFDDFF880
:10C60000888000273A4641463046FDF76BF910F026
:10C61000050FF7D00546034600221B493046FDF7BB
:10C6200028FD05F03F0525F03003012B42D06BB209
:10C6300023700025FFF7ACB9336DDB7B032B01F0D2
:10C640002E8099F811305A1ED2B2012A2CD901221B
:10C65000B7E700BF480007003400070004000800E7
:10C660006666863FCDCCCC3E00007F4324000F00A1
:10C6700008000200340001004400010080FF0100B6
:10C68000480001004C00010050000100336DDB7BCD
:10C69000032B0CBF0223012395E7B9F80E101029D4
:10C6A00091D96FF00303C3E7012213468BE70222FF
:10C6B000134688E799F81230012BB8D199F8112068
:10C6C000531EDBB2012B1BD9032A0CBF4FF4A0175A
:10C6D0004FF4B017D9F8042012B199F80C30C3B94F
:10C6E000D9F808100029A2D0B9F80E30002B9ED03E
:10C6F00099F80C20009139463046FDF7C1F896E7CD
:10C70000336DDB7B032B0CBF4FF498174FF490175E
:10C71000E0E70092002239463046FDF7B1F8DFE746
:10C720006FF0020384E76FF0010381E74FF0FF33FE
:10C730007EE74FF0FF337BE7237AE179A279D200DD
:10C7400042EA41021343627943EA8213227943EABF
:10C75000C213E27843EA0223A27843EAC223627852
:10C7600043EA02339BB20022CD49FDF7D4FC0025F9
:10C77000FFF70EB9002C00F0FC86637833B15B083C
:10C78000013BDBB223700025FFF702B90023F9E774
:10C790000022C449FDF77EF8C0F30B032380C0F3E9
:10C7A0000B4060800022C0493046FDF773F8C0F3AB
:10C7B0000B03A380C0F30B40E0800022BB4930464E
:10C7C000FDF768F82072000C60720022B84930460C
:10C7D000FDF760F8C0F30B43A381C0F30B00608149
:10C7E0000022B4493046FDF755F8C0F30B43A4F8D6
:10C7F0000F30A0730022B0493046FDF74BF860744B
:10C80000000CA0740022AD493046FDF743F8C0F398
:10C810000B00A4F8130000256575A5752A46A849E4
:10C820003046FDF75FF8E075FFF7B2B81146FDF747
:10C830005FFC0025FFF7ACB8002C00F09D86238834
:10C840000022A049FDF767FC0025FFF7A1B8002CE6
:10C8500000F09586256835B900231A469A49FDF7F8
:10C860005AFCFFF795B86279237943EA022323F053
:10C87000F00300229449FDF74EFC0025FFF788B82D
:10C88000002C00F07F8623684BB9002500954FF6F9
:10C89000FF532A461021FEF76DFCFFF779B80022FE
:10C8A0003421FDF739FD4FF4007300934FF6FF7309
:10C8B000002210213046FEF75DFC0025FFF768B826
:10C8C000002C00F062866188FDF7A2FC2070002534
:10C8D000FFF75EB8002C00F05B86A2782188FDF798
:10C8E000B7FC0025FFF754B8784B794A012D18BFE3
:10C8F0001346012D774918BF4FF00C11026DD27B02
:10C90000012A12D0032A17D1A2F5C012013A1A4403
:10C910004FF4F011FCF7D4FFC009208025880035C2
:10C9200018BF01256D42FFF733B802221946FCF704
:10C93000C7FFC0092080F1E70222FCF7C1FFC00950
:10C940002080EBE7002C00F026862178FEF748FCDB
:10C950000025FFF71DB81146FEF718FB0025FFF76D
:10C9600017B80094042300221C21FCF789FF00253E
:10C97000FFF70EB8002C00F0118602224421FCF7CC
:10C980009FFFC0F3002020700025FFF701B8002CA6
:10C9900000F0078600224421FCF7A4FF00F001000C
:10C9A00020700025FEF7F4BF002C00F0FD856288A2
:10C9B0002188FEF749FB0025FEF7EABF0094082313
:10C9C00000220421FDF74AFB0025FEF7E1BF009499
:10C9D000082300220421FCF753FF0025FEF7D8BFEF
:10C9E000002C00F0E485238802220C21FDF793FB44
:10C9F0000025FEF7CDBF002C00F0DC852388002247
:10CA00000C21FDF788FB0025FEF7C2BF2146FDF78C
:10CA100003FB0025FEF7BCBF036DDB7B012B0BD0B6
:10CA2000032B12D10094052320224FF4F011FCF7C0
:10CA300027FF0025FEF7ACBF0094052300222649FE
:10CA4000FCF71EFF0025FEF7A3BF0094052300227C
:10CA50004FF44021FCF714FF0025FEF799BF002595
:10CA600004F8015B009404232A467021FCF708FFB8
:10CA7000FEF78EBF002C00F0A08501226421FCF798
:10CA800009FF20600025FEF783BF002C00F0988589
:10CA900000226421FCF7FEFE20600025FEF778BF2F
:10CAA0003000010004000F0008000F000C000F0010
:10CAB00010000F0014000F0018000F001C000F00E2
:10CAC00028000F00040006001A00110034001800AE
:10CAD0002C00180014000C0020001800036DDB7BF4
:10CAE000012B0BD0032B12D10094052328224FF4E5
:10CAF000F011FCF7C5FE0025FEF74ABF00940523A0
:10CB00000022D349FCF7BCFE0025FEF741BF00948C
:10CB100005230022CF49FCF7B3FE0025FEF738BFFE
:10CB2000002C00F0508500221C21FCF7B3FE206091
:10CB30000025FEF72DBF002C00F04885258867688A
:10CB4000237A002B00F045853C4607EB83072946F6
:10CB50003046FDF73BFB44F8040B0135ADB2BC4257
:10CB6000F5D10025FEF714BF002C00F035852378A1
:10CB700001222821FDF77DFA0025FEF709BFFEF707
:10CB800087FA0546FEF704BF1146FEF777FB054618
:10CB9000FEF7FEBE002C00F02285A5780121FDF7EE
:10CBA000EBFA00213046FDF78BFF3046FDF7BCFF66
:10CBB00005F03F030022A8493046FDF75AFA012349
:10CBC0000093FF230022A5493046FEF721F9A34F29
:10CBD00000252A4639463046FCF784FE10F0010F46
:10CBE000F7D100229E493046FCF76AFE05463046E2
:10CBF000FDF730FE00213046FDF736FE05213046B8
:10CC0000FDF7BAFAC5F30B0525800025FEF7C0BE77
:10CC10000221FEF7BBF901213046FEF7B7F93224B5
:10CC20004FF01408002744254046F2F71DFB3A4612
:10CC300029463046FCF756FE10F0020F05D1631E60
:10CC400013F0FF04F0D1012500E000256D42FEF74E
:10CC50009FBE002C00F0C68423781B0303F4E0433E
:10CC60006278012A08BF43F4807300936FF4E243B3
:10CC700000227C49FDF7E2FE0025FEF789BE002C6C
:10CC800000F0B38462682168FEF718F80025FEF70B
:10CC90007FBE002C00F0AC84238800227249FDF78F
:10CCA0003AFA0025FEF774BE002C00F0A4846268F6
:10CCB0002188FEF713FB0025FEF76ABE002C00F06A
:10CCC0009D84657823788BB1036D0022DA734FF071
:10CCD000FF330822E5B123F4806300920022102183
:10CCE0003046FDF7ABFE0025FEF752BE036D012274
:10CCF000DA73182300225D49FDF70EFBE8230022BA
:10CD00005B493046FDF708FB6FF008030022E1E7BE
:10CD100042F48062E1E7002C00F073842368002273
:10CD20003021FDF7F9FA0025FEF732BE002C00F0A5
:10CD30006B8400222946FCF7ADFD20600025FEF73C
:10CD400027BE234600222946FDF7E6FA0025FEF716
:10CD50001FBE002C00F05B8403224649FCF7C2FD95
:10CD6000C0F3021020700025FEF712BE002C00F068
:10CD70005184236800224421FDF7CEFA0025FEF7F6
:10CD800007BE002C00F04984238800224821FDF7CB
:10CD9000C2F90025FEF7FCBD002C00F04184002202
:10CDA0004421FCF777FD20600025FEF7F1BD002C43
:10CDB00000F0398400224821FCF782FD2060002524
:10CDC000FEF7E6BD002C00F03184237800222A49CA
:10CDD000FDF74FF90025FEF7DBBD002C00F029849C
:10CDE00000224421FCF77EFD20700025FEF7D0BD17
:10CDF000002C00F02184FDF749F920600025FEF7A2
:10CE0000C7BD002C00F01B8400221C49FCF758FD14
:10CE100020800025FEF7BCBD002C00F0138400220A
:10CE20001749FCF737FD20600025FEF7B1BD002C47
:10CE300000F00B842388C3F30D0300934FF44043A9
:10CE400000220F49FEF796F90025FEF7A1BD00BFAD
:10CE50002800180008000C001C0007001000080043
:10CE60001400080014000700080005000C001F0053
:10CE700010001F0060000300240001002C000500CA
:10CE80001A000E00002C00F0E383A788A368099322
:10CE9000217B0691226904926269059203F00302E4
:10CEA000C3F38500052942D1B7F5B17F28BF4FF400
:10CEB000B177DFF8E092042F05D809EB00035B7827
:10CEC000053B9F423BDB012A77D8AE4B995C3E463F
:10CED000B94274DA551C53FA85F500230B449BB212
:10CEE0000132D2B2022A05D015F8011BA6EB030CC1
:10CEF0006145F3DB9F4208BF039064D007F105084A
:10CF00001FFA88F8802500210791039108910E46A9
:10CF10004FF0050BBE465F4538BFDE46AEF1050E4D
:10CF20001FFA8EFEDFF85CA2BC460F46DDE340F23E
:10CF300031139F4228BF1F46DFF85C92BBE70023F6
:10CF4000059A1380049A1146099A0A604AE0002360
:10CF5000059A1380049B1A46099B13604FF0FF3318
:10CF600040E01FFA81FB0792039008930127CDE36D
:10CF7000002F40F0A183984500F2A383002E38D003
:10CF80003F2800F0C883002719F800105B1A9BB2F5
:10CF9000461E06F03F0016F03F0618BF01269CE330
:10CFA0000699092940F0BD833F2103910BE0B3B2FC
:10CFB0000132D2B23F21039105E000239AE700231A
:10CFC00098E70390634605990B80039B42EA83022E
:10CFD000D2B2130443EA0263134343EA0223049ADE
:10CFE0001360002323600025FEF7D2BC079A089B3C
:10CFF000E9E70390E7E7079A089BE4E73F210391FD
:10D00000E1E7002C00F0278325786268012A15BF2C
:10D010006FF460336FF4E043DF27EF2714BF4FF066
:10D0200020084FF010080024009422464FF4A0215D
:10D03000FDF704FD00943B46224653493046FDF778
:10D04000E7FE012D03D065B10025FEF7A1BC254602
:10D0500000943B4622464D493046FDF7D9FEFEF787
:10D0600097BCCDF80080FF23002248493046FDF7E9
:10D07000CFFEFEF78DBC002C00F0F082227812F07B
:10D08000010F2DD0570107F0400740244FF4E01363
:10D0900012F0040F28D043F4600344F0800412011E
:10D0A00002F0800217434FF400120092DB4300228B
:10D0B0004FF4A0213046FDF7C1FCE443A4B20025A3
:10D0C000009523462A4630493046FEF753F800972C
:10D0D00023462A462D493046FEF74CF8FEF758BC49
:10D0E00000273C463B46D3E70022DEE708230093B7
:10D0F000FF2301224FF48021FDF78AFE244C0223F6
:10D100000093FF23032221463046FDF781FE0025D0
:10D110000095F72301224FF480213046FDF778FE79
:10D120000095FD23032221463046FDF771FEFEF7F0
:10D130002FBC002C00F095826388DB0003F4FF63B2
:10D1400022780AB143F4006300934FF207030022F0
:10D150004FF480213046FEF70DF80025FEF718BC8D
:10D16000002C00F08182E3B29A1C01239340013B22
:10D17000DBB200224FF40031FCF77BFF0025FEF705
:10D1800007BC00BF647E0300080005000C0005001A
:10D1900008001100E47D0300247E0300002C00F051
:10D1A0006682E37A002B00F06582637B012B21D934
:10D1B000227BD74B33F812201201D30AC2F30A02A2
:10D1C00002F58062B2F5006F28BF01339BB203F015
:10D1D0007F0300934FF680730222CE493046FDF75D
:10D1E000C9FF94230022CC493046FCF742FF0025BA
:10D1F000FEF7CEBB227BC64B33F812304FF43562BC
:10D2000002FB03F2930CC2F3CA1202F58062B2F57C
:10D21000006F28BF01339BB2D9E7002C00F02D82AC
:10D220000022BE49FCF736FB20600025FEF7B0BBAC
:10D23000002C00F025820022B949FCF72BFB20606E
:10D240000025FEF7A5BB002C00F01D824FF4A813AB
:10D2500023600025FEF79CBB002C00F01782002500
:10D260000B9510AF192347F8103D009704232A4669
:10D27000AC49FCF7F3FE41F648730C930097042386
:10D280002A46A9493046FCF7E9FE0BAB009304237C
:10D290002A464FF4E8113046FCF7F2FA0B9B236064
:10D2A000FEF776BB002C00F0F48100229F49FCF7CA
:10D2B000F1FA80B2206000229D493046FCF7EAFA7C
:10D2C000430D9B019BB263600025FEF761BB002C00
:10D2D00000F0E281637D2BB1012B37D0022B5ED0B1
:10D2E000FF232FE000229349FCF7D4FAC0F30B0090
:10D2F0002060002290493046FCF7CCFAC0F31500BC
:10D30000606000228D493046FCF7C4FAC0F3150076
:10D31000A06000228A493046FCF7BCFAC0F3150031
:10D32000E060002287493046FCF7B4FAC0F31000F1
:10D330002061032279493046FCF7D4FAC0F3021089
:10D3400020750023A3750025FEF722BB00227E492D
:10D35000FCF7A0FAC0F30B00206000227B493046A6
:10D36000FCF798FAC0F31500606000227849304657
:10D37000FCF790FAC0F31500A06000224FF4502192
:10D380003046FCF787FAC0F31500E06000227149CF
:10D390003046FCF77FFAC0F313002061C9E7002292
:10D3A0006D49FCF777FAC0F30B00206000226B494F
:10D3B0003046FCF76FFAC0F3150060600022684940
:10D3C0003046FCF767FAC0F31500A06000226549FB
:10D3D0003046FCF75FFAC0F31500E06000226249B6
:10D3E0003046FCF757FAC0F313002061A1E700258F
:10D3F000FEF7CEBA0025FEF7CBBA0025FEF7C8BA75
:10D400000025FEF7C5BA0025FEF7C2BA0025FEF7D3
:10D41000BFBA0025FEF7BCBA0025FEF7B9BA002551
:10D42000FEF7B6BA0025FEF7B3BA0025FEF7B0BA8C
:10D430000025FEF7ADBA0025FEF7AABA0025FEF7D3
:10D44000A7BA0025FEF7A4BA0025FEF7A1BA002569
:10D45000FEF79EBA0025FEF79BBA0025FEF798BAA4
:10D460000025FEF795BA0025FEF792BA0025FEF7D3
:10D470008FBA0025FEF78CBA0025FEF789BA002581
:10D48000FEF786BA0025FEF783BA0025FEF780BABC
:10D490000025FEF77DBA0025FEF77ABA0025FEF7D3
:10D4A00077BA0025FEF774BA0025FEF771BA002599
:10D4B000FEF76EBA0025FEF76BBA0025FEF768BAD4
:10D4C0000025FEF765BA0025FEF762BA0025FEF7D3
:10D4D0005FBA0025FEF75CBA0025FEF759BA0025B1
:10D4E000FEF756BA0025FEF753BA0025FEF750BAEC
:10D4F0000025FEF74DBA0025FEF74ABA0025FEF7D3
:10D5000047BA0025FEF744BA0025FEF741BA00BF2E
:10D51000A07E030012000E0016000E006000030043
:10D5200048000F0004001F0008001F0048000C0006
:10D5300028000C0058000C0030000C0034000C00D7
:10D5400038000C002C000C0020000D0064000C00C2
:10D5500068000C0060000C0068000D0040000D0029
:10D5600044000D0048000D003C000D000025FEF7B2
:10D570000FBA0025FEF70CBA0025FEF709BA002500
:10D58000FEF706BA0025FEF703BA0025FEF700BA3B
:10D590000025FEF7FDB90025FEF7FAB90025FEF7D4
:10D5A000F7B90025FEF7F4B90025FEF7F1B900251B
:10D5B000FEF7EEB90025FEF7EBB90025FEF7E8B956
:10D5C0000025FEF7E5B90025FEF7E2B90025FEF7D4
:10D5D000DFB90025FEF7DCB90025FEF7D9B9002533
:10D5E000FEF7D6B90025FEF7D3B90025FEF7D0B96E
:10D5F0000025FEF7CDB90025FEF7CAB90025FEF7D4
:10D60000C7B90025FEF7C4B90025FEF7C1B900254A
:10D61000FEF7BEB90025FEF7BBB90025FEF7B8B985
:10D620000025FEF7B5B90025FEF7B2B90025FEF7D3
:10D63000AFB90025FEF7ACB90025FEF7A9B9002562
:10D64000FEF7A6B90025FEF7A3B90025FEF7A0B99D
:10D650000025FEF79DB90025FEF79AB90025FEF7D3
:10D6600097B90025FEF794B90025FEF791B900257A
:10D67000FEF78EB90025FEF78BB90025FEF788B9B5
:10D680000025FEF785B90025FEF782B90025FEF7D3
:10D690007FB90025FEF77CB90025FEF779B999F826
:10D6A00011305A1ED2B2012A7FF601A80222FEF7DB
:10D6B00088BF002F3FF462AC19F800105B1A9BB2D0
:10D6C00081E43F2827D0002E7FF45EAC013000F0CB
:10D6D0003F0019F800100B449BB29C453FF471AC1D
:10D6E000013D15F0FF053FF432AC9E45BFF440AC60
:10D6F0009845DED9ACEB030109B20029B8BF494215
:10D7000059457FF72EAC002F7FF470AC3F28DAD15B
:10D71000002F7FF470AC032A3FF470AC022A3FF470
:10D720003FAC1AF802105E1866457FF740AC0B4418
:10D730009BB20132D2B2002726E400BF2DE9F041AE
:10D7400005460E46036D002B5CD02C6D0023E37361
:10D7500002226282A375E3752374A372E37204212B
:10D760002846FCF733FD074605212846FCF72EFD29
:10D7700080460A212846FCF729FDC0F304402072A8
:10D7800027B1B8F1000F01D0002840D12021284650
:10D79000FCF71CFD2F4B98420CBF01230023637242
:10D7A00016F0100F37D116F0200F3AD116F0400FB7
:10D7B0003DD116F0800F41D1E37A0BB98523E37296
:10D7C000A37A0BB97423A3721F212846FCF7FEFC31
:10D7D00060731E212846FCF7F9FC10F03F0012BFD1
:10D7E000A0732E23A373A37B00221B492846FCF7BA
:10D7F00040FC35212846FCF7E9FC034620BB00200D
:10D80000BDE8F0812C20F9F783FC28659DE72846C8
:10D81000FDF7CAFCBAE706212846FCF7D7FC2060D2
:10D82000C1E707212846FCF7D1FC6060BEE708216C
:10D830002846FCF7CBFC000CA072BAE70921284669
:10D84000FCF7C4FCE072B7E7002204492846FCF765
:10D8500063FDD4E740020010140009000400090031
:10D86000F0B585B00446436B1968FFF767FF0646BD
:10D8700023681B69984703AB002211462046FDF739
:10D88000DDFF636B9B6A19682046FDF7ADFD636B96
:10D890009B6A59682046FDF747FB636B9B6ADB89EF
:10D8A00000224FF460212046FCF735FC636B9B6A35
:10D8B0009B89002252492046FCF72DFC002120467E
:10D8C000FCF7C6FE002500954FF6FF532A461021AF
:10D8D0002046FDF74FFC636B9B6A5A8919892046E5
:10D8E000FDF7B2FB636B9B6A1B8A02220C21204668
:10D8F000FCF711FC636B9B6A5B8A2A460C2120466D
:10D90000FCF709FC636B197A2046FDF769FC636B31
:10D91000D9682046FCF7B2FE616B0B7E4A69096943
:10D920002046FDF7E9F9636B9A7F998B2046FCF757
:10D93000B7FC226D937B2E2B05D0636B93F82C30B4
:10D9400033F03F030AD0636B93F82C3003F03F03AE
:10D95000937300222B492046FCF78BFB636B93F8F3
:10D960002D102046FDF768FA636B196A2046FCF714
:10D97000A7FE636B596A2046FCF7C6FE636B93F8FB
:10D980002E30A3BB636B93F82F102046FCF7B0FB3F
:10D9900094F94C50002D27DB012303FA05F5AFB2B3
:10D9A0004FF0907239462046FDF788F90DF10A03D1
:10D9B0000093022300224FF4A0212046FBF760FFD2
:10D9C000BDF80A3023EA0503ADF80A3000220E49FB
:10D9D0002046FCF7A0FB94F94D20B2FA82F25209DE
:10D9E00039462046FDF77AFC304605B0F0BD0123EC
:10D9F0000093FF23002205492046FDF709FAC1E7FD
:10DA000004000100140009000800050004000200E1
:10DA10009829024818BF0020704700BFA87F030064
:10DA200070472DE9F04184B005460F461E46BDF80B
:10DA30002C30591E89B201291CD9D01900F07F0061
:10DA40003A44C2F30441820042EA412243EA02011D
:10DA5000090A8DF80C1020B9B3F5004F18D0002B2F
:10DA600037D041F040018DF80C101A438DF80D208D
:10DA7000022405E07A0062F07E028DF80C20012479
:10DA8000022B06D026D3A3F50043032B01D9FEE7D2
:10DA900001242B6D1B7D4BB92B685D680A9B3246B8
:10DAA00003A92046A84704B0BDE8F0810022214622
:10DAB00003A8FBF7DBFD024631460A98FBF7D6FDCB
:10DAC0002B6800909D680A9B324603A92046A84710
:10DAD000E9E701242B68D3F800800A9B324603A9AA
:10DAE0002046C0472B6D1B7D022BDCD1182FDAD0CE
:10DAF0000022214603A8FBF7B9FD024631460A98E9
:10DB0000FBF7B4FD044600221821284600F039F83E
:10DB10008442C8D0EB68002BC5D09847C3E710B546
:10DB200082B000240194049C0094FFF77AFF02B0B5
:10DB300010BD00B585B003AB0093042392B2FFF78C
:10DB4000EEFF0DF10F030DF10B01002013F8012979
:10DB500002EB00208B42F9D105B05DF804FB00B563
:10DB600085B003AB0093022392B2FFF7D8FF9DF874
:10DB70000D309DF80C0000EB032080B205B05DF87D
:10DB800004FB00B585B00DF10F030093012392B2A1
:10DB9000FFF7C5FF9DF80F0005B05DF804FB30B539
:10DBA000BDB005460C46036D9A7B012A1CD0032AA2
:10DBB00040F0E8819B7D13F0080F0CD113F0040FA7
:10DBC00002AB009314BF3823202300224FF4F0113E
:10DBD000FFF7A5FF19E002AB0093E82300224FF402
:10DBE000F011FFF79CFF10E09B7D13F0080F40F051
:10DBF000C08113F0040F02AB009314BF382320231D
:10DC000000224FF4C011FFF78AFF0DF1170204F153
:10DC10001A0304F1200012F8011F03F8011B8342CC
:10DC2000F9D19DF815209DF8143043EA0223C3F37F
:10DC30000C0363849DF81F209DF81E3043EA0223E5
:10DC4000C3F30D0313F4005F1CBF6FEA83436FEA55
:10DC5000934323849DF825209DF8243043EA022332
:10DC6000C3F30B03E3872B6D9B7D13F0020F40F092
:10DC70007E810AAA631E201D12F8011B03F8011FF2
:10DC8000D1791972D17B59748342F5D19DF82F3027
:10DC900063719DF82E209DF82D3043EA0223E38026
:10DCA0009DF837209DF8363003EB0223C3F3CF13E2
:10DCB000A4F80D309DF832209DF8313043EA02235C
:10DCC000A4F80F309DF83F209DF83E3003EB02236F
:10DCD000C3F3CF13E3829DF83A209DF8393043EA2D
:10DCE000022323832B6D9B7D13F0040F40F03F81B3
:10DCF0009DF843209DF842301B0443EA02639DF8DF
:10DD0000402013439DF8412043EA022323F060435F
:10DD100063629DF847209DF846301B0443EA026386
:10DD20009DF8442013439DF8452043EA022323F045
:10DD30000043A3629DF84B209DF84A301B0443EA40
:10DD400002639DF8482013439DF8492043EA0223CB
:10DD5000C3F31303E3629DF84F209DF84E301B047C
:10DD600043EA02639DF84C2013439DF84D2043EA9B
:10DD70000223C3F3150323639DF853209DF852300B
:10DD80001B0443EA02639DF8502013439DF8512081
:10DD900043EA0223C3F3150363639DF857209DF8FC
:10DDA00056301B0443EA02639DF8542013439DF848
:10DDB000552043EA0223C3F31503A3639DF86520AE
:10DDC0009DF8643043EA0223A3879DF877209DF8ED
:10DDD00076301B0443EA02639DF8742013439DF8D8
:10DDE000752043EA022323F0404323649DF87B20FF
:10DDF0009DF87A301B0443EA02639DF878201343B0
:10DE00009DF8792043EA0223C3F3130363649DF86A
:10DE10007F209DF87E301B0443EA02639DF87C203E
:10DE200013439DF87D2043EA0223C3F31503A36443
:10DE30009DF883209DF882301B0443EA02639DF81D
:10DE4000802013439DF8812043EA0223C3F3150386
:10DE5000E3649DF887209DF886301B0443EA026343
:10DE60009DF8842013439DF8852043EA0223C3F3E1
:10DE7000150323659DF895209DF8943043EA02230D
:10DE8000C3F30E03A4F854309DF8A5209DF8A430E8
:10DE900043EA0223C3F30B03A4F856309DF8BF20D6
:10DEA0009DF8BE301B0443EA02639DF8BC20134377
:10DEB0009DF8BD2043EA022323F04043A3659DF86B
:10DEC000C3209DF8C2301B0443EA02639DF8C020C2
:10DED00013439DF8C12043EA0223C3F31303E36510
:10DEE0009DF8C7209DF8C6301B0443EA02639DF8E5
:10DEF000C42013439DF8C52043EA0223C3F315034E
:10DF000023669DF8CB209DF8CA301B0443EA0263C8
:10DF10009DF8C82013439DF8C92043EA0223C3F3A8
:10DF2000150363669DF8CF209DF8CE301B0443EAAD
:10DF300002639DF8CC2013439DF8CD2043EA0223D1
:10DF4000C3F31503A3669DF8DD209DF8DC3043EA9A
:10DF50000223C3F30E03A4F86C309DF8ED209DF866
:10DF6000EC3043EA0223C3F30B03A4F86E303DB058
:10DF700030BD02AB0093E82300224FF4C011FFF73D
:10DF8000CEFD42E69B7D13F0010F00F0B38102ABA2
:10DF900000936C2300224FF44021FFF7C0FD1DAB1E
:10DFA00000936C2300224FF450212846FFF7B7FD61
:10DFB00002AA631E201D12F8011B03F8011FD1796C
:10DFC0001972D17B5974D17D99768342F3D19DF832
:10DFD0002530E3779DF80F3063719DF80E209DF892
:10DFE0000D3043EA0223E3809DF816309DF8172098
:10DFF00043EA0222C2F3CF12A4F80D209DF81520A7
:10E0000042EA0322A4F80F209DF81F2043EA0223CE
:10E01000C3F3CF13E3829DF81E209DF81D3043EA21
:10E02000022323839DF827209DF8263043EA02230C
:10E03000C3F30D0313F4005F1CBF6FEA83436FEA61
:10E04000934323849DF829209DF8283043EA022336
:10E05000C3F30C0363849DF82F209DF82E301B041E
:10E0600043EA02639DF82C2013439DF82D2043EAD8
:10E07000022323F0604363622B6D9B7D13F0010F3D
:10E080003FF475AF9DF833209DF832301B0443EA0E
:10E0900002639DF8302013439DF8312043EA0223A8
:10E0A00023F00043A3629DF837209DF836301B040F
:10E0B00043EA02639DF8342013439DF8352043EA78
:10E0C0000223C3F31303E3629DF83B209DF83A302B
:10E0D0001B0443EA02639DF8382013439DF839205E
:10E0E00043EA0223C3F3150323639DF83F209DF801
:10E0F0003E301B0443EA02639DF83C2013439DF825
:10E100003D2043EA0223C3F3150363639DF84320D4
:10E110009DF842301B0443EA02639DF840201343FC
:10E120009DF8412043EA0223C3F31503A3639DF83E
:10E1300051209DF8503043EA0223A3879DF86120C7
:10E140009DF8603043EA0223C3F30B03E3879DF895
:10E1500067209DF866301B0443EA02639DF8642043
:10E1600013439DF8652043EA022323F040432364D0
:10E170009DF86B209DF86A301B0443EA02639DF80A
:10E18000682013439DF8692043EA0223C3F3130375
:10E1900063649DF86F209DF86E301B0443EA0263B0
:10E1A0009DF86C2013439DF86D2043EA0223C3F3CE
:10E1B0001503A3649DF873209DF872301B0443EA95
:10E1C00002639DF8702013439DF8712043EA0223F7
:10E1D000C3F31503E3649DF877209DF876301B04A4
:10E1E00043EA02639DF8742013439DF8752043EAC7
:10E1F0000223C3F3150323659DF885209DF8843021
:10E2000043EA0223C3F30E03A4F854309DF895208B
:10E210009DF8943043EA0223C3F30B03A4F856306D
:10E220009DF8AF209DF8AE301B0443EA02639DF8D1
:10E23000AC2013439DF8AD2043EA022323F0404372
:10E24000A3659DF8B3209DF8B2301B0443EA026336
:10E250009DF8B02013439DF8B12043EA0223C3F395
:10E260001303E3659DF8B7209DF8B6301B0443EA1D
:10E2700002639DF8B42013439DF8B52043EA0223BE
:10E28000C3F3150323669DF8BB209DF8BA301B0429
:10E2900043EA02639DF8B82013439DF8B92043EA8E
:10E2A0000223C3F3150363669DF8BF209DF8BE30BB
:10E2B0001B0443EA02639DF8BC2013439DF8BD2074
:10E2C00043EA0223C3F31503A3669DF8CD209DF80E
:10E2D000CC3043EA0223C3F30E03A4F86C309DF85C
:10E2E000DD209DF8DC3043EA0223C3F30B03A4F8DE
:10E2F0006E303CE602AB0093282300224FF440210D
:10E30000FFF70DFC54E6000000B583B0036D9B7B66
:10E31000012B0BD0032B10D10091052304224FF4C5
:10E32000F011FFF7FCFB03B05DF804FB009105233F
:10E3300000220549FFF7F3FBF5E7009105230022D2
:10E340006021FFF7ECFBEEE70400180010B582B087
:10E350004FF400440194049C0094FFF762FB02B068
:10E3600010BD00B585B08DF80C301B0A8DF80D304E
:10E3700003AB0093022392B2FFF7E8FF05B05DF80C
:10E3800004FB000008B5012902D0052907D008BD0B
:10E3900041F6220300220549FFF7E3FFF7E74FF4B8
:10E3A000007300220149FFF7DCFFF0E704001100D1
:10E3B00038B505460C4641F400739BB200224FF479
:10E3C0003021FFF7CEFFA3B200224FF430212846C0
:10E3D000FFF7C7FF38BD000070B504460E460C4D70
:10E3E000012300222946FFF7BCFF334600220949DA
:10E3F0002046FFF7B6FF0223002229462046FFF7FA
:10E40000B0FF002204492046FFF793FB70BD00BF18
:10E4100008000B0004000B0010000B0010B584B0C6
:10E420008DF80C301C0A8DF80D401C0C8DF80E4038
:10E430001B0E8DF80F3003AB0093042392B2FFF74D
:10E4400085FF04B010BD38B5044689B900222821E3
:10E45000FFF76FFB054601224FF460212046FFF7CE
:10E4600090FB2B1A002228212046FFF7D7FF38BD4A
:10E4700000222821FFF75DFB054601227C21204672
:10E48000FFF77FFB2B1A002228212046FFF7C6FF4B
:10E49000EDE738B505460C4600224FF48031FFF712
:10E4A00048FB000D0005C4F31303034300224FF49F
:10E4B00080312846FFF7B2FF38BD38B505460C4617
:10E4C00000224FF4A021FFF734FB20F47C3314F03A
:10E4D000010F18BF43F4803314F0020F18BF43F448
:10E4E000005314F0040F18BF43F4903300224FF48C
:10E4F000A0212846FFF792FF38BD000038B5054639
:10E500000C460B6800220B49FFF788FF6368002266
:10E5100009492846FFF782FFA368002207492846D9
:10E52000FFF77CFFE368002205492846FFF776FFE6
:10E5300038BD00BF0C0002001000020014000200F1
:10E540001800020038B505460C460B6800220B493E
:10E55000FFF764FF6368002209492846FFF75EFF62
:10E56000A368002207492846FFF758FFE368002206
:10E5700005492846FFF752FF38BD00BF1C000200C6
:10E580002000020024000200280002002DE9F047CC
:10E59000044605293AD0234D2E46234FDFF8C48088
:10E5A000DFF8C490DFF8C4A0204B002220492046A9
:10E5B000FFF734FF534600221E492046FFF72EFF87
:10E5C0004B4600221C492046FFF728FF4346002205
:10E5D0001A492046FFF722FF3B46002218492046F1
:10E5E000FFF71CFF3346002216492046FFF716FFAF
:10E5F0002B46002214492046FFF710FF134B002240
:10E6000013492046FFF70AFFBDE8F087114D124E6F
:10E61000124FDFF85C80DFF85C90DFF85CA0104BF5
:10E62000C3E700BFB5AF02007DAF0200FEA8020045
:10E63000380003003C0003004000030044000300D6
:10E64000480003004C00030050000300400200108B
:10E650001C000300F5CF0100B5CF010036CF01004B
:10E66000FDC001003EAF0200FEA5020036AC020074
:10E670007EC70100BEC601003EC4010008B50023EC
:10E680001A460249FFF7CAFE08BD00BF0400070092
:10E6900038B504460D4600231A460A49FFF7BEFE68
:10E6A00000231A464FF4E0212046FFF7B7FE05B9D4
:10E6B00038BD4FF0E053002203492046FFF7AEFE7D
:10E6C000F6E700BF4800070014000700F0B583B06C
:10E6D000046DA47B032C0CBF4FF4981C4FF4901CCA
:10E6E0009C18B4F5806F19DA1D4616460F4604468D
:10E6F0007F2B15D94FEA1C4300220D49FFF78EFEF0
:10E700002B4600220B492046FFF788FE0097334630
:10E7100000224FF4E8112046FFF701FA03B0F0BDE4
:10E72000009113462A466146FFF7F9F9F6E700BF64
:10E7300004001F0008001F0010B584B004AC04F8EA
:10E74000013D0094012392B2FFF700FE04B010BD1A
:10E7500010B50446036D9B7B012B13D0032B1DD1F9
:10E76000F02300221249FFF7E7FF00224FF4F011D7
:10E770002046FFF7F4F9236DDA7AA2B1C0F309005D
:10E78000D88310BD0F2300220949FFF7D5FF0022CF
:10E790004FF4C0112046FFF7E2F9ECE700224C21CC
:10E7A000FFF7DDF9E7E700F07F00D883E9E700BF76
:10E7B0001800010010B50446036D9B7B012B04D0AB
:10E7C000236D9B7B032B06D010BD0F230022054930
:10E7D000FFF7B2FFF4E7F023002202492046FFF7DB
:10E7E000ABFFF1E71800010038B5044600231A46D4
:10E7F0004FF42021FFF7B5FD00231A4608492046B3
:10E80000FFF79AFF074D00231A4629462046FFF7D7
:10E8100093FF0223002229462046FFF78DFF38BDD3
:10E8200014000A0004000A0038B505460C4602230D
:10E8300000224FF47021FFF77FFF04B938BD012398
:10E8400000224FF470212846FFF776FFF6E700001C
:10E8500038B504460B4600220A49FFF782FD0A4DEF
:10E860008823002229462046FFF766FF00231A4628
:10E8700029462046FFF760FF002204492046FFF7A3
:10E8800080F938BD0C000A0004000A0008000A00E4
:10E8900070B504460B461546B1F5807F34BF00269F
:10E8A000202600220B49FFF75CFD2B4600220A4977
:10E8B0002046FFF741FF094D46F09003002229460C
:10E8C0002046FFF739FF00231A4629462046FFF766
:10E8D00033FF70BD0C000A0010000A0004000A009B
:10E8E00070B504460D461646002240F20B11FFF7A4
:10E8F000CFFF4FF482712046FFF7AAFF00F01F02FE
:10E900004FF482712046FFF7C3FF236D1A8A154327
:10E910001D82236D1B8A00224FF420212046FFF721
:10E9200020FD3346002202492046FFF705FF70BD57
:10E9300014000A00F0B583B05C18B4F5806F24DAD7
:10E940001C4617460E4605467F2B15D91423002278
:10E950000F49FFF763FD234600220E492846FFF7C3
:10E960005DFD0097334600224FF4E8112846FFF77B
:10E97000EDFC002003B0F0BD00920B4622464FF4A0
:10E98000A011FFF7E3FC0020F4E74FF0FF30F1E7C0
:10E9900004001F0008001F0010B582B004460223C7
:10E9A00001930022009213461321FFF73AF8236DDA
:10E9B0009A7B032A0CBF012203229A7302B010BD76
:10E9C0002DE9F041044600224FF4F811FFF7D9F881
:10E9D0000546002244212046FFF7ABF80646236D8A
:10E9E0000022DA8383F820209A619A835A62236D89
:10E9F0005C62236D9F7B002F7FD1236D9E61D4F8D5
:10EA0000508098F8153003F00303032B00F090803A
:10EA100015F0800F40F0938015F0010F40F0C18099
:10EA200015F0400F0BD0636A13B1206D1830984772
:10EA30004FF4C073022244212046FFF792FC15F0E8
:10EA4000080F07D1236D9B7B002B00F0EA80002F7D
:10EA500000F0E780236D002283F8202016F4802F39
:10EA600000F0AD80226D92F8203043F0080382F868
:10EA700020304FF4802716F0805F08D0226D92F886
:10EA8000203043F0100382F8203047F0805716F40E
:10EA9000005F06D0226D537D03F00303032B00F0CB
:10EAA0009A8016F4804F40F0A28047F4DE430022A3
:10EAB00044212046FFF7B2FC2046FFF77BFE206D85
:10EAC000C38B002B40F0A280437D03F00303032B94
:10EAD00000F09C80836923F490438361226D9369E5
:10EAE00043F480539361E36913B1206D1830984764
:10EAF000236D002283F820208CE06D492046FFF72B
:10EB000040F80746236D9B7B032B08BFC0F3071714
:10EB100017F0010F18BF46F4804617F0020F18BF18
:10EB200046F4005617F0040F18BF46F4806664E7F9
:10EB300016F4005F1CBF45F00805EDB268E700223F
:10EB400048212046FFF70BF8A8F81C00236D1A7D1A
:10EB50001AB19A6912F0040F03D19B8B03F460631E
:10EB60008BB10423002244212046FFF7E5FD4FF43A
:10EB70006063002248212046FFF7F3FB236A13B1AC
:10EB8000206D18309847236D9B8B13F4807F3FF4E2
:10EB900043AF4FF48073002248212046FFF7E1FB8A
:10EBA0003AE7F823002244212046FFF7C5FD2369F8
:10EBB000002B3FF435AF206D1830984730E716F43E
:10EBC000806F1FBF226D92F8203043F0040382F85B
:10EBD000203000274FE792F8203043F0020382F8FC
:10EBE0002030236D0022DA8347F400475DE720469A
:10EBF000FFF7AEFD10F4004F3FF457AF226D92F8CF
:10EC0000203043F0010382F820304EE763690BB1F6
:10EC100018309847236D9B7B03BB236D002283F83C
:10EC2000202015F0100F1DD115F0200F2DD100223E
:10EC300020492046FEF7A5FF236D83F8210010F040
:10EC4000030309D000221B492046FFF775FDA36A84
:10EC500013B1206D18309847BDE8F0812046FFF7CA
:10EC60009BFEDAE7144B002244212046FFF7D6FB37
:10EC70002046FFF79FFDE36913B1206D18309847D8
:10EC8000236D002283F82020CEE70C4B0022442184
:10EC90002046FFF7C3FB2046FFF78CFDA36913B1A5
:10ECA000206D18309847236D002283F82020BEE79E
:10ECB00018000100380011000094053400042210EF
:10ECC00030B585B0089C8DF808301D0A8DF80950C4
:10ECD0001D0C8DF80A501B0E8DF80B308DF80C4072
:10ECE000230A8DF80D30230C8DF80E30240E8DF88C
:10ECF0000F4048F20303019302AB0093082392B242
:10ED0000FEF78FFE05B030BD70B582B004460E46EA
:10ED1000134D4FF0082300934FF0FF330022294694
:10ED2000FFF7CEFF4FF0601300934FF0FF33002248
:10ED300029462046FFF7C4FF0A4B00934FF0FF33EC
:10ED400000224FF4E0212046FFF7BAFF0EB902B0CF
:10ED500070BD054B002205492046FFF75FFBF6E733
:10ED600048000700003C00020011010114000700E8
:10ED700000B583B0054B00934FF0FF3300220449E8
:10ED8000FFF79EFF03B05DF804FB00BF003C0002EC
:10ED9000040007002DE9F04383B004460D461746F2
:10EDA000564E00223146FEF7C4FE81464FF47043B2
:10EDB00000934FF0FF33002231462046FFF780FFDB
:10EDC000DFF83C811823002241462046FFF7C9FAAC
:10EDD00025212046FFF7ECFA02212046FFF7E8FA4A
:10EDE0004FF4FE712046FFF7E3FAF9B241F4807167
:10EDF0002046FFF7DDFA4FF480712046FFF7D8FA7E
:10EE000000212046FFF7D4FA02212046FFF7D0FA6E
:10EE10004FF4E0712046FFF7CBFAE9B241F480717C
:10EE20002046FFF7C5FAC5F3072141F4807120465B
:10EE3000FFF7BEFAC5F3074141F480712046FFF7A2
:10EE4000B7FA290E41F480712046FFF7B1FA00218C
:10EE50002046FFF7ADFA3A212046FFF7A9FA40F223
:10EE6000FF112046FFF7A4FA4FF485712046FFF703
:10EE70009FFA00212046FFF79BFA3A212046FFF730
:10EE800097FA40F201112046FFF792FA022300227E
:10EE90004FF430212046FFF764FA00231A464FF45E
:10EEA00030212046FFF75DFA0220F0F7D3F93A212E
:10EEB0002046FFF77DFA4FF481712046FFF778FA7C
:10EEC000022300224FF430212046FFF74AFA0023A4
:10EED0001A464FF430212046FFF743FA00231A4622
:10EEE00041462046FFF73DFA4B4600223146204678
:10EEF000FFF794FA03B0BDE8F08300BF44000700B9
:10EF000008000B00F0B583B0002423460126072734
:10EF100002E00134092C09D006FA04F50D42F8D0BC
:10EF200004EB440507FA05F52B43F2E71A4000927B
:10EF3000DB4300224FF4A021FFF7C2FE03B0F0BD77
:10EF400010B582B004467F2A12D9803241EAC3212B
:10EF500041EA024100910C4B00222021FFF7B0FE54
:10EF600000224FF400212046FEF70BFE02B010BD38
:10EF700041EAC32141EA02410091034B00222021D2
:10EF8000FFF79EFEF2E700BF00F400FC00B583B07F
:10EF900000920B4600224421FFF792FE002003B0AE
:10EFA0005DF804FB00B585B08DF80C309DF8183085
:10EFB0008DF80D3048F20103019303AB0093022357
:10EFC00092B2FEF72EFD05B05DF804FB30B583B0BC
:10EFD00004460D4611F0010F15D000230093EF23D6
:10EFE00002224FF46021FFF7DDFF236D9D75236D35
:10EFF0009B7D5B0810D06B0800220E492046FFF76E
:10F000009BFB03B030BD10230093FF2302224FF47B
:10F010006021FFF7C7FFE8E701230093FF230022E9
:10F0200004492046FFF7BEFF226D937D43F00203A3
:10F030009375E6E72000010070B582B004460D46E6
:10F040000121FFF79FF900212046FFF75DFE2046D2
:10F05000FFF78EFEC5F30B03002215492046FFF78C
:10F0600080F903230093FF23002212492046FFF773
:10F0700099FF104E00252A4631462046FEF781FDB5
:10F0800010F0010FF7D12046FFF7F8FA00212046D3
:10F09000FFF7FEFA05212046FFF774F90022064922
:10F0A0002046FEF76EFD00F03F0002B070BD00BFCD
:10F0B0001C000800100008001C00070038B50546B9
:10F0C0000C46B1F8051049B1FFF7B6FFD4F801308E
:10F0D000002205492846FFF7A1F938BD2378002210
:10F0E0000249FFF729FBF1E7040001001C000700BB
:10F0F00030B583B004460D4610230093FF23002251
:10F100000649FFF74FFF2B46022D38BF022300228E
:10F1100028212046FFF782F903B030BD28000F00F8
:10F1200030B583B0044601291DD002292FD0012318
:10F130000093FF2300222549FFF734FF244D4FF4AD
:10F14000000300936FF48073002229462046FFF7E6
:10F15000B7FD002300937F23022229462046FFF7B4
:10F1600021FF03B030BD0521FFF70CF90223009306
:10F170004FF0FF33002217492046FFF7A1FD01227F
:10F180000092FF2312492046FFF70CFFE9E7032313
:10F190000093FF2300220D49FFF704FF0C4D4FF4AD
:10F1A000000300936FF48073002229462046FFF786
:10F1B00087FD002300937F23022229462046FFF784
:10F1C000F1FE05212046FFF7DDF8CAE70400110033
:10F1D000080011000800090030B583B00546022977
:10F1E0000ED000240094FE2322461021FFF7DAFE01
:10F1F0002346224614212846FFF7B3F803B030BD5A
:10F20000144601230093FF2300221021FFF7CAFEBA
:10F210002346002214212846FFF7A3F8EEE700005A
:10F220002DE9F04182B00546294C2A4B00222146A7
:10F23000FFF7F4F810230093FF230022214628460D
:10F24000FFF7B0FE03244FF01408234F002640467A
:10F25000F0F70AF8324639462846FEF792FC0128B4
:10F2600034D0631E13F0FF04F1D16FF00204184E86
:10F2700000231A4631462846FFF75EFA0123002292
:10F2800015492846FFF758FA01230093FF2302226D
:10F2900031462846FFF786FE002210492846FEF731
:10F2A00048FC6FF06043984208BF6FF003040022EF
:10F2B0000B492846FEF73DFC6FF06043984214BFAF
:10F2C00020466FF0040002B0BDE8F0810024CEE7D4
:10F2D0000C000400010002002000040014000400DF
:10F2E0001C0004002DE9F04383B00546884617460C
:10F2F0001C46EFF76DFF0646022C19D0042C17D0E0
:10F3000004F0FD03012B3FD04FF00009CDF8009031
:10F310006FEA08034A463C212846FFF7D1FCCDF8A6
:10F320000090FB434A4640212846FFF7C9FC0BE00A
:10F33000434600223C212846FFF770F83B46002256
:10F3400040212846FFF76AF8033CE4B2012C2DD98E
:10F3500000223C212846FEF7ECFB03460022442114
:10F360002846FFF75BF8002240212846FEF7E1FB24
:10F370000346002248212846FFF750F83046EFF7B1
:10F380003FFF03B0BDE8F083CDF800804FF0FF33BE
:10F3900000223C212846FFF793FC00974FF0FF33F3
:10F3A000002240212846FFF78BFCCDE71021009179
:10F3B000FF2302222846FFF7F5FDC9E700B583B019
:10F3C00000290BBFFF23F72300220822009201220D
:10F3D0001021FFF7E7FD03B05DF804FB10B584B022
:10F3E000BDF818408DF80C301B0A8DF80D308DF8E3
:10F3F0000E40240A8DF80F4048F20203019303AB3C
:10F400000093042392B2FEF70CFB04B010BD000081
:10F4100030B583B0044611F0010F1FD00D464FF4F4
:10F42000107300936FF47C6300224FF4A021FFF768
:10F4300047FC4FF4040300934FF0FF3300221849B8
:10F440002046FFF73DFC15F0020F1AD14FF48873E8
:10F45000002214492046FEF7E1FF10E00025009548
:10F460006FF47C632A464FF4A021FFF729FC009536
:10F470004FF6FF632A460B492046FFF7AFFF03B064
:10F4800030BD084D084B002229462046FEF7C6FF36
:10F490004FF48873002229462046FEF7BFFFEEE7AF
:10F4A000040011001800110010010F00F0B583B026
:10F4B0000446012909D01420EFF7D6FE2046FFF7B5
:10F4C000AFFE0546284603B0F0BD0F4E0022314680
:10F4D000FEF745FB074640F2071300934FF6FF7314
:10F4E000002231462046FFF779FF1420EFF7BCFEDB
:10F4F0002046FFF795FE0546002200923B46314626
:10F500002046FFF76BFFDDE74800070000B583B03A
:10F51000012A09D0CB43002200929BB20649FFF793
:10F520005DFF03B05DF804FB00914FF6FF7300220E
:10F530000149FFF753FFF4E70C000500F0B583B075
:10F5400004460F4616461D4648F2400300934FF608
:10F55000FF7300221849FFF741FFAA1943F2010384
:10F560009A4215DC7F2D1DD9152300221349204610
:10F57000FEF754FF2B46002211492046FEF74EFFAE
:10F580000097334600224FF4E8112046FEF7C7FAF1
:10F590000022009247F6BF7307492046FFF71EFF7F
:10F5A00003B0F0BD009733462A464FF4A811204619
:10F5B000FEF7B5FAECE700BF0400110004001F00DD
:10F5C00008001F0070B506460C4615460E4B022279
:10F5D0000E49FEF723FF0F2DA8BF0F25631E032B37
:10F5E00028BF042410232341002209493046FEF796
:10F5F00015FF631E9B0005FA03F300220549304600
:10F60000FEF70CFF70BD00BF7408D200100011009F
:10F6100028000700180008002DE9F04F83B00446C9
:10F620000D4691F800900B79182B14D8CF78182F2D
:10F6300094BF00270127FFB2EB79012B0CBF1021EB
:10F6400000216B78013B062B10D8DFE803F0060F92
:10F650000F120C0F09000127EDE74FF0400A0AE0F6
:10F660004FF0480A07E04FF0800A04E04FF4807A38
:10F6700001E04FF0200A226D138A23F0E003138289
:10F68000236DEA79DA722E7BB31C01269E401FFAA5
:10F6900086F8226DCA4B03FB08F3DB0B5382236D04
:10F6A000EA7A5A752B7A5B0103F020036A7B43EAFE
:10F6B0000243EA7A120302F4304213430B430093ED
:10F6C000C04B002210212046FFF7FAFA002F40F02D
:10F6D000FC80EB7AF3B16B7B012B40F221812A7B1A
:10F6E000B94B33F812201201D30AC2F30A0202F511
:10F6F0008062B2F5006F28BF01339BB20AEBC80AE3
:10F7000003F07F0300934FF680730222AF49204637
:10F71000FFF764FE94230093AD4B0022AD492046D1
:10F72000FFF7CEFABAF1FF0F40F30D81226D138A75
:10F7300043F0200313824FF4006300934CF6FF73F1
:10F740000022A5492046FFF749FE6B7B012B00F004
:10F750000581AB7843F010030093FC2300224FF4A3
:10F76000C0212046FFF71EFC731EDBB200224FF4BF
:10F7700000312046FEF7E0FF6B78072B0CBF082313
:10F780000023012224212046FEF7D6FFEB7A03F066
:10F790000303032B0CBF914B914B00229149204650
:10F7A000FEF73CFE002290492046FEF7C2F920F405
:10F7B000FF5020F01F00B9F1090F08BF40F0010011
:10F7C0002A79120202F4F852EB78DB00DBB21A431A
:10F7D0006B795B0003F00603134303430022824965
:10F7E0002046FEF71BFEAA796B781B0343EA8223AF
:10F7F00000936FF47443002220212046FFF760FA43
:10F80000B5F8093023B96FF07E036B720023AB7239
:10F81000B5F8093002224FF4C0212046FEF7A1FDC1
:10F82000022272492046FEF7ACF9236DDB7B4B4583
:10F8300000F09E80032800F09F80B9F1090F00F0CE
:10F84000A0806B4B00226B492046FEF7E7FD41F696
:10F850003C7300224FF410212046FEF782FD142352
:10F86000012265492046FEF767FF0E230222634905
:10F870002046FEF761FF8123002261492046FEF702
:10F880005BFF0223002244212046FEF755FF0121A1
:10F890002046FFF745FC4FF0320B4FF014080027CD
:10F8A00044264046EFF7E0FC3A4631462046FEF754
:10F8B00068F910F0020F40F0B5800BF1FF3313F040
:10F8C000FF0BEED16FF00100DEE0226D138A43F0F2
:10F8D000600313824FF4C05300936FF4405300222F
:10F8E0003D492046FFF7ECF940F206330022454936
:10F8F0002046FEF793FD00231A4643492046FEF7B3
:10F900008DFD424B002231492046FEF787FD9D23A5
:10F9100000932F4B00222F492046FFF7D1F914E71F
:10F920002A7B294B33F812304FF4356202FB03F285
:10F93000930CC2F3CA1202F58062B2F5006F28BFC1
:10F9400001339BB2DAE64FF4205300934CF6FF7379
:10F95000002221492046FFF741FDF6E6AB780093EF
:10F96000EC2300224FF4C0212046FFF71BFBFBE6EF
:10F9700003287FF462AF58E002212046FFF7D0FB56
:10F980005BE7234B00221B492046FEF747FD40F66C
:10F990003C7300224FF410212046FEF7E2FC5EE7A4
:10F9A0004FF4807300934FF6FF7300220A492046FC
:10F9B000FFF714FD226D138A43F00803138246E01B
:10F9C00068660200CF4FFCFFB07F030014000E00FA
:10F9D00000FFFFBF18000E0008000B00CC355FAF22
:10F9E0004C585FAF0C0006000800010030000F000B
:10F9F0003411071C1C000700500007001800070006
:10FA0000080009000C000E0010000E000A5A0C003D
:10FA10003400011C00220092FE231D492046FFF7FE
:10FA2000C1FA1EE0236D83F80F902B79093BDBB2FE
:10FA30000F2BEFD8236D1B7A012BB1D049462046FE
:10FA4000FEF7A4FD226D138A23F0080313824FF4FE
:10FA5000C843009348F2FF1300220D492046FFF7E8
:10FA6000BDFCBAF1400FCCBF4FF000534FF0A05394
:10FA700000936FF07F43002206492046FFF720F9EC
:10FA800001212046FFF712FD03B0BDE8F08F00BF53
:10FA90001800030010000600F0B583B005460E46BE
:10FAA000036D002B51D02C6D0023A3730222228200
:10FAB00023756375E3736372A37204212846FEF70E
:10FAC0008BFC074605212846FEF786FC0FB100286F
:10FAD00040D120212846FEF77FFC354B98420CBFD1
:10FAE00001230023237216F0100F42D116F0200FCD
:10FAF00045D116F0400F48D116F0800F4CD1A37AB3
:10FB00000BB98523A372637A0BB9742363721F2127
:10FB10002846FEF761FC20731E212846FEF75CFC98
:10FB200010F03F0012BF60732E236373637B0022CB
:10FB300020492846FEF700FE35212846FEF74CFCFA
:10FB4000034678BB002003B0F0BD2820F7F7E0FAA9
:10FB50002865A8E74FF4007300934FF6FF73002267
:10FB600015492846FFF73AFC238A43F01003238205
:10FB7000AFE706212846FEF72FFC2060B6E70721F5
:10FB80002846FEF729FC6060B3E708212846FEF707
:10FB900023FC000C6072AFE709212846FEF71CFC2D
:10FBA000A072ACE7002205492846FEF737FCC9E7FA
:10FBB000400200101400090008000B0004000900B6
:10FBC00030B583B005460C4671B121F00203013B0C
:10FBD0000F2B62D8DFE803F0116161246161612DB0
:10FBE000616161616161613A0221019100220092CB
:10FBF0001346FDF716FF204610E002230193002272
:10FC0000009213460421FDF70CFF032244212846ED
:10FC1000FDF7B7FF10F0080F25D1002003B030BD6D
:10FC2000022301930022009213460A21FDF7F9FEF8
:10FC3000EBE70021FEF707FC02230193002200926C
:10FC4000134608212846FDF7ECFEDEE70121FEF70A
:10FC5000FAFB022301930022009213460621284654
:10FC6000FDF7DFFED1E702230193002100910B464F
:10FC70000A462846FDF7D5FE14F0020F02D04FF0D9
:10FC8000FF30CBE702210191002200921346284663
:10FC9000FDF7C7FE4FF0FF30C0E74FF0FF30BDE784
:10FCA00070B582B0064602250195002400942346D3
:10FCB00022461921FDF7B5FE336D9C731D821C751C
:10FCC0005C75DC7302B070BD70B582B0064602256B
:10FCD000019500240094234622461821FDF7A1FE39
:10FCE000336D9C731D821C755C75DC7302B070BD36
:10FCF0002DE9F04F91B0064615461C469C2900F2AE
:10FD00009F80DFE811F0540A5F0AA300A700C0003B
:10FD10004C0192016F015601A201AD01B501BD0177
:10FD2000C501CD01D501D901E10172028002850230
:10FD30008F0294029902A202A702DD02FA020503D1
:10FD400010031A03520348033E03240331038103C3
:10FD5000FC012F023D02450259027D09820961031F
:10FD60009F03A303AC03B103DB03E503ED03170417
:10FD700023042E0457033904420454046D047E0402
:10FD8000C004CA04F004FF041A05080524056A0526
:10FD90008205A205D105E505EE050A06F70543072C
:10FDA0008507D307D907E407FD071D082708310891
:10FDB0005F0868086E087708840891089B08A40803
:10FDC000AD08B808C308C908EC08F70802090D090E
:10FDD0004E09590972098809FD09070A120A670ABA
:10FDE0001C0A490A7707C609E709D50ACA0A740A2C
:10FDF0007F0A8A0A950AA00AAB0AB60ABF0AB50C9E
:10FE0000EF0C2A0D4D0DF90D0E0EFD0AC10BF40B72
:10FE1000FF0B040C090C140C270C320C470C5C0C67
:10FE2000980C9D009D009D009D009D009D009D00E3
:10FE30009D00640D750DC20EBF0DB40DD30DCA0D1E
:10FE40004FF0FF35284611B0BDE8F08F4368984762
:10FE50000025F7E70222B449FDF793FE032801D8F5
:10FE60000025EFE7EFF7B4F90446022301930025DC
:10FE700000952B462A4629463046FDF7D2FD2046FE
:10FE8000EFF7BEF9DEE7002C01F00286247814F0CB
:10FE90001D0F61D014F0010F23D014F0020F4FF0AA
:10FEA000020301934FF000020092134614BF0D218C
:10FEB0000321FDF7B6FD032244213046FDF761FE24
:10FEC00010F0080F08BF0025BCD0022301930021C9
:10FED00000910B460A463046FDF7A3FD4FF0FF3573
:10FEE000B0E714F0080F11D114F0100F21D114F065
:10FEF000020F4FF0020301934FF0000200921346ED
:10FF000014BF10210921FDF78CFDD4E70021FEF775
:10FF10009AFA14F0020F4FF0020301934FF000021F
:10FF20000092134614BF0F2107213046FDF779FDDB
:10FF3000C1E70121FEF787FA14F0020F4FF0020328
:10FF400001934FF000020092134614BF0E210521C9
:10FF50003046FDF766FDAEE714F0200F0FD014F029
:10FF6000020F4FF0020301934FF0000500952B465E
:10FF70002A4614BF11210B21FDF753FD62E714F04F
:10FF8000020F4FF0020301934FF0000500952B463E
:10FF90002A4614BF0C210121FDF743FD52E7002C36
:10FFA00001F07985236800222821FEF737FA002521
:10FFB00048E7236800225D49FEF730FA63680022B3
:10FFC0005B493046FEF72AFAA368002259493046B9
:10FFD000FEF724FAE368002257493046FEF71EFA7E
:10FFE00000252FE7002C01F0598523886568032D33
:10FFF00001F25785DFE805F002070D1300224F4993
:020000023000CC
:10000000FEF7AFF91EE702224C49FEF7AAF90025D8
:1000100018E700224A49FEF7A4F9002512E7022258
:100020004749FEF79EF900250CE7002C01F03C85BE
:1000300023785B0003F0060300936FF006030022B1
:100040004049FEF73DFE0025FCE64FF48033009367
:100050004FF0FF3300223C49FEF732FE0025F1E667
:10006000002C01F02485036D1B7B23700025E9E63D
:10007000002C01F01F85036D5B7A23700025E1E6FB
:10008000002C01F01A85036D9B7A23700025D9E6B8
:10009000002C01F01585036D1B6823600025D1E657
:1000A000002C01F01085036D5B6823600025C9E614
:1000B000FEF772FC0025C5E6002C01F007852168DB
:1000C000FEF7E7F90025BDE6002C01F00285257852
:1000D0005DB1646840230093FF2300221021FEF7E6
:1000E00061FF022D07D1F46005E000220092BF23DA
:1000F0001021FEF757FF336D1D750025A2E6002C79
:1001000001F0EA846568237803224FF48031FEF71A
:1001100013FBDDB9002200924FF2FF73102130462D
:10012000FFF75CF98EE600BF30000F0054000100BD
:10013000580001005C000100600001000C0001009B
:100140001000010008000100040011004FF4812399
:1001500000934FF0FF33002210213046FEF7B0FD30
:1001600000256FE600221146FDF7E3FCB268136834
:1001700043405268134214BF4FF0FF35002561E63B
:10018000002C01F0AC842178FEF720FF002559E611
:100190003AB9002200924FF2FF73B849FFF71EF9F7
:1001A00050E64FF4006300934FF6FF730022B3490B
:1001B000FFF714F9002545E602F001024FF6FF7340
:1001C0004FF2FF71002A08BF0B46D20215F0020F52
:1001D00012BF42F4805223F480539BB2009200225B
:1001E000A649FFF7FBF800252CE62AB9A44B02220A
:1001F000A449FEF713F925E6A34B0222A149FEF715
:100200000DF900251EE61146FEF757F9002519E6FF
:10021000002C01F0678400229C49FDF7B2FC20709D
:1002200000250FE62146FEF769F900250AE621467A
:10023000FEF788F9002505E601230093FF2300223D
:100240009349FEF7AFFE0025FCE51146FEF79EF947
:100250000025F7E5182300228E49FEF7DFF8E82392
:1002600000228D493046FEF7D9F8336D9B7D5B083F
:100270001AD0002289493046FDF771FCC0F3C4034F
:10028000093B0F2B01F2318400F0010000280CBF64
:1002900005210921336D1B7A012B01F02984304699
:1002A000FEF774F90025CDE5012300227C49304694
:1002B000FEF742FA326D937D43F002039375D8E75F
:1002C000002C01F018842478036D5C75230303F47B
:1002D0003043009344F6FF7300221021FFF77EF8AD
:1002E00004F00304032C0CBF6E4B6F4B00226F49CC
:1002F0003046FEF793F80025A4E5002C01F0FE83BC
:10030000238800224FF46021FEF72BF8002599E5A1
:10031000002C01F0F68300224FF46021FDF71FFC52
:10032000208000258EE5002C01F0EE83238800223A
:100330007C21FEF716F8002584E5002C01F0E78308
:1003400000227C21FDF70BFC208000257AE5002CA3
:1003500001F0E083A388E288216800914FF4B01196
:10036000FDF7F4FF00256DE5002C01F0D683A3888E
:10037000E288216800914FF4B011FDF7D0FB002511
:1003800060E5002C01F0CC83E388A2882168FEF7A9
:100390009DF9002556E5002C01F0C583E38822680D
:1003A000A188FEF7C7FA00254CE51146FFF708FCC7
:1003B000002547E5002C01F0B98323796288218864
:1003C000FEF7BEFD00253DE5002C01F0B283036D74
:1003D0009B7B012B0CD0032B10D10C224FF4F0117E
:1003E000FDF7BDFB00B240F30C032380002529E597
:1003F00000222F49FDF7B3FB00B2F4E700222D499C
:10040000FDF7ADFB00B2EEE7002C01F095830CABDD
:100410000093032300222849FDF781FB9DF8322039
:100420009DF8313003EB02229DF8303003EB0223BC
:1004300013F4801F1CBF6FEA03336FEA133323608A
:100440000025FFE4FEF7D0F90025FBE4002C01F0C5
:1004500076836188FEF7F0FD20700025F2E42146E6
:10046000FDF79DFB0025EDE4002C01F06B830122DC
:100470007021FDF75EFB20600025E3E40800110019
:100480007408D200100011007488D2041C00070008
:10049000040002000C001F0010001F0008000100F3
:1004A00020000100CC355FAF4C585FAF0C00060058
:1004B0000C00180020000C0029000600002C01F0A0
:1004C000448300227021FDF734FB20600025B9E44D
:1004D0000094052300227021FDF721FB0025B1E4E3
:1004E000002C01F03583036D9B7B012B14D0032B73
:1004F00019D116224FF4F011FDF731FBC0F30D00B6
:1005000083B213F4005F04D06FEA83436FEA93432E
:1005100018B22080002595E40222D649FDF71FFB82
:10052000C0F30D00ECE70222D349FDF718FBC0F33E
:100530000D00E5E7009406230022D049FDF7EFFA0D
:10054000637903F00103637100257BE4002C01F063
:10055000028301224FF00811FDF713FB20700025E4
:1005600070E4002C01F0FA8200224FF00811FDF730
:1005700008FB2070002565E4002C01F0F282A288BF
:100580002168FEF707FC00255CE4002C01F0EC82FA
:100590002568A48822462946FEF7FCFB2146304602
:1005A000FDF71AFF2D1A18BF4FF0FF354AE4022A53
:1005B0000ED0B34C00231A4621463046FEF7BCF855
:1005C0000223002221463046FEF7B6F8002539E422
:1005D00000230093FE230122AA49FEF7E3FCE8E78B
:1005E000002C01F0C4822488E2B24FF48171FEF73E
:1005F0004FF9220A40F203113046FEF749F900256F
:1006000020E4002C01F0B682DFF8848210230093EE
:10061000FF2300224146FEF7C5FC4FF482713046AD
:10062000FEF716F900F0E0052A464FF482713046D5
:10063000FEF72EF945F004024FF482713046FEF7C2
:1006400027F90220EEF706FE4FF487713046FEF7D9
:10065000FFF8074640F20F113046FEF7F9F88146E1
:100660002A464FF482713046FEF712F900250095B4
:10067000EF232A4641463046FEF794FC47EA092715
:100680002780FFF7DFBB002C01F07782A27821885A
:10069000FEF726F90025FFF7D5BB002C01F070828C
:1006A0002468FEF7A1F80120EEF7D4FD03230093A0
:1006B000FF23002274493046FEF774FC7CB93046B3
:1006C000FFF7EEFA0120EEF7C5FD336D00259D73AF
:1006D00002221A821D755D75DD73FFF7B3BB3046CC
:1006E000FFF7F2FAEEE7002C01F04D82237803F0D9
:1006F0003F03026D537300226449FEF71DF8002585
:10070000FFF7A0BB002C01F04182036D5B7B2370DF
:100710000025FFF797BB0121FEF7F6FA3046FEF7FA
:1007200027FB01213046FDF72DFE0F220121304627
:10073000FEF748FF0025FFF785BB002C01F029825A
:1007400062682168FEF73EFF0025FFF77BBB002CA7
:1007500001F022824E4D00222946FDF712FA804612
:1007600002230093FF23002229463046FEF71AFC9D
:100770000423002247493046FDF7DEFF0123002213
:100780004FF400213046FDF7D7FF434F00252A469E
:1007900039463046FDF7F5F910F0010FF7D0002289
:1007A0004FF008113046FDF7DAF9054600231A46E6
:1007B0004FF400213046FDF7BFFF00231A463549AC
:1007C0003046FDF7B9FF4346002231493046FDF778
:1007D000B3FF25800025FFF735BB002C01F0DF813A
:1007E0002379026D927A9B1A07EE903AF8EEE77A37
:1007F0009FED2A7A67EE877AB3EE067A77EE877AEC
:10080000C4ED007A0025FFF71DBB002C01F0CA8162
:100810002379026D527A9B1A07EE903AF8EEE77A46
:100820009FED1F7A67EE877AB3EE007A67EE877ADC
:10083000DFED1C6A87EEA67AF0EE087A77EE277A6B
:10084000C4ED007A0025FFF7FDBA002C01F0AD8160
:1008500024680121FEF758FA3046FEF789FA012193
:100860003046FDF78FFD21463046FEF741FC00255E
:10087000FFF7E8BA140018001C000C0018000C0068
:1008800004000A000800110004001100140009000F
:100890004800070034000700040008006666863F31
:1008A000CDCCCC3E00007F4300250095EF232A46A7
:1008B000C749FEF777FB05213046FDF763FD0121AF
:1008C0003046FDF7E5FE3046FDF7D8FEFFF7BABA31
:1008D00000250095EF232A46BD49FEF763FBFFF78D
:1008E000B1BA002C01F064812168FEF701FC0025FB
:1008F000FFF7A8BA0022B749FDF731F9C0F30B059D
:1009000010F4006F18BF45F470452DB22580336D8B
:10091000B3F91230ED1AFFF795BA002C01F04B81B4
:10092000D4F80490237A99F81320FF2A00F022814A
:10093000002B36D1D9F8003000930C230022A649B1
:10094000FDF704FD99F80C30B9F80E20D11899F88C
:100950001220002A5FD199F8100000280BBF7F22D7
:100960004FF480624FF4B0154FF4A01599F81300BE
:10097000121A023A914200F20381D9F8042000923F
:10098000002229463046FDF7E1FCB9F80E3099F80F
:100990000C20D9F80810009129463046FDF7D6FC06
:1009A0004AE0D9F80030B9F80E109A7A8DF8302064
:1009B0005A7A8DF831201A7A8DF83220DA798DF84A
:1009C00033209A798DF834205A798DF835201A79A8
:1009D0008DF83620DA788DF837209A788DF838201F
:1009E0005A788DF839201A788DF83A2000228DF83F
:1009F0003B208DF83C10090A8DF83D10197B8DF8CD
:100A00003E10DB7A8DF83F300CAB00931023724917
:100A1000FDF79CFC96E7012A40F0AF8099F8113071
:100A2000002B40F2FF3308BF7F2399F813209B1A55
:100A3000023B994200F2A78099F81020531EDBB2C6
:100A4000012B40D999F81130591EC9B2012947D953
:100A5000042B4CD042EA4333002260493046FDF774
:100A6000DDFCB9F80E305E4A02EAC31299F80C3088
:100A700003F07F03134300225A493046FDF7CEFCB2
:100A80000123002258493046FDF756FEDFF85C810D
:100A900000273A4641463046FDF773F810F0050F3F
:100AA000F7D005460346002250493046FDF744FE84
:100AB00005F03F0525F03003012B25D06BB22370E4
:100AC0000025FFF7BFB9336D9B7B032B01F023811A
:100AD00099F811305A1ED2B2012A12D90122B7E771
:100AE000336D9B7B032B0CBF02230123B2E7B9F8C4
:100AF0000E101029AED96FF00303E0E7022213466F
:100B0000A8E701221346A5E799F81230012BD5D1A9
:100B100099F81120531EDBB2012B1BD9032A0CBFFD
:100B20004FF4A0174FF4B017D9F8042012B199F878
:100B30000C30C3B9D9F808100029BFD0B9F80E306D
:100B4000002BBBD099F80C20009139463046FCF7B9
:100B5000E6FFB3E7336D9B7B032B0CBF4FF4981775
:100B60004FF49017E0E70092002239463046FCF738
:100B7000D6FFDFE76FF00203A1E76FF001039EE706
:100B80004FF0FF339BE74FF0FF3398E7237AE1798B
:100B9000A279D20042EA41021343627943EA821306
:100BA000227943EAC213E27843EA0223A27843EAB5
:100BB000C223627843EA0233227843EA42339BB28B
:100BC00000220B49FDF7CDFB0025FFF73BB900BF25
:100BD00028000F000800020034000100440001005A
:100BE00080FF0100480001004C000100500001009E
:100BF00030000100002C00F0E187637833B15B081E
:100C0000013BDBB223700025FFF71CB90023F9E795
:100C10000022D049FCF78DFFC0F30B032380C0F303
:100C20000B4060800022CC493046FCF782FFC0F3C5
:100C30000B03A380C0F30B40E0800022C74930467D
:100C4000FCF777FF2072000C60720022C449304626
:100C5000FCF76FFFC0F30B43A381C0F30B0060816F
:100C60000022C0493046FCF764FFC0F30B43A4F8F0
:100C70000F30A0730022BC493046FCF75AFF607465
:100C8000000CA0740022B9493046FCF752FFC0F3B3
:100C90000B00A4F8130000256575A5752A46B44914
:100CA0003046FCF76EFFE075FFF7CCB81146FDF754
:100CB000BBFD0025FFF7C6B8002C00F08287238813
:100CC0000022AC49FDF74DFB0025FFF7BBB8002C17
:100CD00000F07A87256835B900231A46A649FDF742
:100CE00040FBFFF7AFB86279237943EA022323F090
:100CF000F0030022A049FDF734FB0025FFF7A2B85E
:100D0000002C00F0648723684BB9002500954FF64E
:100D1000FF532A461021FEF761FBFFF793B800222C
:100D20003421FDF77BFB4FF4007300934FF6FF7304
:100D3000002210213046FEF751FB0025FFF782B854
:100D4000002C00F047876188FDF782FD20700025A8
:100D5000FFF778B8002C00F04087A2782188FDF7D3
:100D600097FD0025FFF76EB8844B854A012D18BF0B
:100D70001346012D834918BF4FF00C11026D927B71
:100D8000012A12D0032A17D1A2F5C012013A1A443F
:100D90004FF4F011FCF7E3FEC009208025880035F0
:100DA00018BF01256D42FFF74DB802221946FCF726
:100DB000D6FEC0092080F1E70222FCF7D0FEC00970
:100DC0002080EBE7002C00F00B872178FEF720FB5A
:100DD0000025FFF737B81146FEF7A2F90025FFF707
:100DE00031B80094042300221C21FCF798FE002552
:100DF000FFF728B8002C00F0F68602224421FCF709
:100E0000AEFEC0F3002020700025FFF71BB8002CB9
:100E100000F0EC8600224421FCF7B3FE00F0010054
:100E200020700025FFF70EB8002C00F0E2866288E3
:100E30002188FEF7D1F90025FFF704B800940823B4
:100E400000220421FDF782FA0025FEF7FBBF009483
:100E5000082300220421FCF762FE0025FEF7F2BF02
:100E6000002C00F0C986238802220C21FDF779FAB4
:100E70000025FEF7E7BF002C00F0C1862388002282
:100E80000C21FDF76EFA0025FEF7DCBF2146FDF7C9
:100E90003BFA0025FEF7D6BF036D9B7B012B0BD0E1
:100EA000032B12D10094052320224FF4F011FCF7FC
:100EB00036FE0025FEF7C6BF009405230022324906
:100EC000FCF72DFE0025FEF7BDBF00940523002290
:100ED0004FF44021FCF723FE0025FEF7B3BF0025A9
:100EE00004F8015B009404232A466C21FCF717FEEA
:100EF000FEF7A8BF002C00F0858601226021FCF7D8
:100F000018FE20600025FEF79DBF002C00F07D86B6
:100F100000226021FCF70DFE20600025FEF792BF45
:100F2000036D9B7B012B0BD0032B31D10094052348
:100F300028224FF4F011FCF7F2FD0025FEF782BFE6
:100F40000094052300221149FCF7E9FD0025FEF776
:100F500079BF00BF04000F0008000F000C000F0055
:100F600010000F0014000F0018000F001C000F00ED
:100F700020000F00040006001C00110034001800BF
:100F80002C00180014000C00200018002800180085
:100F9000009405230022CE49FCF7C1FD0025FEF791
:100FA00051BF002C00F0348600221C21FCF7C1FD4B
:100FB00020600025FEF746BF002C00F02C86258817
:100FC0006768237A002B00F029863C4607EB8307ED
:100FD00029463046FDF700FA44F8040B0135ADB25E
:100FE000BC42F5D10025FEF72DBF002C00F019867C
:100FF000237801222421FDF79FFB0025FEF722BF65
:10100000FEF70EF90546FEF71DBF1146FEF74EFA34
:101010000546FEF717BF002C00F00686A5780121D3
:10102000FDF7B0F900213046FDF76EFE3046FDF7C2
:101030009FFE05F03F030022A6493046FDF77CFBEA
:1010400001230093FF230022A3493046FDF7AAFFA6
:10105000A14F00252A4639463046FCF792FD10F094
:10106000010FF7D100229D493046FCF778FD054677
:101070003046FDF703FB00213046FDF709FB052153
:101080003046FDF77FF9C5F30B0525800025FEF7F7
:10109000D9BE0221FEF744F801213046FEF740F8A0
:1010A00032244FF01408002744254046EEF7DCF8C0
:1010B0003A4629463046FCF764FD10F0020F05D190
:1010C000631E13F0FF04F0D1012500E000256D42FE
:1010D000FEF7B8BE002C00F0AA8523781B0303F4AA
:1010E000E0436278012A08BF43F4807300936FF4F1
:1010F000E24300227A49FDF7E3FD0025FEF7A2BE98
:10110000002C00F0978562682168FDF7FBFE002542
:10111000FEF798BE002C00F09085238800227149CC
:10112000FDF71FF90025FEF78DBE002C00F0888525
:1011300062682188FEF7EAF90025FEF783BE002CDD
:1011400000F08185657823788BB1036D00229A7356
:101150004FF0FF330822E5B123F4806300920022B0
:1011600010213046FDF7ACFD0025FEF76BBE036D88
:1011700001229A73182300225B49FDF74FF9E823F7
:1011800000225A493046FDF749F96FF00803002262
:10119000E1E742F48062E1E7002C00F05785236824
:1011A00000223021FDF73AF90025FEF74BBE002C56
:1011B00000F04F8500222946FCF7BBFC206000258B
:1011C000FEF740BE234600222946FDF727F90025F9
:1011D000FEF738BE002C00F03F8503224449FCF79F
:1011E000D0FCC0F3021020700025FEF72BBE002CAF
:1011F00000F03585236800224421FDF70FF9002512
:10120000FEF720BE002C00F02D8523880022482107
:10121000FDF7A7F80025FEF715BE002C00F0258588
:1012200000224421FCF785FC20600025FEF70ABE61
:10123000002C00F01D8500224821FCF790FC206066
:101240000025FEF7FFBD002C00F015852378002255
:101250002849FDF771FA0025FEF7F4BD002C00F0D7
:101260000D8500224421FCF78CFC20700025FEF740
:10127000E9BD002C00F00585FDF76AFA2060002525
:10128000FEF7E0BD002C00F0FF8400221A49FCF7B5
:1012900066FC20800025FEF7D5BD002C00F0F78409
:1012A00000221649FCF745FC20600025FEF7CABD68
:1012B000002C00F0EF842388C3F30D0300934FF458
:1012C000404300220D49FEF789F80025FEF7BABD1C
:1012D00008000C001C0007001000080014000800A3
:1012E00014000700080005000C001F0010001F007C
:1012F00060000300180001002C0005001C000E0017
:10130000002C00F0CA84A788D4F808B0237B069389
:1013100022690492626905920BF00302CBF3850007
:10132000052B45D1B7F5B17F28BF4FF4B177DFF872
:101330003893042F05D809EB00035B78053B9F42E7
:101340003EDB012A7CD8C44B995C3E46B94279DA2F
:10135000551C53FA85F500230B449BB20132D2B2DF
:10136000022A05D015F8011BA6EB030C6145F3DB3F
:101370009F4208BF039069D007F105081FFA88F85B
:10138000802500210791039108910E460521BE4654
:101390008F4238BF8E46AEF1050E1FFA8EFEDFF883
:1013A000B8A2CDF824B08B46BC46374600F0ECBC62
:1013B00040F231139F4228BF1F46DFF8B092B8E7D2
:1013C0000023059A1380049AC2F800B04DE0DDF8BE
:1013D00024B00023059A1380049BC3F800B04FF09B
:1013E000FF3342E01FFA81FB079203900893012725
:1013F00000F0DBBC002F40F09B84984500F2B084E5
:10140000002E39D03F2800F0D584002719F80010AD
:101410005B1A9BB2461E06F03F0016F03F0618BF4F
:10142000012600F0A9BC0699092940F0C9843F2192
:1014300003910BE0B3B20132D2B23F21039105E038
:10144000002395E7002393E70390634605990B80FB
:10145000039B42EA8302D2B2130443EA02631343BA
:1014600043EA0223049A1360002323600025FEF759
:10147000E9BC079A089BE9E70390E7E7079A089B0E
:10148000E4E73F210391E1E7002C00F0098427788D
:101490006478EDF79DFE0546022C0ED0042C0CD08E
:1014A00004F0FD04012C1AD0FB4300220092DBB2B1
:1014B0006A493046FDF776FD05E03B460022674964
:1014C0003046FDF739F93B46002265493046FCF7C6
:1014D000A5FF2846EDF794FE0025FEF7B3BC009764
:1014E000FF2300225D493046FDF75CFDEBE7022358
:1014F0000193002500952B462A461A21FCF791FA04
:10150000FEF7A0BCFEF7E0FB0025FEF79BBCFEF754
:10151000C7FB0025FEF796BC02230193002500952A
:101520002B462A461421FCF77CFAFEF78BBC0224DA
:101530000194002500952B462A461521FCF771FAE7
:10154000019400952B462A4615213046FCF769FA8E
:10155000FEF778BC02230193002500952B462A460E
:101560001621FCF75EFAFEF76DBC002C00F09B83A1
:101570003AB900224FF4D011FCF703FB2070FEF7BC
:1015800061BC01224FF4D011FCF7FBFA207000255A
:10159000FEF758BC002C00F08983247800224FF419
:1015A000D011FCF7EEFA00F09F03234300224FF422
:1015B000D0113046FDF7C0F80025FEF743BC002CE3
:1015C00000F07783247812F0FF051ED0012D40F043
:1015D0007383022501224FF4D0113046FCF7D1FA73
:1015E000ACB920EA0503DBB201224FF4D01130463A
:1015F000FDF7A2F8002210213046FCF79AFA10F409
:10160000801F0BD00025FEF71DBC0425E2E7012C4E
:1016100040F0568340EA0503DBB2E5E74FF4801360
:1016200000934FF0FF33002210213046FDF748FBB6
:101630000025FEF707BC002C00F0468323785B03EF
:1016400003F4005300934DF6FF7300220549FDF7A4
:10165000C5FE0025FEF7F6BBA47F03001C000100B9
:10166000180001000C000E00247F0300647F0300BB
:10167000002C00F02C8325786268012A15BF6FF4D6
:1016800060336FF4E043DF27EF2714BF4FF02008EB
:101690004FF010080024009422464FF4A021FDF7DB
:1016A0000FFB00943B462246BE493046FDF77AFCCC
:1016B000012D03D065B10025FEF7C4BB254600947B
:1016C0003B462246B8493046FDF76CFCFEF7BABBF4
:1016D000CDF80080FF230022B3493046FDF762FCBD
:1016E000FEF7B0BB002C00F0F582227812F0010F5B
:1016F0002DD0570107F0400740244FF4E01312F0BB
:10170000040F28D043F4600344F08004120102F077
:10171000800217434FF400120092DB4300224FF483
:10172000A0213046FDF7CCFAE443A4B20025009591
:1017300023462A469B493046FDF750FE0097234634
:101740002A4699493046FDF749FEFEF77BBB002744
:101750003C463B46D3E70022DEE708230093FF2305
:1017600001224FF48021FDF71DFC904C02230093D1
:10177000FF23032221463046FDF714FC0025009587
:10178000F72301224FF480213046FDF70BFC009532
:10179000FD23032221463046FDF704FCFEF752BB31
:1017A000002C00F09A826388DB0003F4FF63227848
:1017B0000AB143F4006300934FF2070300224FF491
:1017C00080213046FDF70AFE0025FEF73BBB002CCA
:1017D00000F08682E3B29A1C01239340013BDBB206
:1017E00000224FF40031FCF7A7FF0025FEF72ABBCB
:1017F000002C00F07882E37A002B00F07782637B84
:10180000012B21D9227B6A4B33F812201201D30A13
:10181000C2F30A0202F58062B2F5006F28BF0133FD
:101820009BB203F07F0300934FF68073022261495D
:101830003046FDF7D3FD942300225F493046FCF784
:101840007BFF0025FEF7FEBA227B594B33F812309E
:101850004FF4356202FB03F2930CC2F3CA1202F595
:101860008062B2F5006F28BF01339BB2D9E7002C2C
:1018700000F03F8200225149FCF75BF9206000250F
:10188000FEF7E0BA002C00F0378200224C49FCF74A
:1018900050F920600025FEF7D5BA002C00F02F8209
:1018A0004FF4A81323600025FEF7CCBA002C00F0FB
:1018B000298200250B9510AF192347F8103D00979A
:1018C00004232A463F49FCF741FD41F648730C9337
:1018D000009704232A463C493046FCF737FD0BAB02
:1018E000009304232A464FF4E8113046FCF717F919
:1018F0000B9B2360FEF7A6BA002C00F006820022A4
:101900003249FCF716F980B2206000223049304697
:10191000FCF70FF9430D9B019BB263600025FEF7B6
:1019200091BA002C00F0F481637D33B1012B5BD0C0
:10193000022B00F08280FF232FE000222549FCF7D4
:10194000F8F8C0F30B002060002223493046FCF772
:10195000F0F8C0F315006060002220493046FCF723
:10196000E8F8C0F31500A06000221D493046FCF7DE
:10197000E0F8C0F31500E06000221A493046FCF799
:10198000D8F8C0F31300206103220C493046FCF75D
:10199000F8F8C0F3021020750023A3750025FEF7A8
:1019A00051BA00BF080005000C0005000800110036
:1019B000B07F030014000E0018000E00600003004A
:1019C0004C000F0004001F0008001F0048000C001E
:1019D00028000C0058000C0030000C0034000C00F3
:1019E00038000C002C000C000022D449FCF7A1F8B0
:1019F000C0F30B0020600022D1493046FCF799F873
:101A0000C0F3150060600022CE493046FCF791F823
:101A1000C0F31500A06000224FF450213046FCF7BF
:101A200088F8C0F31500E0600022C7493046FCF793
:101A300080F8C0F313002061A6E70022C349FCF739
:101A400078F8C0F30B0020600022C1493046FCF753
:101A500070F8C0F3150060600022BE493046FCF704
:101A600068F8C0F31500A0600022BB493046FCF7BF
:101A700060F8C0F31500E0600022B8493046FCF77A
:101A800058F8C0F3130020617EE70025FEF7DAB9AD
:101A90000025FEF7D7B90025FEF7D4B90025FEF7DB
:101AA000D1B90025FEF7CEB90025FEF7CBB9002548
:101AB000FEF7C8B90025FEF7C5B90025FEF7C2B983
:101AC0000025FEF7BFB90025FEF7BCB90025FEF7DB
:101AD000B9B90025FEF7B6B90025FEF7B3B9002560
:101AE000FEF7B0B90025FEF7ADB90025FEF7AAB99B
:101AF0000025FEF7A7B90025FEF7A4B90025FEF7DB
:101B0000A1B90025FEF79EB90025FEF79BB9002577
:101B1000FEF798B90025FEF795B90025FEF792B9B2
:101B20000025FEF78FB90025FEF78CB90025FEF7DA
:101B300089B90025FEF786B90025FEF783B900258F
:101B4000FEF780B90025FEF77DB90025FEF77AB9CA
:101B50000025FEF777B90025FEF774B90025FEF7DA
:101B600071B90025FEF76EB90025FEF76BB90025A7
:101B7000FEF768B90025FEF765B90025FEF762B9E2
:101B80000025FEF75FB90025FEF75CB90025FEF7DA
:101B900059B90025FEF756B90025FEF753B90025BF
:101BA000FEF750B90025FEF74DB90025FEF74AB9FA
:101BB0000025FEF747B90025FEF744B90025FEF7DA
:101BC00041B90025FEF73EB90025FEF73BB90025D7
:101BD000FEF738B90025FEF735B90025FEF732B912
:101BE0000025FEF72FB90025FEF72CB90025FEF7DA
:101BF00029B90025FEF726B90025FEF723B90025EF
:101C0000FEF720B90025FEF71DB90025FEF71AB929
:101C10000025FEF717B90025FEF714B90025FEF7D9
:101C200011B90025FEF70EB90025FEF70BB9002506
:101C3000FEF708B90025FEF705B90025FEF702B941
:101C40000025FEF7FFB80025FEF7FCB80025FEF7DB
:101C5000F9B80025FEF7F6B80025FEF7F3B8002521
:101C6000FEF7F0B80025FEF7EDB80025FEF7EAB85C
:101C70000025FEF7E7B80025FEF7E4B80025FEF7DB
:101C8000E1B80025FEF7DEB80025FEF7DBB8002539
:101C9000FEF7D8B80025FEF7D5B80025FEF7D2B874
:101CA0000025FEF7CFB80025FEF7CCB80025FEF7DB
:101CB000C9B80025FEF7C6B84FF0FF35FEF7C2B829
:101CC0004FF0FF35FEF7BEB80025FEF7BBB8002584
:101CD000FEF7B8B80025FEF7B5B80025FEF7B2B894
:101CE0000025FEF7AFB80025FEF7ACB80025FEF7DB
:101CF000A9B80025FEF7A6B80025FEF7A3B8002571
:101D0000FEF7A0B80025FEF79DB80025FEF79AB8AB
:101D10000025FEF797B899F811305A1ED2B2012A61
:101D20007EF6ECAE0222FEF793BE002F3FF468ABC6
:101D300019F800105B1A9BB2FFF788BB20000D005A
:101D400064000C0068000C0060000C0068000D00CE
:101D500040000D0044000D0048000D003C000D0047
:101D60003F2827D0002E7FF451AB013000F03F0018
:101D700019F800100B449BB29C453FF465AB013D44
:101D800015F0FF053FF423AB9E45BFF433AB9845F8
:101D9000CBD9ACEB030109B20029B8BF4942594580
:101DA0007FF720AB002F7FF464AB3F28DAD1002F00
:101DB0007FF464AB032A3FF464AB022A3FF433ABF5
:101DC0001AF802105E1866457FF734AB0B449BB2DD
:101DD0000132D2B20027FFF719BB00BFF0B585B0C2
:101DE0000446436B1968FDF757FE064623681B69D6
:101DF000984703AB002211462046FDF779FF636B3D
:101E00009B6A19682046FDF707FC636B9B6A59685B
:101E10002046FDF753F9636B9B6ADB8900224FF480
:101E200060212046FCF79DFA636B9B6A9B89002228
:101E30007C212046FCF795FA00212046FCF729FB7F
:101E4000002500954FF6FF532A4610212046FDF746
:101E5000C5FA636B9B6A5A8919892046FDF7BCF95C
:101E6000636B9B6A1B8A02220C212046FCF779FADD
:101E7000636B9B6A5B8A2A460C212046FCF771FA49
:101E8000636B197A2046FDF7C3FA636BD968204665
:101E9000FCF713FB616B0B7E4A6909692046FDF76D
:101EA00021FA636B9A7F998B2046FCF719FD226D0E
:101EB000537B2E2B05D0636B93F82C3033F03F030C
:101EC0000AD0636B93F82C3003F03F035373002266
:101ED0002A492046FCF730FC636B93F82D1020460E
:101EE000FDF774F8636B196A2046FCF707FB636B18
:101EF000596A2046FCF726FB636B93F82E309BBB98
:101F0000636B93F82F102046FCF78EFC94F94C502D
:101F1000002D26DB012303FA05F5AFB2184A394636
:101F20002046FCF7EFFF0DF10A0300930223002285
:101F30004FF4A0212046FBF7F2FDBDF80A3023EA5A
:101F40000503ADF80A3000220E492046FCF709FAD5
:101F500094F94D20B2FA82F2520939462046FDF733
:101F6000D5FA304605B0F0BD01230093FF230022CF
:101F700005492046FDF716F8C2E700BF1400090026
:101F800092042001080005000400020008B543681F
:101F9000984708BD01FB00F1032A0AD0C80AC1F323
:101FA0000A0101F58061B1F5006F28BF013080B2F0
:101FB0007047B52000FB01F1C909EFE798290248F5
:101FC00018BF0020704700BFB880030070472DE99C
:101FD000F04184B005460F461E46BDF82C30591E10
:101FE00089B201291CD9D01900F07F003A44C2F30C
:101FF0000441820042EA412243EA0201090A8DF8C3
:102000000C1020B9B3F5004F18D0002B37D041F099
:1020100040018DF80C101A438DF80D20022405E0C4
:102020007A0062F07E028DF80C200124022B06D08B
:1020300026D3A3F50043032B01D9FEE701242B6D22
:102040001B7D4BB92B685D680A9B324603A920466D
:10205000A84704B0BDE8F0810022214603A8F7F7A5
:1020600005FB024631460A98F7F700FB2B68009003
:102070009D680A9B324603A92046A847E9E7012448
:102080002B68D3F800800A9B324603A92046C0473C
:102090002B6D1B7D022BDCD1182FDAD000222146BC
:1020A00003A8F7F7E3FA024631460A98F7F7DEFA93
:1020B000044600221821284600F066F88442C8D061
:1020C000EB68002BC5D09847C3E710B582B0002459
:1020D0000194049C0094FFF77AFF02B010BD00B594
:1020E00085B003AB0093042392B2FFF7EEFF0DF12E
:1020F0000F030DF10B01002013F8012902EB002062
:102100008B42F9D105B05DF804FB00B585B003AB97
:102110000093022392B2FFF7D8FF9DF80D309DF88F
:102120000C0000EB032080B205B05DF804FB08B59D
:1021300000224FF46021FFF7E8FF08BD08B5002238
:102140007C21FFF7E2FF08BD08B5036D9B7B012BE7
:102150000AD0032B0ED10C224FF4F011FFF7D5FF5C
:1021600000B240F30C0008BD00220549FFF7CDFF87
:1021700000B2F6E700220349FFF7C7FF00B2F0E71D
:102180000C00180020000C0000B585B00DF10F0305
:102190000093012392B2FFF798FF9DF80F0005B05E
:1021A0005DF804FB00B585B003AB00930323002268
:1021B0000B49FFF78AFF9DF80E309DF80D0000EBEC
:1021C00003239DF80C0000EB032010F4801F1CBFBC
:1021D0006FEA00306FEA103005B05DF804FB00BF15
:1021E0002900060030B5BDB005460C46036D9A7B4C
:1021F000012A1CD0032A40F0F1819B7D13F0080FC7
:102200000CD113F0040F02AB009314BF382320232A
:1022100000224FF4F011FFF758FF19E002AB0093D2
:10222000E82300224FF4F011FFF74FFF10E09B7DF1
:1022300013F0080F40F0C98113F0040F02AB0093B4
:1022400014BF3823202300224FF4C011FFF73DFFB5
:102250000DF1170204F11A0304F1200012F8011F16
:1022600003F8011B8342F9D19DF815209DF8143025
:1022700043EA0223C3F30C0363849DF81F209DF8F7
:102280001E3043EA0223C3F30D0313F4005F1CBFA7
:102290006FEA83436FEA934323849DF825209DF8DA
:1022A000243043EA0223C3F30B03E3872B6D9B7DAA
:1022B00013F0020F40F07E810AAA631E201D12F85F
:1022C000011B03F8011FD1791972D17B5974834224
:1022D000F5D19DF82F3063719DF82E209DF82D309B
:1022E00043EA0223E3809DF837209DF8363003EB64
:1022F0000223C3F3CF13A4F80D309DF832209DF8CC
:10230000313043EA0223A4F80F309DF83F209DF8B6
:102310003E3003EB0223C3F3CF13E3829DF83A2050
:102320009DF8393043EA022323832B6D9B7D13F004
:10233000040F40F03F819DF843209DF842301B047C
:1023400043EA02639DF8402013439DF8412043EA8D
:10235000022323F0604363629DF847209DF84630D6
:102360001B0443EA02639DF8442013439DF8452073
:1023700043EA022323F00043A3629DF84B209DF81B
:102380004A301B0443EA02639DF8482013439DF83A
:10239000492043EA0223C3F31303E3629DF84F206D
:1023A0009DF84E301B0443EA02639DF84C20134312
:1023B0009DF84D2043EA0223C3F3150323639DF8E0
:1023C00053209DF852301B0443EA02639DF85020CD
:1023D00013439DF8512043EA0223C3F315036363BB
:1023E0009DF857209DF856301B0443EA02639DF880
:1023F000542013439DF8552043EA0223C3F31503E9
:10240000A3639DF865209DF8643043EA0223A38707
:102410009DF877209DF876301B0443EA02639DF80F
:10242000742013439DF8752043EA022323F04043B0
:1024300023649DF87B209DF87A301B0443EA0263F5
:102440009DF8782013439DF8792043EA0223C3F3D3
:10245000130363649DF87F209DF87E301B0443EADC
:1024600002639DF87C2013439DF87D2043EA0223FC
:10247000C3F31503A3649DF883209DF882301B04E9
:1024800043EA02639DF8802013439DF8812043EACC
:102490000223C3F31503E3649DF887209DF886307B
:1024A0001B0443EA02639DF8842013439DF88520B2
:1024B00043EA0223C3F3150323659DF895209DF895
:1024C000943043EA0223C3F30E03A4F854309DF87A
:1024D000A5209DF8A43043EA0223C3F30B03A4F81C
:1024E00056309DF8BF209DF8BE301B0443EA0263BE
:1024F0009DF8BC2013439DF8BD2043EA022323F03E
:102500004043A3659DF8C3209DF8C2301B0443EAF5
:1025100002639DF8C02013439DF8C12043EA0223C3
:10252000C3F31303E3659DF8C7209DF8C6301B0471
:1025300043EA02639DF8C42013439DF8C52043EA93
:102540000223C3F3150323669DF8CB209DF8CA3000
:102550001B0443EA02639DF8C82013439DF8C92079
:1025600043EA0223C3F3150363669DF8CF209DF869
:10257000CE301B0443EA02639DF8CC2013439DF840
:10258000CD2043EA0223C3F31503A3669DF8DD20A3
:102590009DF8DC3043EA0223C3F30E03A4F86C3049
:1025A0009DF8ED209DF8EC3043EA0223C3F30B03C2
:1025B000A4F86E3094F91B30002BC0F2D081E37F79
:1025C00003F00103E3773DB030BD02AB0093E82395
:1025D00000224FF4C011FFF778FD39E69B7D13F020
:1025E000010F00F0B38102AB00936C2300224FF483
:1025F0004021FFF76AFD1DAB00936C2300224FF4CE
:1026000050212846FFF761FD02AA631E201D12F823
:10261000011B03F8011FD1791972D17B5974D17D47
:1026200099768342F3D19DF82530E3779DF80F30FA
:1026300063719DF80E209DF80D3043EA0223E3807C
:102640009DF816309DF8172043EA0222C2F3CF12FC
:10265000A4F80D209DF8152042EA0322A4F80F20CB
:102660009DF81F2043EA0223C3F3CF13E3829DF8B2
:102670001E209DF81D3043EA022323839DF8272066
:102680009DF8263043EA0223C3F30D0313F4005FE1
:102690001CBF6FEA83436FEA934323849DF829208C
:1026A0009DF8283043EA0223C3F30C0363849DF8AA
:1026B0002F209DF82E301B0443EA02639DF82C2046
:1026C00013439DF82D2043EA022323F06043636205
:1026D0002B6D9B7D13F0010F3FF46CAF9DF8332001
:1026E0009DF832301B0443EA02639DF83020134307
:1026F0009DF8312043EA022323F00043A3629DF8B2
:1027000037209DF836301B0443EA02639DF83420DD
:1027100013439DF8352043EA0223C3F31303E36216
:102720009DF83B209DF83A301B0443EA02639DF874
:10273000382013439DF8392043EA0223C3F31503DD
:1027400023639DF83F209DF83E301B0443EA02635B
:102750009DF83C2013439DF83D2043EA0223C3F338
:10276000150363639DF843209DF842301B0443EA40
:1027700002639DF8402013439DF8412043EA022361
:10278000C3F31503A3639DF851209DF8503043EA2D
:102790000223A3879DF861209DF8603043EA02235D
:1027A000C3F30B03E3879DF867209DF866301B0495
:1027B00043EA02639DF8642013439DF8652043EAD1
:1027C000022323F0404323649DF86B209DF86A3078
:1027D0001B0443EA02639DF8682013439DF86920B7
:1027E00043EA0223C3F3130363649DF86F209DF84B
:1027F0006E301B0443EA02639DF86C2013439DF87E
:102800006D2043EA0223C3F31503A3649DF87320EC
:102810009DF872301B0443EA02639DF87020134355
:102820009DF8712043EA0223C3F31503E3649DF886
:1028300077209DF876301B0443EA02639DF87420EC
:1028400013439DF8752043EA0223C3F31503236560
:102850009DF885209DF8843043EA0223C3F30E03DC
:10286000A4F854309DF895209DF8943043EA022353
:10287000C3F30B03A4F856309DF8AF209DF8AE309B
:102880001B0443EA02639DF8AC2013439DF8AD207E
:1028900043EA022323F04043A3659DF8B3209DF84B
:1028A000B2301B0443EA02639DF8B02013439DF845
:1028B000B12043EA0223C3F31303E3659DF8B72075
:1028C0009DF8B6301B0443EA02639DF8B42013431D
:1028D0009DF8B52043EA0223C3F3150323669DF850
:1028E000BB209DF8BA301B0443EA02639DF8B82070
:1028F00013439DF8B92043EA0223C3F3150363662B
:102900009DF8BF209DF8BE301B0443EA02639DF88A
:10291000BC2013439DF8BD2043EA0223C3F31503F3
:10292000A3669DF8CD209DF8CC3043EA0223C3F383
:102930000E03A4F86C309DF8DD209DF8DC3043EAEE
:102940000223C3F30B03A4F86E3033E602AB00930B
:10295000282300224FF44021FFF7B7FB54E6FF2362
:1029600023776377A377E37729E6000000B583B088
:10297000036D9B7B012B0BD0032B10D10091052302
:1029800004224FF4F011FFF7A0FB03B05DF804FB45
:102990000091052300220549FFF797FBF5E7009119
:1029A000052300226021FFF790FBEEE704001800EA
:1029B00010B582B04FF400440194049C0094FFF7DA
:1029C00006FB02B010BD00B585B08DF80C301B0AB7
:1029D0008DF80D3003AB0093022392B2FFF7E8FFAE
:1029E00005B05DF804FB08B50B4600224FF46021EA
:1029F000FFF7E9FF08BD08B50B4600227C21FFF771
:102A0000E2FF08BD08B5012902D0052907D008BD9D
:102A100041F6220300220549FFF7D5FFF7E74FF4FF
:102A2000007300220149FFF7CEFFF0E70400110018
:102A300038B505460C4641F400739BB200224FF4B2
:102A40003021FFF7C0FFA3B200224FF43021284607
:102A5000FFF7B9FF38BD000070B504460E460C4DB7
:102A6000012300222946FFF7AEFF33460022094921
:102A70002046FFF7A8FF0223002229462046FFF741
:102A8000A2FF002204492046FFF729FB70BD00BFCA
:102A900008000B0004000B0010000B0010B584B000
:102AA0008DF80C301C0A8DF80D401C0C8DF80E4072
:102AB0001B0E8DF80F3003AB0093042392B2FFF787
:102AC00077FF04B010BD38B5044689B9002228212B
:102AD000FFF705FB054601224FF460212046FFF772
:102AE00053FB2B1A002228212046FFF7D7FF38BDC1
:102AF00000222821FFF7F3FA054601227C21204617
:102B0000FFF742FB2B1A002228212046FFF7C6FFC1
:102B1000EDE738B505460C4600224FF48031FFF74B
:102B2000DEFA000D0005C4F31303034300224FF443
:102B300080312846FFF7B2FF38BD000008B529B93B
:102B4000054B02220549FFF7A9FF08BD044B0222ED
:102B50000249FFF7A3FFF8E77408D2001000110044
:102B60007488D20438B505460C4600224FF4A021E3
:102B7000FFF7B5FA20F47C3314F0010F18BF43F4CB
:102B8000803314F0020F18BF43F4005314F0040F05
:102B900018BF43F4903300224FF4A0212846FFF7DA
:102BA0007DFF38BD38B505460C460B6800220B4941
:102BB000FFF774FF6368002209492846FFF76EFF9C
:102BC000A368002207492846FFF768FFE368002250
:102BD00005492846FFF762FF38BD00BF0C00020020
:102BE00010000200140002001800020038B505466B
:102BF0000C460B6800220B49FFF750FF6368002268
:102C000009492846FFF74AFFA368002207492846DA
:102C1000FFF744FFE368002205492846FFF73EFF1F
:102C200038BD00BF1C00020020000200240002008A
:102C3000280002002DE9F84F0446354D354B052993
:102C400018BF1D46344EA3F50273052918BF1E4652
:102C5000324F03F5A073052918BF1F46304AA3F56C
:102C6000807305290CBF9046984602F51062A3F5C3
:102C7000885305290CBF914699462A4AA3F5AF63AC
:102C800005290CBF92469A46274B284A05290CBFB6
:102C90009B4693464FF4107300222549FFF7FEFE32
:102CA000244B002224492046FFF7F8FE234B002244
:102CB00023492046FFF7F2FE5B46002221492046C9
:102CC000FFF7ECFE534600221F492046FFF7E6FEC1
:102CD0004B4600221D492046FFF7E0FE43460022F6
:102CE0001B492046FFF7DAFE3B46002219492046E1
:102CF000FFF7D4FE3346002217492046FFF7CEFEE9
:102D00002B46002215492046FFF7C8FEBDE8F88F84
:102D1000F69F0300FE5F0500FE9D03007E9C0300FE
:102D2000FE8E03006E8703003E8003007E40050098
:102D30001C0003004812491A20000300DB48B22D92
:102D4000240003002C0003003000030034000300C3
:102D5000380003003C00030040000300440003006F
:102D600008B500231A460249FFF798FE08BD00BFC8
:102D70000400070038B504460D4600231A460A49E8
:102D8000FFF78CFE00231A464FF4E0212046FFF7A0
:102D900085FE05B938BD4FF0E053002203492046B7
:102DA000FFF77CFEF6E700BF4800070014000700AD
:102DB00070B506460C4615460021FFF7BFFE0F2DE5
:102DC000A8BF0F25631E032B28BF04241023234113
:102DD000002207493046FFF761FE631E9B0005FA9B
:102DE00003F3002203493046FFF758FE70BD00BFD1
:102DF0002800070018000800F0B583B0046DA47B1C
:102E0000032C0CBF4FF4981C4FF4901C9C18B4F585
:102E1000806F19DA1D4616460F4604467F2B15D9DA
:102E20004FEA1C4300220D49FFF738FE2B460022D3
:102E30000B492046FFF732FE0097334600224FF43D
:102E4000E8112046FFF741F903B0F0BD00911346A9
:102E50002A466146FFF739F9F6E700BF04001F0074
:102E600008001F0010B584B004AC04F8013D0094C4
:102E7000012392B2FFF79CFD04B010BD10B50446CB
:102E8000036D9B7B012B13D0032B1DD1F02300225C
:102E90001249FFF7E7FF00224FF4F0112046FFF739
:102EA00034F9236DDA7AA2B1C0F30900D88310BDDA
:102EB0000F2300220949FFF7D5FF00224FF4C0116C
:102EC0002046FFF722F9ECE700224C21FFF71DF91D
:102ED000E7E700F07F00D883E9E700BF18000100B2
:102EE00010B50446036D9B7B012B04D0236D9B7BA7
:102EF000032B06D010BD0F2300220549FFF7B2FFB8
:102F0000F4E7F023002202492046FFF7ABFFF1E788
:102F10001800010038B5044600231A464FF420215A
:102F2000FFF751FD00231A4608492046FFF79AFF94
:102F3000074D00231A4629462046FFF793FF022338
:102F4000002229462046FFF78DFF38BD14000A00F5
:102F500004000A0038B505460C46022300224FF44F
:102F60007021FFF77FFF04B938BD012300224FF421
:102F700070212846FFF776FFF6E7000038B50446D3
:102F80000B4600220A49FFF71EFD0A4D8823002246
:102F900029462046FFF766FF00231A4629462046A9
:102FA000FFF760FF002204492046FFF7EDF838BD27
:102FB0000C000A0004000A0008000A0070B504466C
:102FC0000B461546B1F5807F34BF0026202600222F
:102FD0000B49FFF7F8FC2B4600220A492046FFF771
:102FE00041FF094D46F09003002229462046FFF795
:102FF00039FF00231A4629462046FFF733FF70BDEC
:103000000C000A0010000A0004000A0070B5044613
:103010000D461646002240F20B11FFF7CFFF4FF48A
:1030200082712046FFF7AAFF00F01F024FF4827161
:103030002046FFF7C3FF236D1A8A15431D82226DB8
:10304000138A13F4006F1CBF23F400631382236DF3
:103050001B8A00224FF420212046FFF7B4FC3346A0
:10306000002202492046FFF7FDFE70BD14000A0051
:1030700008B50B4601222421FFF7F4FE08BD00002D
:1030800000B583B000910C2300220349FFF790FCA8
:1030900003B05DF804FB00BF3400010000B587B049
:1030A00013468A7A8DF808204A7A8DF809200A7A20
:1030B0008DF80A20CA798DF80B208A798DF80C20BA
:1030C0004A798DF80D200A798DF80E20CA788DF88E
:1030D0000F208A788DF810204A788DF811200A7810
:1030E0008DF8122000228DF813208DF814301B0A61
:1030F0008DF815300B7B8DF81630CB7A8DF81730A4
:1031000002AB009310230349FFF752FC07B05DF8B0
:1031100004FB00BF34000100F0B583B05C18B4F5C7
:10312000806F24DA1C4617460E4605467F2B15D9BC
:10313000142300220F49FFF7B1FC234600220E4959
:103140002846FFF7ABFC0097334600224FF4E81106
:103150002846FFF72DFC002003B0F0BD00920B467F
:1031600022464FF4A011FFF723FC0020F4E74FF0B4
:10317000FF30F1E704001F0008001F0010B582B007
:103180000446022301930022009213461321FEF706
:103190001EFF236D9A7B032A0CBF012203229A7320
:1031A00002B010BD2DE9F041044600224FF4F811A1
:1031B000FEF7EAFF0546002244212046FEF78FFF76
:1031C0000646236D0022DA8383F820209A619A83D1
:1031D00083F821205A62236D5C62236D9F7B002F50
:1031E0007FD1236D9E61D4F8508098F8153003F09C
:1031F0000303032B00F0908015F0800F40F09380C4
:1032000015F0010F40F0C18015F0400F0BD0636A3C
:1032100013B1206D183098474FF4C0730222442137
:103220002046FFF7D0FB15F0080F07D1236D9B7BDD
:10323000002B00F0EA80002F00F0E780236D0022D1
:1032400083F8202016F4802F00F0AD80226D92F8D4
:10325000203043F0080382F820304FF4802716F026
:10326000805F08D0226D92F8203043F0100382F87E
:10327000203047F0805716F4005F06D0226D537D52
:1032800003F00303032B00F09A8016F4804F40F004
:10329000A28047F4DE43002244212046FFF7FEFBD4
:1032A0002046FFF71DFE206DC38B002B40F0A2804F
:1032B000437D03F00303032B00F09C80836923F418
:1032C00090438361226D936943F480539361E36972
:1032D00013B1206D18309847236D002283F8202009
:1032E0008CE06D492046FEF74FFF0746236D9B7B20
:1032F000032B08BFC0F3071717F0010F18BF46F4E0
:10330000804617F0020F18BF46F4005617F0040F5E
:1033100018BF46F4806664E716F4005F1CBF45F0F2
:103320000805EDB268E7002248212046FEF7EDFED1
:10333000A8F81C00236D1A7D1AB19A6912F0040FC7
:1033400003D19B8B03F460638BB1042300224421DF
:103350002046FFF787FD4FF4606300224821204696
:10336000FFF731FB236A13B1206D18309847236DA6
:103370009B8B13F4807F3FF443AF4FF480730022A4
:1033800048212046FFF71FFB3AE7F823002244219B
:103390002046FFF767FD2369002B3FF435AF206D12
:1033A0001830984730E716F4806F1FBF226D92F8EF
:1033B000203043F0040382F8203000274FE792F8D2
:1033C000203043F0020382F82030236D0022DA839C
:1033D00047F400475DE72046FFF750FD10F4004F2B
:1033E0003FF457AF226D92F8203043F0010382F88A
:1033F00020304EE763690BB118309847236D9B7BF3
:1034000003BB236D002283F8202015F0100F1DD17F
:1034100015F0200F2DD1002220492046FEF7B4FEE2
:10342000236D83F8210010F0030309D000221B490B
:103430002046FFF717FDA36A13B1206D1830984797
:10344000BDE8F0812046FFF799FEDAE7144B002231
:1034500044212046FFF722FB2046FFF741FDE369A8
:1034600013B1206D18309847236D002283F8202077
:10347000CEE70C4B002244212046FFF70FFB2046ED
:10348000FFF72EFDA36913B1206D18309847236D07
:10349000002283F82020BEE7180001003800110048
:1034A000009405340004221030B585B0089C8DF8D6
:1034B00008301D0A8DF809501D0C8DF80A501B0E9E
:1034C0008DF80B308DF80C40230A8DF80D30230C4D
:1034D0008DF80E30240E8DF80F4048F2030301934F
:1034E00002AB0093082392B2FEF771FD05B030BD28
:1034F00000B583B04FF4803300934FF0FF330022C8
:103500000249FFF7D1FF03B05DF804FB040011008E
:1035100070B582B004460E46134D4FF00823009359
:103520004FF0FF3300222946FFF7BEFF4FF0601334
:1035300000934FF0FF33002229462046FFF7B4FFE7
:103540000A4B00934FF0FF3300224FF4E021204656
:10355000FFF7AAFF0EB902B070BD054B0022054966
:103560002046FFF79BFAF6E748000700003C000200
:10357000001101011400070000B583B0054B009352
:103580004FF0FF3300220449FFF78EFF03B05DF8D0
:1035900004FB00BF003C0002040007002DE9F043DB
:1035A00083B004460D461746564E00223146FEF7BC
:1035B00096FD81464FF4704300934FF0FF33002295
:1035C00031462046FFF770FFDFF83C8118230022C8
:1035D00041462046FFF7F7F925212046FFF728FA54
:1035E00002212046FFF724FA4FF4FE712046FFF730
:1035F0001FFAF9B241F480712046FFF719FA4FF42F
:1036000080712046FFF714FA00212046FFF710FAD8
:1036100002212046FFF70CFA4FF4E0712046FFF735
:1036200007FAE9B241F480712046FFF701FAC5F3C9
:10363000072141F480712046FFF7FAF9C5F30741ED
:1036400041F480712046FFF7F3F9290E41F48071AF
:103650002046FFF7EDF900212046FFF7E9F93A216E
:103660002046FFF7E5F940F2FF112046FFF7E0F9A9
:103670004FF485712046FFF7DBF900212046FFF764
:10368000D7F93A212046FFF7D3F940F2011120463D
:10369000FFF7CEF9022300224FF430212046FFF736
:1036A00092F900231A464FF430212046FFF78BF998
:1036B0000220EBF7CFFD3A212046FFF7B9F94FF48E
:1036C00081712046FFF7B4F9022300224FF4302124
:1036D0002046FFF778F900231A464FF430212046A0
:1036E000FFF771F900231A4641462046FFF76BF9B0
:1036F0004B46002231462046FFF7D0F903B0BDE823
:10370000F08300BF4400070008000B00F0B583B051
:10371000002423460126072702E00134092C09D0A2
:1037200006FA04F50D42F8D004EB440507FA05F556
:103730002B43F2E71A400092DB4300224FF4A02112
:10374000FFF7B2FE03B0F0BD00B583B07F2A88BF9B
:10375000803241EAC32141EA02410091034B002239
:103760002021FFF7A1FE03B05DF804FB00F400FC8C
:1037700000B583B000920B4600224421FFF794FE6F
:10378000002003B05DF804FB00B585B08DF80C3067
:103790009DF818308DF80D3048F20103019303AB0A
:1037A0000093022392B2FEF712FC05B05DF804FB11
:1037B00070B582B004460D4659B1164640230093B9
:1037C000FF2300221021FFF7DFFF022D07D1E66063
:1037D00005E000220092BF231021FFF7D5FF236DE3
:1037E0001D7502B070BD000030B583B004460D46B3
:1037F00011F0010F15D000230093EF2302224FF4A4
:103800006021FFF7C1FF236D9D75236D9B7D5B08D4
:1038100010D06B0800220E492046FFF723FB03B0AF
:1038200030BD10230093FF2302224FF46021FFF7E5
:10383000ABFFE8E701230093FF2300220449204661
:10384000FFF7A2FF226D937D43F002039375E6E735
:103850002000010000B583B001230093FF23002264
:103860000249FFF791FF03B05DF804FB040002007A
:103870002DE9F04F8BB00746DFF820820022414649
:10388000FEF72DFC04907D4C002221463846FEF7C1
:1038900026FC05907A4D002229463846FEF774FC36
:1038A0000690784E002231463846FEF718FC8246D4
:1038B0000790002274493846FEF711FC8146734B8D
:1038C00000936FF07C53002241463846FFF7ECFD31
:1038D0004B46002231463846FFF7E0F85346DB00FE
:1038E00003F0380343F0400300938623002221466F
:1038F0003846FFF749FF0023032221463846FFF7E9
:10390000B1FA4FF00009CDF80090FE234A4629464F
:103910003846FFF739FF4A463C213846FEF7DFFBC1
:1039200008904A4640213846FEF7D9FB09904B469D
:103930004A463C213846FFF7B1F84B464A464021FB
:103940003846FFF7ABF8F5F763FE4FF0020B4C4635
:103950004D464E46C846CDF80C90CA460EE0F5F7E7
:1039600057FE039B002B00F08280BBF1010F00F09B
:10397000818001230393BBF1010B43D05046F5F73F
:1039800055FE1420EBF770FC4FF00409CDF800A0B1
:10399000FE2352464FF440313846FFF7F5FE01232F
:1039A0000093FE2352464FF440313846FFF7ECFEB9
:1039B000524637493846FEF792FB58FA80F81FFA0C
:1039C00088F8C0F307231E44B6B2C0F307431D4472
:1039D000ADB204EB1064A4B2B9F10109D6D1C8F3B9
:1039E0008708C6F38706C5F38705C4F387045246E4
:1039F00044213846FEF773FB264B1842AFD0F5F74B
:103A000007FEB2E74FF00009089B00223C21384630
:103A1000FFF744F8099B002240213846FFF73EF8A3
:103A20002B0403EB046303EB0623434400221A49EF
:103A30003846FFF733F8049B002218493846FFF751
:103A40002DF8059B00220D493846FFF727F8069B05
:103A500000220B493846FFF705FA079B0022094967
:103A60003846FFF71BF848460BB0BDE8F08F4FF023
:103A70000009C9E76FF00509C6E700BF140003009D
:103A8000180003002C00030044000300000001386C
:103A90004C00030000FF273410000300140007004F
:103AA00010B50446036D9B7D5B081AD000221249B5
:103AB0002046FEF72AFBC0F3C403093B0F2B0CD8AA
:103AC00000F0010000280CBF05210921236D1B7A9D
:103AD000012B02D02046FFF7ADF82046FFF7C8FEC5
:103AE00010BD012300220549FFF7BCF9226D937D2B
:103AF00043F002039375D9E708000100200001009C
:103B000070B582B004460D460121FEF77BFF00210F
:103B10002046FFF7FDFC2046FFF72EFDC5F30B0303
:103B2000002215492046FEF74EFF03230093FF2392
:103B3000002212492046FFF727FE104E00252A4694
:103B400031462046FEF720FB10F0010FF7D120464A
:103B5000FFF706F900212046FFF70CF90521204662
:103B6000FEF750FF002206492046FEF70DFB00F04D
:103B70003F0002B070BD00BF1C000800100008002C
:103B80001C00070038B505460C46B1F8051049B1D0
:103B9000FFF7B6FFD4F80130002205492846FEF7AA
:103BA0007DFF38BD237800220249FFF75BF9F1E77A
:103BB000040001001C00070030B583B004460D4628
:103BC00010230093FF2300220649FFF7DDFD2B465B
:103BD000022D38BF0223002228212046FEF75EFF77
:103BE00003B030BD28000F0030B583B00446012972
:103BF0001DD0022930D001230093FF230022264943
:103C0000FFF7C2FD254D4FF4000300936FF480735E
:103C1000002229462046FFF747FC002300937F231C
:103C2000022229462046FFF7AFFD03B030BD052133
:103C3000FEF7E8FE4FF4817300934FF0FF3300224C
:103C400017492046FFF730FC01220092FF23134959
:103C50002046FFF799FDE8E703230093FF230022A6
:103C60000D49FFF791FD0D4D4FF4000300936FF4E4
:103C70008073002229462046FFF716FC002300939C
:103C80007F23022229462046FFF77EFD052120469C
:103C9000FEF7B8FEC9E700BF0400110008001100DC
:103CA0000800090030B583B0054602290ED0002473
:103CB0000094FE2322461021FFF766FD234622468C
:103CC00014212846FEF77FFE03B030BD14460123C1
:103CD0000093FF2300221021FFF756FD2346002208
:103CE00014212846FEF76FFEEEE700002DE9F041B3
:103CF00082B005462A4C01230093FF23002221466F
:103D0000FFF742FD10230093FF230022214628469F
:103D1000FFF73AFD03244FF01408224F00264046D7
:103D2000EBF7A2FA324639462846FEF72DFA01286B
:103D300034D0631E13F0FF04F1D16FF00204184E6B
:103D400000231A4631462846FFF78CF8012300224B
:103D500014492846FFF786F801230093FF23022227
:103D600031462846FFF710FD00220F492846FEF78E
:103D7000B6F96FF06043984208BF6FF00304002269
:103D80000A492846FEF7ABF96FF06043984214BF2A
:103D900020466FF0040002B0BDE8F0810024CEE7B9
:103DA0000C00040020000400140004001C000400A7
:103DB0002DE9F04383B00546884617461C46EBF7CD
:103DC00007FA0646022C19D0042C17D004F0FD0384
:103DD000012B3FD04FF00009CDF800906FEA0803A7
:103DE0004A463C212846FFF75FFBCDF80090FB4395
:103DF0004A4640212846FFF757FB0BE04346002286
:103E00003C212846FEF74AFE3B4600224021284638
:103E1000FEF744FE033CE4B2012C2DD900223C21E4
:103E20002846FEF75CF90346002244212846FEF7A7
:103E300035FE002240212846FEF751F903460022B4
:103E400048212846FEF72AFE3046EBF7D9F903B0A1
:103E5000BDE8F083CDF800804FF0FF3300223C2115
:103E60002846FFF721FB00974FF0FF330022402147
:103E70002846FFF719FBCDE710210091FF2302220E
:103E80002846FFF781FCC9E700B583B000290BBFC6
:103E9000FF23F72300220822009201221021FFF7BE
:103EA00073FC03B05DF804FB10B584B0BDF8184096
:103EB0008DF80C301B0A8DF80D308DF80E40240A59
:103EC0008DF80F4048F20203019303AB00930423E3
:103ED00092B2FEF77CF804B010BD000030B583B09C
:103EE00005460C46036D59750B0303F430430093EC
:103EF00044F6FF7300221021FFF7D6FF04F00304FD
:103F0000032C0CBF044B054B002205492846FEF745
:103F1000C5FD03B030BD00BFCC355FAF4C585FAFBF
:103F20000C00060030B583B0044611F0010F1FD01D
:103F30000D464FF4107300936FF47C6300224FF42E
:103F4000A021FFF7B1FA4FF4040300934FF0FF33C1
:103F5000002218492046FFF7A7FA15F0020F1AD1E0
:103F60004FF48873002214492046FEF797FD10E0B5
:103F7000002500956FF47C632A464FF4A021FFF7DB
:103F800093FA00954FF6FF632A460B492046FFF748
:103F90008BFF03B030BD084D084B00222946204658
:103FA000FEF77CFD4FF48873002229462046FEF779
:103FB00075FDEEE7040011001800110010010F005C
:103FC000F0B583B00446012909D01420EBF74CF971
:103FD0002046FFF78BFE0546284603B0F0BD0F4E86
:103FE00000223146FEF791F8074640F2071300938E
:103FF0004FF6FF73002231462046FFF755FF14208D
:10400000EBF732F92046FFF771FE054600220092D9
:104010003B4631462046FFF747FFDDE748000700F3
:1040200000B583B0012A09D0CB43002200929BB295
:104030000649FFF739FF03B05DF804FB00914FF626
:10404000FF7300220149FFF72FFFF4E70C00050082
:10405000F0B583B004460F4616461D4648F24003AD
:1040600000934FF6FF7300221849FFF71DFFAA19AE
:1040700043F201039A4215DC7F2D1DD9152300223E
:1040800013492046FEF70AFD2B460022114920461F
:10409000FEF704FD0097334600224FF4E811204656
:1040A000FEF713F80022009247F6BF730749204637
:1040B000FFF7FAFE03B0F0BD009733462A464FF4EF
:1040C000A8112046FEF701F8ECE700BF040011003C
:1040D00004001F0008001F002DE9F04F83B00446C4
:1040E0000D4691F800900B79182B14D8CF78182F23
:1040F00094BF00270127FFB2EB79012B0CBF1021E1
:1041000000216B78013B062B10D8DFE803F0060F87
:104110000F120C0F09000127EDE74FF0400A0AE0EB
:104120004FF0480A07E04FF0800A04E04FF4807A2D
:1041300001E04FF0200A226D138A23F0E00313827E
:10414000236DEA79DA722E7BB31C01269E401FFA9A
:1041500086F8226DCA4B03FB08F3DB0B5382236DF9
:10416000EA7A5A752B7A5B0103F020036A7B43EAF3
:104170000243EA7A120302F4304213430B430093E2
:10418000C04B002210212046FFF78EF9002F40F08F
:10419000FE80EB7ABBB16B7B012B287B94BF0322A3
:1041A00004221021B84B33F81000FDF7F3FE0AEBA0
:1041B000C80A00F07F0000904FF680730222B349D6
:1041C0002046FFF771FE94230093B14B0022B149C2
:1041D0002046FFF769F9BAF1FF0F40F30381226D22
:1041E000138A43F0200313824FF4006300934CF6CC
:1041F000FF730022A8492046FFF756FE6B7B012B78
:1042000000F0FB80AB7843F010030093FC23002206
:104210004FF4C0212046FFF7B7FA731EDBB200222D
:104220004FF400312046FEF71DFE6B78072B0CBFC4
:10423000082100212046FEF71BFFEB7A03F0030361
:10424000032B0CBF954B964B002296492046FEF758
:1042500025FC002294492046FDF741FF20F4FF5041
:1042600020F01F00B9F1090F08BF40F001002A79C2
:10427000120202F4F852EB78DB00DBB21A436B79DE
:104280005B0003F0060313430343002286492046E4
:10429000FEF704FCAA796B781B0343EA82230093A0
:1042A0006FF47443002220212046FFF7FDF8B5F893
:1042B000093023B96FF07E036B720023AB72B5F83F
:1042C000093002224FF4C0212046FEF77CFB022277
:1042D00076492046FDF758FF236DDB7B4B4500F008
:1042E0009680032800F09780B9F1090F00F09880BC
:1042F0006F4B00934FF0004300226E492046FFF7BA
:10430000D3F841F63C7300224FF410212046FEF70B
:104310005AFB1423012268492046FEF7A3FD0E2311
:10432000022266492046FEF79DFD81230022644952
:104330002046FEF797FD00260096FC2303226149E4
:104340002046FFF721FA0223324644212046FEF799
:1043500089FD01212046FFF747FC4FF0320B4FF05B
:104360001408374644264046EAF77EFF3A4631466F
:104370002046FDF709FF10F0020F40F0AF800BF16F
:10438000FF3313F0FF0BEED16FF00100E6E0226D7A
:10439000138A43F0600313824FF4C05300936FF409
:1043A000405300223C492046FFF77EF840F2063396
:1043B000002245492046FEF771FB00231A46434977
:1043C0002046FEF76BFB424B002230492046FEF7A9
:1043D00065FB9D2300932E4B00222E492046FFF7BC
:1043E00063F80BE74FF4205300934CF6FF73002261
:1043F00029492046FFF758FD00E7AB780093EC23EE
:1044000000224FF4C0212046FFF7BEF905E703283C
:104410007FF46AAF65E002212046FFF7E5FB63E722
:104420002C4B00934FF00043002222492046FFF717
:104430003BF840F63C7300224FF410212046FEF773
:10444000C2FA66E74FF4807300934FF6FF730022C1
:1044500011492046FFF728FD226D138A43F0080317
:10446000138250E000220092FE231B492046FFF7F2
:104470008BF952E001212046FFF7A2FD6BE000BF5F
:1044800068660200CF4FFCFFC080030014000E00DE
:1044900000FFFFBF18000E0008000B00CC355FAF17
:1044A0004C585FAF0C0006000800010030000F0000
:1044B0003411071C1C0007005000070018000700FB
:1044C00008000900040009000C000E0010000E0096
:1044D0000A5A0C003400011C18000300236D83F8F5
:1044E0000F902B79093BDBB20F2BBBD8236D1B7AC6
:1044F000012BA7D049462046FEF79CFB226D138A6C
:1045000023F0080313824FF4C843009348F2FF13CB
:10451000002214492046FFF7C7FCBAF1400FCCBF78
:104520004FF000534FF0A05300936FF07F430022F1
:104530000D492046FEF7B8FF01230093FF23022216
:104540000A492046FFF720F9002209492046FDF7D5
:10455000C6FD00288ED02046FFF78AF903B0BDE8DB
:10456000F08F00BF18000300100006000C000400CC
:10457000140004002DE9F04182B005460E46036D9B
:10458000002B5BD02C6D0023A373022222822375A3
:104590006375E3736372A37204212846FEF75CFA25
:1045A000074605212846FEF757FA80460A21284685
:1045B000FEF752FA2FB1B8F1000F02D080B20028F6
:1045C00041D120212846FEF747FAB0F5107F0CBFF5
:1045D00001230023237216F0100F43D116F0200F91
:1045E00046D116F0400F49D116F0800F4DD1A37A75
:1045F0000BB98523A372637A0BB9742363721F21ED
:104600002846FEF729FA20731E212846FEF724FAD1
:1046100010F03F0012BF60732E236373637B002290
:1046200020492846FEF71EFC35212846FEF714FADD
:10463000034680BB002002B0BDE8F0812820F2F7DD
:1046400067FD28659EE74FF4C06300934FF6FF7344
:10465000002215492846FFF727FC238A43F014035C
:104660002382AEE706212846FEF7F6F92060B5E77B
:1046700007212846FEF7F0F96060B2E708212846D6
:10468000FEF7EAF9000C6072AEE709212846FEF752
:10469000E3F9A072ABE7002204492846FEF7FEF9D1
:1046A000C8E700BF1400090008000B00040009005F
:1046B00030B583B005460C4671B121F00203013BD1
:1046C0000F2B62D8DFE803F0116161246161612D75
:1046D000616161616161613A022101910022009290
:1046E0001346FDF774FC204610E0022301930022DC
:1046F000009213460421FDF76AFC03224421284658
:10470000FDF742FD10F0080F25D1002003B030BDA9
:10471000022301930022009213460A21FDF757FC61
:10472000EBE70021FEF7CFF902230193002200926C
:10473000134608212846FDF74AFCDEE70121FEF773
:10474000C2F9022301930022009213460621284653
:10475000FDF73DFCD1E702230193002100910B46B8
:104760000A462846FDF733FC14F0020F02D04FF042
:10477000FF30CBE702210191002200921346284628
:10478000FDF725FC4FF0FF30C0E74FF0FF30BDE7ED
:1047900070B582B006460225019500240094234698
:1047A00022461921FDF713FC336D9C731D821C7585
:1047B0005C75DC7302B070BD70B582B00646022530
:1047C000019500240094234622461821FDF7FFFBA3
:1047D000336D9C731D821C755C75DC7302B070BDFB
:1047E0002DE9F04F8DB0064615461C469C2900F277
:1047F0009F80DFE811F0B909C409A100A600C1003B
:1048000051019D0176015C01AE01B301BC01C501FE
:10481000CE01D701E001E501EE01720278027E02CD
:1048200089028F0295029A02A002A502AE02B70287
:10483000C002C9020403F902EE02D202E0021E0322
:10484000F8011A02390242025802BA08BF081503D9
:1048500027032C0336033C03470352035B03860301
:104860009D03A9030A03B503BF03D203F9030B0495
:104870004D0457047D048C04A7049504B104F70487
:104880000F052F054405580561057D056A0592064B
:10489000C1061107170722073B075B0765078F074C
:1048A000BD07C607CC07D507E207EF07F9070208DF
:1048B0000B081608210827084A08550860086B08E5
:1048C0008D089808B108C5084F0959096409CC0931
:1048D0006E09AE09B306030924093A0A2F0AD90959
:1048E000E409EF09FA09050A100A1B0A240A320C26
:1048F000690CA30CC50C2D0E410E4A0A570B890BEF
:10490000930B970B9B0BA50BB70BC10BD40BE80BB1
:10491000220CDB0CE50CFD0C180D2D0D4D0D890D39
:10492000A10DB70DC70DFC0EF60DEC0D080E000E17
:104930004FF0FF3501F05CBEFDF728FB002501F0CC
:1049400057BE0222C049FDF71FFC032802D80025EC
:1049500001F04EBEEAF73CFC044602230193002519
:1049600000952B462A4629463046FDF730FB204667
:10497000EAF746FC01F03CBE002C01F03D862478AD
:1049800014F01D0F63D014F0010F25D014F0020FA6
:104990004FF0020301934FF000020092134614BF40
:1049A0000D210321FDF713FB032244213046FDF7BF
:1049B000EBFB10F0080F08BF002501F01986022359
:1049C0000193002100910B460A463046FDF7FFFA9D
:1049D0004FF0FF3501F00CBE14F0080F11D114F0A8
:1049E000100F21D114F0020F4FF0020301934FF08A
:1049F00000020092134614BF10210921FDF7E7FAC7
:104A0000D2E70021FEF75FF814F0020F4FF0020327
:104A100001934FF000020092134614BF0F210721AB
:104A20003046FDF7D4FABFE70121FEF74CF814F049
:104A3000020F4FF0020301934FF000020092134661
:104A400014BF0E2105213046FDF7C1FAACE714F082
:104A5000200F10D014F0020F4FF0020301934FF01B
:104A6000000500952B462A4614BF11210B21FDF7A6
:104A7000AEFA01F0BDBD14F0020F4FF00203019336
:104A80004FF0000500952B462A4614BF0C2101214A
:104A9000FDF79DFA01F0ACBD002C01F0AF85236855
:104AA00000222821FDF7FAFF002501F0A1BD2368AF
:104AB00000226649FDF7F2FF636800226449304630
:104AC000FDF7ECFFA368002262493046FDF7E6FFE0
:104AD000E368002260493046FDF7E0FF002501F061
:104AE00087BD002C01F08C8523886568032D01F2B9
:104AF0008985DFE805F002080F1600225749FDF707
:104B000062FF01F075BD02225449FDF75CFF0025EC
:104B100001F06EBD00225249FDF755FF002501F05E
:104B200067BD02224E49FDF74EFF002501F060BD32
:104B3000002C01F0698523785B0003F006030093E5
:104B40006FF0060300224749FEF7AEFC002501F096
:104B50004FBDFEF7CDFC002501F04ABD002C01F051
:104B60005585036D1B7B2370002501F041BD002C92
:104B700001F04E85036D5B7A2370002501F038BD8E
:104B8000002C01F04785036D9B7A2370002501F00E
:104B90002FBD002C01F04085036D1B6823600025AC
:104BA00001F026BD002C01F03985036D5B682360A0
:104BB000002501F01DBDFEF7E1FA002501F018BD4A
:104BC000002C01F02D852168FDF7A3FF002501F0E1
:104BD0000FBD002C01F0268562682178FEF7E8FD04
:104BE000002501F005BD002C01F01E8565682378C5
:104BF00003224FF48031FEF735F94DB900220092BF
:104C00004FF2FF7310213046FFF74EF901F0F0BC70
:104C10004FF4812300934FF0FF33002210213046E0
:104C2000FEF742FC002501F0E3BC00221146FDF72F
:104C300056FAB268136843405268134214BF4FF0EB
:104C4000FF35002501F0D4BC30000F0054000100F6
:104C5000580001005C000100600001000C00010030
:104C60001000010008000100002C01F0DF84217811
:104C7000FEF7BAFD002501F0BBBC42B9002200924C
:104C80004FF2FF73D249FFF70FF901F0B1BC4FF4B7
:104C9000006300934FF6FF730022CD49FFF704F93C
:104CA000002501F0A5BC02F001024FF6FF734FF2A0
:104CB000FF71002A08BF0B46D20215F0020F12BF87
:104CC00042F4805223F480539BB200920022C049E8
:104CD000FFF7EAF8002501F08BBC1146FDF72EFF27
:104CE000002501F085BC1146FDF73CFF002501F0D1
:104CF0007FBC002C01F09C840022B649FDF744FAE9
:104D00002070002501F074BC2146FDF74BFF002503
:104D100001F06EBC2146FDF769FF002501F068BC7B
:104D2000FEF798FD002501F063BC1146FDF782FFF8
:104D3000002501F05DBCFEF7B3FE002501F058BC74
:104D4000002C01F077842178FFF7C8F8002501F0E6
:104D50004FBC002C01F070842188FDF744FE002533
:104D600001F046BC002C01F06984FDF7E0F92080D9
:104D7000002501F03DBC002C01F062842188FDF784
:104D80003AFE002501F034BC002C01F05B84FDF7F5
:104D9000D5F92080002501F02BBC002C01F05484B3
:104DA000A388E288216800914FF4B011FDF700FE5E
:104DB000002501F01DBC002C01F04884A388E28886
:104DC000216800914FF4B011FDF77FF9002501F043
:104DD0000FBC002C01F03C84E388A2882168FEF718
:104DE0000BF8002501F004BC002C01F03384E388AB
:104DF0002268A188FEF790F9002501F0F9BB114661
:104E0000FFF756FC002501F0F3BB002C01F02484D1
:104E1000237962882188FEF797FC002501F0E8BB22
:104E2000002C01F01B84FDF78FF92080002501F094
:104E3000DFBB002C01F01484FDF7B4F920600025DD
:104E400001F0D6BBFEF766F8002501F0D1BB002CBF
:104E500001F008846188FEF753FE2070002501F000
:104E6000C7BB2146FDF7BEF9002501F0C1BB002CF0
:104E700001F0FA8301227021FDF731F9206000254D
:104E800001F0B6BB002C01F0F18300227021FDF788
:104E900026F92060002501F0ABBB00940523002219
:104EA0007021FDF712F9002501F0A2BB002C01F0E2
:104EB000DF83036D9B7B012B15D0032B1AD11622A8
:104EC0004FF4F011FDF721F9C0F30D0083B213F494
:104ED000005F04D06FEA83436FEA934318B22080E7
:104EE000002501F085BB02223B49FDF70EF9C0F316
:104EF0000D00EBE702223949FDF707F9C0F30D0079
:104F0000E4E70094062300223549FDF7DEF894F922
:104F10000130002B06DB637903F001036371002588
:104F200001F066BBFF23A370E37023716371F2E7A6
:104F3000002C01F09F8301224FF00811FDF724F9A6
:104F40002070002501F054BB002C01F09583002255
:104F50004FF00811FDF718F92070002501F048BB4B
:104F6000002C01F08B83A2882168FEF717FB002537
:104F700001F03EBB002C01F083832568A488224603
:104F80002946FEF70BFB21463046FDF765FD2D1A3D
:104F900018BF4FF0FF3501F02BBB022A0FD0114C88
:104FA00000231A4621463046FDF75CFF022300220B
:104FB00021463046FDF756FF002501F019BB0023BE
:104FC0000093FE2301220249FEF7DEFBE7E700BF64
:104FD000080011001C000700140018001C000C0041
:104FE00018000C0004000A00002C01F04B832488F8
:104FF000E2B24FF48171FDF7E1FF220A40F20311A2
:105000003046FDF7DBFF002501F0F2BA002C01F07D
:105010003B83DFF8708310230093FF230022414677
:10502000FEF7B2FB4FF482713046FDF7A7FF00F0A8
:10503000E0052A464FF482713046FDF7BFFF45F088
:1050400004024FF482713046FDF7B8FF0220EAF700
:1050500001F94FF487713046FDF790FF074640F2A3
:105060000F113046FDF78AFF81462A464FF48271C0
:105070003046FDF7A3FF00250095EF232A46414661
:105080003046FEF781FB47EA0927278001F0B0BAD6
:10509000002C01F0FB82A2782188FDF7B7FF0025E4
:1050A00001F0A6BA002C01F0F3822468FDF732FF6C
:1050B0000120EAF7CFF803230093FF230022AF4932
:1050C0003046FEF761FB7CB93046FFF761FB0120FB
:1050D000EAF7C0F8336D00259D7302221A821D7510
:1050E0005D75DD7301F084BA3046FFF765FBEEE7CE
:1050F000002C01F0CF82237803F03F03026D53733D
:1051000000229F49FDF7AEFE002501F071BA002C88
:1051100001F0C282036D5B7B2370002501F068BA49
:105120000121FEF7F5F93046FEF726FA0121304657
:10513000FDF768FC0F2201213046FDF739FE0025FE
:1051400001F056BA002C01F0A98262682168FDF7CF
:105150002FFE002501F04CBA002C01F0A182894DF0
:1051600000222946FDF710F8804602230093FF2312
:10517000002229463046FEF707FB0423002282491D
:105180003046FDF76FFE012300224FF40021304628
:10519000FDF768FE7D4F00252A4639463046FCF76C
:1051A000F3FF10F0010FF7D000224FF00811304646
:1051B000FCF7ABFF054600231A464FF400213046AA
:1051C000FDF750FE00231A466F493046FDF74AFEB0
:1051D000434600226B493046FDF744FE25800025FA
:1051E00001F006BA002C01F05D822379026D927AFB
:1051F0009B1A07EE903AF8EEE77A9FED657A67EE34
:10520000877AB3EE067A77EE877AC4ED007A0025C6
:1052100001F0EEB9002C01F047822379026D527A39
:105220009B1A07EE903AF8EEE77A9FED5A7A67EE0E
:10523000877AB3EE007A67EE877ADFED576A87EEFA
:10524000A67AF0EE087A77EE277AC4ED007A002588
:1052500001F0CEB9002C01F0298224680121FEF76B
:1052600057F93046FEF788F901213046FDF7CAFBB1
:1052700021463046FEF7A0FC002501F0B9B9002513
:105280000095EF232A464549FEF77EFA0521304670
:10529000FDF7B8FB01213046FDF76CFD3046FDF708
:1052A0005FFD01F0A5B900250095EF232A463B4993
:1052B000FEF76AFA01F09CB9002C01F0F98121682F
:1052C000FEF77AFC002501F093B900223449FCF77F
:1052D0001CFFC0F30B0510F4006F18BF45F47045B8
:1052E0002DB22580336DB3F91230ED1A01F080B97B
:1052F000002C01F0DF81D4F80490237A99F8132070
:10530000FF2A00F0FE8093BBD9F80010FDF7B8FE2D
:1053100099F80C30B9F80E20D11899F81220002A0B
:1053200040D199F8100000280BBF7F224FF4806213
:105330004FF4B0154FF4A01599F81300121A023A61
:10534000914200F2E780D9F8042000920022294619
:105350003046FDF72DFBB9F80E3099F80C20D9F83E
:105360000810009129463046FDF722FB2BE0B9F8E2
:105370000E20D9F80010FDF791FEC9E704001100D6
:10538000140009004800070034000700040008006A
:105390006666863FCDCCCC3E00007F4328000F00E0
:1053A00008000200012A40F0AF8099F81130002B6C
:1053B00040F2FF3308BF7F2399F813209B1A023B6A
:1053C000994200F2A48099F81020531EDBB2012B01
:1053D00040D999F81130591EC9B2012947D9042B77
:1053E0004CD042EA43330022BA493046FDF756FB1F
:1053F000B9F80E30B84A02EAC31299F80C3003F03B
:105400007F0313430022B5493046FDF747FB0123D4
:105410000022B3493046FDF725FDDFF8C88200279A
:105420003A4641463046FCF7AFFE10F0050FF7D084
:10543000054603460022AB493046FDF713FD05F053
:105440003F0525F03003012B25D06BB223700025DA
:1054500001F0CEB8336D9B7B032B01F0AF8199F83F
:1054600011305A1ED2B2012A12D90122B7E7336D88
:105470009B7B032B0CBF02230123B2E7B9F80E106C
:105480001029AED96FF00303E0E702221346A8E724
:1054900001221346A5E799F81230012BD5D199F8CE
:1054A0001120531EDBB2012B1BD9032A0CBF4FF472
:1054B000A0174FF4B017D9F8042012B199F80C30A6
:1054C000C3B9D9F808100029BFD0B9F80E30002BA5
:1054D000BBD099F80C20009139463046FCF7F5FD19
:1054E000B3E7336D9B7B032B0CBF4FF498174FF43E
:1054F0009017E0E70092002239463046FCF7E5FDC0
:10550000DFE76FF00203A1E76FF001039EE74FF0C2
:10551000FF339BE74FF0FF3398E7237AE179A279D5
:10552000D20042EA41021343627943EA82132279AC
:1055300043EAC213E27843EA0223A27843EAC22391
:10554000627843EA0233227843EA42339BB2002274
:105550006549FDF738FA002501F04AB8002C01F042
:10556000AB80637833B15B08013BDBB2237000256D
:1055700001F03EB80023F9E700225C49FCF7AFFDDB
:10558000C0F30B032380C0F30B4060800022584916
:105590003046FCF7A4FDC0F30B03A380C0F30B401F
:1055A000E080002253493046FCF799FD2072000C40
:1055B0006072002250493046FCF791FDC0F30B4366
:1055C000A381C0F30B00608100224C493046FCF7F8
:1055D00086FDC0F30B43A4F80F30A07300224849A6
:1055E0003046FCF77CFD6074000CA0740022454935
:1055F0003046FCF774FDC0F30B03A4F81330C0F37E
:105600000B40A4F8150000223F493046FCF7BCFDD2
:10561000E075002500F0ECBF1146FDF79BFC00256E
:1056200000F0E6BF002C01F04980238800223749B2
:10563000FDF7C9F9002500F0DBBF002C01F0408028
:10564000256835B900231A463149FDF7BCF900F049
:10565000CFBF6279237943EA022323F0F0030022CB
:105660002B49FDF7B0F9002500F0C2BF002C01F076
:10567000298023684BB9002500954FF6FF532A4631
:105680001021FEF711FC00F0B3BF00223421FDF71A
:1056900005FA4FF4007300934FF6FF7300221021B8
:1056A0003046FEF701FC002500F0A2BF002C01F0FF
:1056B0000B806188FDF762FC2070002500F098BF28
:1056C000002C01F00380A2782188FDF777FC0025EB
:1056D00000F08EBF4400010080FF0100480001007F
:1056E0004C000100500001003000010004000F00D8
:1056F00008000F000C000F0010000F0014000F0036
:1057000018000F001C000F0020000F00040006000E
:105710001C001100D54BD64A012D18BF1346012D90
:10572000D44918BF4FF00C11026D927B012A12D0A0
:10573000032A17D1A2F5C012013A1A444FF4F0110E
:10574000FCF7E3FCC00920802588003518BF01253F
:105750006D4200F04DBF02221946FCF7D6FCC0098D
:105760002080F1E70222FCF7D0FCC0092080EBE7A3
:10577000002C00F0AD872178FEF7D4FB002500F067
:1057800037BF1146FEF730FA002500F031BF009414
:10579000042300221C21FCF798FC002500F028BF00
:1057A000002C00F0978702224421FCF7AEFCC0F3E6
:1057B00000202070002500F01BBF002C00F08C871B
:1057C00000224421FCF7E0FC00F0010020700025DD
:1057D00000F00EBF002C00F0818762882188FEF760
:1057E00061FA002500F004BF009408230022042180
:1057F000FDF7DEF8002500F0FBBE00940823002230
:105800000421FCF762FC002500F0F2BE002C00F041
:105810006787238802220C21FDF7D5F8002500F0C8
:10582000E7BE002C00F05E87238800220C21FDF7E4
:10583000CAF8002500F0DCBE2146FDF797F80025E8
:1058400000F0D6BE036D9B7B012B0BD0032B12D136
:105850000094052320224FF4F011FCF736FC0025BC
:1058600000F0C6BE0094052300228349FCF72DFCFE
:10587000002500F0BDBE0094052300224FF4402116
:10588000FCF723FC002500F0B3BE002504F8015B03
:10589000009404232A466C21FCF717FC00F0A8BEF4
:1058A000002C00F0218701226021FCF718FC206009
:1058B000002500F09DBE002C00F01887002260211A
:1058C000FCF70DFC2060002500F092BE036D9B7B71
:1058D000012B0BD0032B12D10094052328224FF467
:1058E000F011FCF7F2FB002500F082BE00940523C6
:1058F00000226249FCF7E9FB002500F079BE009424
:10590000052300225E49FCF7E0FB002500F070BE95
:10591000002C00F0ED8600221C21FCF7E0FB20604B
:10592000002500F065BE002C00F0E486258867683D
:10593000237A002B00F0E0863C4607EB83072946DC
:105940003046FDF789F844F8040B0135ADB2BC428E
:10595000F5D1002500F04CBE002C00F0CF86217858
:10596000FDF786FB002500F043BEFEF7BFF90546B4
:1059700000F03EBE1146FEF723FB054600F038BEA0
:10598000002C00F0BD86A5780121FDF73BF8002131
:105990003046FDF7BDFD3046FDF7EEFD05F03F0357
:1059A000002238493046FDF75DFA01230093FF23BA
:1059B000002235493046FDF7E7FE334F00252A46E1
:1059C00039463046FCF7E0FB10F0010FF7D100221A
:1059D0002E493046FCF799FB05463046FDF7C0F9E5
:1059E00000213046FDF7C6F905213046FDF70AF8DB
:1059F000C5F30B052580002500F0FABD0221FEF756
:105A0000F3F801213046FEF7EFF832244FF0140886
:105A1000002744254046E9F727FC3A462946304608
:105A2000FCF7B2FB10F0020F05D1631E13F0FF0468
:105A3000F0D1012500E000256D4200F0D9BD002C19
:105A400000F0608623781B0303F4E0436278012AA8
:105A500008BF43F4807300936FF4E24300220C49C3
:105A6000FDF722FD002500F0C3BD00BF3400180083
:105A70002C00180014000C0020001800280018004A
:105A800008000C001C0007001000080014000800AB
:105A900014000700002C00F0378662682168FDF7CB
:105AA00035FE002500F0A4BD002C00F02F862388D1
:105AB0000022C449FCF787FF002500F099BD002CA7
:105AC00000F0268662682188FEF7AAFA002500F019
:105AD0008FBD002C00F01E86657823788BB1036D96
:105AE00000229A734FF0FF3308227DB323F48063C2
:105AF0000092002210213046FDF7D6FC002500F070
:105B000077BD036D01229A7318230022AE49FCF77A
:105B1000C5FFE8230022AD493046FCF7BFFF336DD7
:105B20009B7D5B0803D06FF008030022DDE70123B3
:105B30000022A7493046FDF795F9326D937D43F079
:105B4000020393756FF008030022CEE742F48062EF
:105B5000CEE7002C00F0E085236800223021FCF71E
:105B60009DFF002500F044BD002C00F0D7850022E9
:105B70002946FCF7B4FA2060002500F039BD234621
:105B800000222946FCF78AFF002500F031BD002CD9
:105B900000F0C68503228F49FCF7F6FAC0F3021025
:105BA0002070002500F024BD002C00F0BB85236888
:105BB00000224421FCF772FF002500F019BD002CE3
:105BC00000F0B285238800224821FCF7FCFE002566
:105BD00000F00EBD002C00F0A98500224421FCF746
:105BE0007EFA2060002500F003BD002C00F0A085A7
:105BF00000224821FCF789FA2060002500F0F8BC5B
:105C0000002C00F09785237800227349FDF72AF9CC
:105C1000002500F0EDBC002C00F08E850022442110
:105C2000FCF7B2FA2070002500F0E2BC002C00F076
:105C30008585FDF723F92060002500F0D9BC002CF4
:105C400000F07E8500226549FCF75FFA2080002580
:105C500000F0CEBC002C00F0758500226049FCF7F6
:105C60003EFA2060002500F0C3BC002C00F06C85DB
:105C70002388C3F30D0300934FF440430022584997
:105C8000FEF712F9002500F0B3BC002C00F05E8591
:105C9000A788D4F808B0237B06932269049262692E
:105CA00005920BF00302CBF38505052B47D1B7F521
:105CB000B17F28BF4FF4B177DFF82C91042F05D8BE
:105CC00009EB05035B78053B9F4240DB012A00F2AC
:105CD000C880444B995C3E46B94280F2C480501C57
:105CE00053FA80F000230B449BB20132D2B2022A55
:105CF00005D010F8011BA6EB030C6145F3DB9F42B6
:105D000008BF039500F0B48007F1050C1FFA8CFC66
:105D1000802600210791039108910520B84687420B
:105D200038BF8046A8F105081FFA88F8DFF8B4A04C
:105D3000CDF824B0834620460C46864631E040F23A
:105D400031139F4228BF1F46DFF8A090B6E700231B
:105D5000059A1380049AC2F800B098E0DDF824B0E8
:105D600074460023059A1380049BC3F800B04FF0DB
:105D7000FF338CE01FFA80FB079203950893012400
:105D80003F2D50D0002939D1013505F03F0519F8D4
:105D9000050003449BB29F4267D0013E16F0FF0608
:105DA000DCD0434524D9634522D2F81A00B200283A
:105DB000B8BF40425845DDDD002CE1D07446079A5B
:105DC000089B55E0080005000C001F0010001F0094
:105DD0002000010054000300180001002C00050001
:105DE0001C000E00B48003003480030074800300A4
:105DF00084B96345C4D399B13F2D14D019F8051067
:105E00005B1A9BB2691E01F03F0511F03F0118BFFC
:105E10000121C0E7744619F805105B1A9BB227E010
:105E20007446039524E0002C34D1032A36D0022A8C
:105E300009D01AF802105818B8420BDD0B449BB277
:105E40000132D2B2DAE706990929F2D174463F212C
:105E500003910DE0744683B20132D2B23F21039127
:105E600006E000234BE7002349E7744603953B46D1
:105E700005990B80039B42EA8303DBB21A0442EAD2
:105E800003621A4342EA0323049A13600023236047
:105E90000025ADE37446079A089BE9E774463F2165
:105EA0000391E5E7002C00F0538427786478E9F744
:105EB0008FF90546022C0ED0042C0CD004F0FD0402
:105EC000012C19D0FB4300220092DBB2C1493046BD
:105ED000FDF75AFC05E03B460022BE493046FCF780
:105EE000C1FF3B460022BC493046FCF7D7FD28469F
:105EF000E9F786F900257BE30097FF230022B549E7
:105F00003046FDF741FCECE70223019300250095A4
:105F10002B462A461A21FCF75AF869E3FEF74CFC97
:105F2000002565E3FEF734FC002561E302230193BD
:105F3000002500952B462A461421FCF748F857E324
:105F400002240194002500952B462A461521FCF7D2
:105F50003EF8019400952B462A4615213046FCF761
:105F600036F845E302230193002500952B462A4687
:105F70001621FCF72CF83BE3002C00F0EB8332B940
:105F800000224FF4D011FCF7FFF8207030E301221B
:105F90004FF4D011FCF7F8F82070002528E3002C0E
:105FA00000F0DA83247800224FF4D011FCF7ECF8EB
:105FB00000F09F03234300224FF4D0113046FCF73A
:105FC00051FF002514E3002C00F0C883247812F060
:105FD000FF051DD0012D40F0C383022501224FF49F
:105FE000D0113046FCF7D0F8A4B920EA0503DBB2A3
:105FF00001224FF4D0113046FCF734FF002210216B
:106000003046FCF76CF810F4801F0AD00025EFE250
:106010000425E3E7012C40F0A68340EA0503DBB248
:10602000E6E74FF4801300934FF0FF330022102176
:106030003046FDF739FA0025DAE2002C00F09683AD
:1060400023785B0303F4005300934DF6FF730022A3
:106050006249FDF729FF0025CAE2002C00F0888381
:1060600025786268012A15BF6FF460336FF4E0434E
:10607000DF27EF2714BF4FF020084FF0100800244F
:10608000009422464FF4A021FDF70EFA00943B46FF
:10609000224653493046FDF777FB012D02D055B11A
:1060A0000025A5E2254600943B4622464D49304650
:1060B000FDF76AFB9CE2CDF80080FF2300224949EE
:1060C0003046FDF761FB93E2002C00F05383227809
:1060D00012F0010F2CD0570107F0400740244FF475
:1060E000E01312F0040F27D043F4600344F080045F
:1060F000120102F0800217434FF400120092DB43BA
:1061000000224FF4A0213046FDF7CEF9E443A4B2BB
:106110000025009523462A4631493046FDF7C4FE46
:10612000009723462A462F493046FDF7BDFE5FE221
:1061300000273C463B46D4E70022DFE708230093D4
:10614000FF2301224FF48021FDF71EFB264C022382
:106150000093FF23032221463046FDF715FB00255F
:106160000095F72301224FF480213046FDF70CFB08
:106170000095FD23032221463046FDF705FB37E25B
:10618000002C00F0F9826388DB0003F4FF632278BF
:106190000AB143F4006300934FF2070300224FF467
:1061A00080213046FDF780FE002521E20025009584
:1061B0004FF6FF332A464FF48811FDF775FE17E2BC
:1061C000002C00F0DB8200220849FBF79EFF2080B4
:1061D00000250DE21C000100180001000C000E005B
:1061E000080005000C00050008001100480011001F
:1061F000002C00F0C5822378012B6278A3784FEA47
:10620000C32343EA0223E27843EA4233227943EA92
:10621000823303F47F430CBF02220022B649FCF70D
:10622000D2FB0025E4E1002C00F0AC826368227808
:106230003AB1C3F315030022B049FCF72FFC002547
:10624000D6E1C3F31503AE49FCF728FC0025CFE1E6
:10625000002C00F09982237801249C40E4B21023A2
:106260000093FF230022A749FDF78EFAE343A24FD4
:1062700000250095DBB22A4639463046FDF784FA00
:106280000094FF232A4639463046FDF77DFAAFE1F8
:10629000002C00F07B82227863789BB1002A40F0CA
:1062A0009782002400946FF0C07322461021FDF7FE
:1062B000FBF80094944B22464FF4A0213046FDF7A2
:1062C000F3F817E0002A00F085824FF4004500241F
:1062D00000946FF0C073224610213046FDF7E4F8B9
:1062E0000095894B22464FF4A0213046FDF7DCF89B
:1062F0004FF0C07400944FF0FF330022102130465D
:10630000FDF7D2F8002573E1002C00F041822378DC
:106310003BB900250095DF2303227C49FDF734FAC1
:1063200066E14FF0005300934FF0FF3300227749AE
:10633000FDF7BAF800255BE1002C00F02B822378F2
:106340003BB9002500957F2303227149FDF71CFA14
:106350004EE180230093FF2303226D49FDF714FAD9
:10636000002545E1002C00F01782E3B29A1C0123BE
:106370009340013BDBB200224FF40031FCF772FD89
:10638000002535E1002C00F00982E37A002B00F0B3
:106390000782637B012B207B94BF03220422102100
:1063A0005C4B33F81000FBF7F5FD00F07F00009028
:1063B0004FF68073022258493046FDF775FD94234D
:1063C000002256493046FCF74DFD002510E1002C17
:1063D00000F0E88100225249FBF781FE2060002591
:1063E00006E1002C00F0E08100224E49FBF777FE29
:1063F00020600025FCE0002C00F0D8814FF4A813A9
:1064000023600025F4E0002C00F0D28100250A95DD
:106410000CAF192347F8043D009704232A4642494C
:10642000FCF7C6FA41F648730B93009704232A46FB
:106430003E493046FCF7BCFA0AAB009304232A46D7
:106440004FF4E8113046FBF740FE0A9B2360CFE093
:10645000002C00F0AF8100223549FBF740FE80B2EE
:106460002060002233493046FBF739FE430D9B0183
:106470009BB263600025BBE0002C00F09D81637D32
:1064800033B1012B62D0022B00F08980FF232FE073
:1064900000222949FBF723FEC0F30B0020600022F5
:1064A00026493046FBF71BFEC0F315006060002252
:1064B00023493046FBF713FEC0F31500A06000220D
:1064C00020493046FBF70BFEC0F31500E0600022C8
:1064D0001D493046FBF703FEC0F313002061032281
:1064E0000F493046FBF750FEC0F302102075002321
:1064F000A37500257CE000BF3C00110044001100A2
:106500004000110048000700FF0FFCF728000F00B3
:106510001C000700C080030014000E0018000E00CD
:10652000540003004C000F0004001F0008001F006F
:1065300048000C0028000C0058000C0030000C0033
:1065400034000C0038000C002C000C000022AA497A
:10655000FBF7C5FDC0F30B0020600022A7493046C1
:10656000FBF7BDFDC0F3150060600022A449304672
:10657000FBF7B5FDC0F31500A06000224FF45021D9
:106580003046FBF7ACFDC0F31500E06000229D49EA
:106590003046FBF7A4FDC0F3130020619FE7002203
:1065A0009949FBF79CFDC0F30B002060002297493E
:1065B0003046FBF794FDC0F315006060002294495B
:1065C0003046FBF78CFDC0F31500A0600022914916
:1065D0003046FBF784FDC0F31500E06000228E49D1
:1065E0003046FBF77CFDC0F31300206177E7002500
:1065F00028460DB0BDE8F08F0025F9E70025F7E744
:106600000025F5E70025F3E70025F1E70025EFE792
:106610000025EDE70025EBE70025E9E70025E7E7A2
:106620000025E5E70025E3E70025E1E70025DFE7B2
:106630000025DDE70025DBE70025D9E70025D7E7C2
:106640000025D5E70025D3E70025D1E70025CFE7D2
:106650000025CDE70025CBE70025C9E70025C7E7E2
:106660000025C5E70025C3E70025C1E70025BFE7F2
:106670000025BDE70025BBE70025B9E70025B7E702
:106680000025B5E70025B3E70025B1E70025AFE712
:106690000025ADE70025ABE70025A9E70025A7E722
:1066A0000025A5E70025A3E70025A1E700259FE732
:1066B00000259DE700259BE7002599E7002597E742
:1066C000002595E7002593E7002591E700258FE752
:1066D00000258DE700258BE7002589E7002587E762
:1066E000002585E7002583E7002581E700257FE772
:1066F00000257DE700257BE7002579E7002577E782
:10670000002575E7002573E7002571E700256FE791
:1067100000256DE700256BE7002569E7002567E7A1
:10672000002565E7002563E7002561E700255FE7B1
:1067300000255DE700255BE7002559E7002557E7C1
:10674000002555E7002553E7002551E700254FE7D1
:1067500000254DE700254BE7002549E7002547E7E1
:106760004FF0FF3544E74FF0FF3541E700253FE7A5
:1067700000253DE700253BE7002539E7002537E701
:10678000002535E7002533E7002531E700252FE711
:1067900000252DE700252BE7002529E7002527E721
:1067A000002525E7002523E7002521E700251FE731
:1067B00000251DE700251BE7002519E799F8113092
:1067C0005A1ED2B2012A7EF660AE0222FEF707BE42
:1067D000124D7CE5002400946FF0C0732246102116
:1067E000FCF762FE00940E4B22464FF4A021304687
:1067F000FCF75AFE7EE500BF20000D0064000C008F
:1068000068000C0060000C0068000D0040000D00E6
:1068100044000D0048000D003C000D000010000871
:10682000FF0FFCF7F0B585B00446436B1968FDF720
:10683000A1FE064623681B69984703AB0022114658
:106840002046FDF7CDFF636B9B6A19682046FDF774
:1068500043FC636B9B6A59682046FDF793F9636BB1
:106860009B6AD9892046FCF7BEF8636B9B6A9989BD
:106870002046FCF7C0F800212046FCF74AF9002525
:1068800000954FF6FF532A4610212046FDF70CFBDA
:10689000636B9B6A5A8919892046FDF703FA636B7B
:1068A0009B6A1B8A02220C212046FCF78CF8636B42
:1068B0009B6A5B8A2A460C212046FCF784F8636BAE
:1068C000197A2046FDF72EFB636BD9682046FCF74A
:1068D00049F9616B0B7E4A6909692046FDF768FA40
:1068E000636B9A7F998B2046FCF790FB226D537B5C
:1068F0002E2B05D0636B93F82C3033F03F030AD076
:10690000636B93F82C3003F03F0353730022284944
:106910002046FCF7A7FA636B93F82D102046FCF78E
:1069200063FF636B196A2046FCF73CF9636B596A95
:106930002046FCF75BF9636B93F82E309BBB636BCF
:1069400093F82F102046FCF705FB94F94C50002DCE
:1069500026DB012303FA05F5AFB2164A3946204675
:10696000FCF7D4FE0DF10A030093022300224FF43A
:10697000A0212046FBF7A9FBBDF80A3023EA050356
:10698000ADF80A3000220C492046FCF71CF894F9B7
:106990004D20B2FA82F2520939462046FDF740FBFB
:1069A000304605B0F0BD2046FCF754FFC7E700BFF6
:0C69B000140009009204200108000500FA
:1069BC001203CADE0FFFFFFF707E0300787E030018
:1069CC00AC7D0300707D0300070006001303CADED4
:1069DC000FFFFFFF707E0300787E0300EC7E030048
:1069EC00B07E0300070006001403CADE0FFFFFFF92
:1069FC00707E0300787E0300FC7F0300C07F0300E1
:046A0C000700060079
:106A1000CC78030000000000BC78030000000000F8
:106A20009C78030000000000A07803000000000034
:106A3000D478030000000000E078030000000000AC
:106A40000873030000000303C47803000000000083
:106A50000338FDD870470000030101002F70726FEA
:106A60006A6563742F5372632F706C6174666F7202
:106A70006D2F646563615F7370692E6300000000B1
:106A80000338FDD8704700002F70726F6A65637419
:106A90002F5372632F706C6174666F726D2F706FFD
:106AA00072742E630000000001000200000000006C
:106AB0000338FDD87047000071F7010085F601002A
:106AC00085F50100B1F4010001F5010000000000AE
:106AD000B86A030047FB01000D0A00003D3D3D2060
:106AE0004649524D57415245205354415254494E04
:106AF00047203D3D3D0D0A00000000000000000061
:106B00000338FDD8704700005465726D696E616C82
:106B100000000000525454005345474745520000BE
:106B2000000102030405060708090A0B0D0F1113E3
:106B30001517191B1D1F212326292C2F32363A3FEA
:106B4000440000004446484A4D505356595D616622
:106B50006B710000C4070020E40700205B4442473B
:106B60005D20756172745F696E697420656E747200
:106B7000793A2072783D25642074783D256420722E
:106B800074733D2564206374733D25640000000028
:106B90005B4442475D2052532D3438352044452014
:106BA00070696E206E6F7420646566696E6564201E
:106BB0002D20617373756D696E67206175746F6DDB
:106BC0006174696320646972656374696F6E2063C0
:106BD0006F6E74726F6C00005B4442475D20706999
:106BE0006E207374617465204245464F5245207291
:106BF000657365743A2074785F70696E25645F64AC
:106C000069723D256C752072785F70696E25645FCE
:106C10006469723D256C752074785F636E663D30E3
:106C2000782530386C582072785F636E663D307816
:106C30002530386C580000005B4442475D20706985
:106C40006E2073746174652041465445522072650C
:106C50007365743A2074785F70696E25645F646947
:106C6000723D256C752072785F70696E25645F6473
:106C700069723D256C752074785F636E663D30786F
:106C80002530386C582072785F636E663D30782509
:106C900030386C58000000005B4442475D20636F51
:106CA0006D6D5F706172616D733A207274733D3007
:106CB000782530386C58206374733D30782530382F
:106CC0006C5820666C6F775F6374726C3D2564004E
:106CD0005B4442475D205541525420696E69743AC5
:106CE0002052583D25642054583D25640000000082
:106CF0005B4442475D205541525420696E697420BF
:106D0000726573756C743A206572723D3078253007
:106D1000386C58005B4442475D204150505F5541FC
:106D200052545F4649464F5F494E4954207265733D
:106D3000756C743A206572723D30782530386C5825
:106D4000000000005B4442475D20554152542050F2
:106D500053454C3A205258443D256C7520545844B4
:106D60003D256C75205254533D256C75204354537A
:106D70003D256C7520454E41424C453D256C7500C6
:106D80005B4442475D205741524E494E473A20509E
:106D900053454C206D69736D61746368212045789B
:106DA000706563746564205258443D2564205458CE
:106DB000443D25642C20676F74205258443D256C57
:106DC00075205458443D256C750000005B444247D3
:106DD0005D205741524E494E473A2055415254206A
:106DE0006E6F7420656E61626C65642120454E4152
:106DF000424C45207265676973746572203D202599
:106E00006C7520286578706563746564203429008A
:106E10005541525420494E4954204641494C45441D
:106E20003A20307825303858000000005B44424753
:106E30005D205541525420696E6974206661696C09
:106E400065643A206572723D30782530386C582080
:106E50006465633D256C75005541525420494E4987
:106E600054204F4B000000005B4442475D205541D9
:106E7000525420696E697420737563636565646537
:106E8000640000000F0000001B0000000400000070
:106E900005000000000000000000D6015B444247EE
:106EA0005D2054582073746172743A20272573272B
:106EB0002028256C75206279746573290000000014
:106EC0005B4442475D2055415254207075742073D5
:106ED000746172743A20636861723D2725632720CC
:106EE0002830782530325829000000005B444247A2
:106EF0005D205541525420707574204641494C45DF
:106F0000443A20636861723D2725632720726573C8
:106F1000756C743D30782530386C582074696D6517
:106F20006F7574005B4442475D20545820464149C8
:106F30004C4544206174206279746520256C752F5E
:106F4000256C75005B4442475D20545820636F6D8B
:106F5000706C6574653A20256C7520627974657370
:106F60002073656E7400000054585F5057525F41A3
:106F7000444A5F4641494C002000000063683D00E0
:106F8000726174653D000000366D38003835306B35
:106F900000000000706C3D006C656E3D000000005C
:106FA0007077725F7265663D00000000626F6F73FC
:106FB000743D0000726174655F687A3D00000000F6
:106FC0004F4B20434F4E4649470000004552522048
:106FD000434F4E4649470000504E470050494E47E8
:106FE000000000005B4442475D20504E4720726520
:106FF0006365697665642C2073656E64696E6720CD
:107000004F4B20726573706F6E7365004F4B0000BD
:107010005B4442475D20504E4720726573706F6E2F
:1070200073652073656E74004E4F44455F5459502C
:10703000450000004F4B204E4F44455F545950458A
:107040003D54585F56320000434647200000000080
:107050005345545F434F4E4649472000000000000F
:10706000535452540000000053544152545F54454D
:1070700053540000455252204E4F545F434F4E46EA
:1070800049475552454400004552522054494D4508
:10709000525F4E4F545F494E495400004F4B2053AE
:1070A0005441525400000000455252205354415262
:1070B000545F4641494C45440000000053544F5032
:1070C0000000000053544F505F54455354000000DB
:1070D0004F4B2053544F5000535441540000000074
:1070E0004745545F53544154530000004F4B2053C5
:1070F000544154532073656E743D256C7520617442
:1071000074656D707465643D256C75206572726F71
:1071100072733D256C752074696D656F7574733D70
:10712000256C75206C6173745F6572723D256C759A
:10713000206672616D655F6475723D2575000000A3
:107140005253540052455345545F535441545300D5
:1071500045525220554E4B4E4F574E5F434D4400C3
:10716000434F4E464947204641494C4544000000A4
:107170005B4442475D2070696E675F74696D65723C
:107180005F68616E646C65722063616C6C6564003D
:107190004F4B2050494E47005B4442475D20706989
:1071A0006E675F74696D65725F68616E646C65724D
:1071B0003A2073656E645F726573706F6E736520DD
:1071C00063616C6C656400004F52434845535452F0
:1071D00041544F522054582076322E300000000087
:1071E0004F4B20535441525455502056320000000A
:1071F00054494D455220494E4954204641494C4539
:107200004400000050494E472074696D6572207338
:107210007461727465642028357320696E746572B8
:1072200076616C29000000004552522044573330EB
:1072300030305F54494D454F55540000445733306A
:1072400030302054494D454F55540000455252208E
:107250004457333030305F494E49545F4641494CC2
:1072600045440000494E4954204641494C4544009C
:107270004F4B204457333030305F52454144590022
:107280004F4B204D41494E5F4C4F4F500000000086
:107290000338FDD870470000415353455254494FBD
:1072A0004E204641494C45442061742025733A25BF
:1072B000750000004552524F52202575205B257302
:1072C0005D2061742025733A25750D0A50432061B5
:1072D000743A20307825303878000000456E6420FC
:1072E0006F66206572726F72207265706F727400C3
:1072F000554E4B4E4F574E204641554C54206174CD
:107300002030782530385800617070004261636B1E
:10731000656E647320666C757368656400000000B8
:10732000556E6B6E6F776E206572726F7220636F31
:10733000646500004E52465F535543434553530026
:107340004E52465F4552524F525F5356435F48413B
:107350004E444C45525F4D495353494E470000003F
:107360004E52465F4552524F525F534F465444452A
:10737000564943455F4E4F545F454E41424C45444C
:10738000000000004E52465F4552524F525F494E38
:107390005445524E414C00004E52465F4552524FAA
:1073A000525F4E4F5F4D454D000000004E52465F0C
:1073B0004552524F525F4E4F545F464F554E440018
:1073C0004E52465F4552524F525F4E4F545F535597
:1073D00050504F52544544004E52465F4552524F12
:1073E000525F494E56414C49445F504152414D0015
:1073F0004E52465F4552524F525F494E56414C499C
:10740000445F5354415445004E52465F4552524FDB
:10741000525F494E56414C49445F4C454E47544893
:10742000000000004E52465F4552524F525F494E97
:1074300056414C49445F464C414753004E52465FCB
:107440004552524F525F494E56414C49445F444168
:10745000544100004E52465F4552524F525F4441E4
:1074600054415F53495A45004E52465F4552524F70
:10747000525F54494D454F55540000004E52465FEF
:107480004552524F525F4E554C4C00004E52465F93
:107490004552524F525F464F5242494444454E0076
:1074A0004E52465F4552524F525F494E56414C49EB
:1074B000445F4144445200004E52465F4552524F91
:1074C000525F4255535900004E52465F4552524F4B
:1074D000525F4D4F44554C455F4E4F545F494E49A6
:1074E0005449414C495A4544000000004E52465F01
:1074F0004552524F525F4D555445585F494E49547D
:107500005F4641494C4544004E52465F4552524FFA
:10751000525F4D555445585F4C4F434B5F46414970
:107520004C4544004E52465F4552524F525F4D55B6
:107530005445585F554E4C4F434B5F4641494C456F
:10754000440000004E52465F4552524F525F4D5527
:107550005445585F434F4E445F494E49545F46413E
:10756000494C4544000000004E52465F4552524F80
:10757000525F4D4F44554C455F414C524541445933
:107580005F494E495449414C495A45440000000066
:107590004E52465F4552524F525F53544F524147ED
:1075A000455F46554C4C00004E52465F4552524F87
:1075B000525F4150495F4E4F545F494D504C454DCD
:1075C000454E5445440000004E52465F4552524FCE
:1075D000525F464541545552455F4E4F545F454EAC
:1075E00041424C45440000004E52465F4552524FC6
:1075F000525F494F5F50454E44494E4700000000DE
:107600004E52465F4552524F525F4452565F545756
:10761000495F4552525F4F56455252554E00000049
:107620004E52465F4552524F525F4452565F545736
:10763000495F4552525F414E41434B004E52465FB7
:107640004552524F525F4452565F5457495F45521C
:10765000525F444E41434B004E52465F4552524F9B
:10766000525F424C455F495053505F52585F504BF8
:10767000545F5452554E4341544544004E52465F68
:107680004552524F525F424C455F495053505F4301
:1076900048414E4E454C5F414C52454144595F452F
:1076A00058495354530000004E52465F4552524FC2
:1076B000525F424C455F495053505F4C494E4B5FBF
:1076C000444953434F4E4E45435445440000000047
:1076D0004E52465F4552524F525F424C455F4950B1
:1076E00053505F504545525F52454A4543544544C7
:1076F00000000000000000003473030001000000DF
:1077000040730300020000006073030003000000E8
:107710008473030004000000987303000500000058
:10772000AC73030006000000C073030007000000F4
:10773000D873030008000000F07303000900000084
:10774000087403000A000000247403000B0000000A
:107750003C7403000C000000547403000D00000092
:10776000687403000E0000007C7403000F0000002A
:107770008C74030010000000A074030011000000CE
:10778000B874030080000000C8740300810000008A
:10779000EC74030082000000087503008300000001
:1077A0002475030084000000447503008500000078
:1077B00068750300860000009075030090000000CB
:1077C000A875030091000000C87503009200000036
:1077D000E8750300008200000076030001820000CB
:1077E00020760300028200003C7603000084000043
:1077F00058760300018400007C76030002840000B8
:10780000A876030003840000D0760300FFFFFFFF8B
:10781000FFFFFFFFFFFFFFFFFFFFFFFF0000000074
:10782000000000000000D601070100002F757372F0
:107830002F6C6F63616C2F6E5246355F53444B5F04
:1078400031372E312E305F646464653536302F63F6
:107850006F6D706F6E656E74732F6C69627261729A
:107860006965732F756172742F6170705F756172D5
:10787000745F6669666F2E63000000000000000000
:107880000338FDD8704700000405160EFFFFFFFF08
:107890000007FF00000000400000000050525300AD
:1078A0005350494D0000000099450200B1450200C7
:1078B000C945020000000050000300504750494FE6
:1078C00054450000636C6F636B000000434C4F43F2
:1078D0004B0000005541525400000000BD60020002
:1078E0005541525445000000F56B02004300000072
:1078F000504F5349580000002020202020202020F5
:10790000206828282828202020202020202020200F
:1079100020202020202020204810101010101010AF
:1079200010101010101010108484848484848484B7
:1079300084841010101010101081818181818101C8
:107940000101010101010101010101010101010127
:1079500001010110101010101082828282828202B6
:1079600002020202020202020202020202020202F7
:107970000202021010101020000703200417020159
:107980000857104080000000EC780300F0790300F5
:10799000047B030053756E004D6F6E0054756500D7
:1079A000576564005468750046726900536174003D
:1079B000000000004A616E00466562004D61720081
:1079C000417072004D6179004A756E004A756C0015
:1079D00041756700536570004F6374004E6F760009
:1079E0004465630000000000414D00504D00000060
:1079F000287B0300247B0300247B0300247B0300FB
:107A0000247B0300247B0300247B0300247B0300EE
:107A1000247B0300247B0300FFFFFFFFFFFFFFFF2A
:107A2000FFFFFFFFFFFF0000647A0300947903006B
:107A3000A07A0300B4790300E8790300487A0300D0
:107A4000F87A0300547A0300256D2F25642F2579D9
:107A50000000000025612025622025652025542096
:107A60002559000053756E646179004D6F6E646135
:107A7000790054756573646179005765646E657348
:107A80006461790054687572736461790046726943
:107A9000646179005361747572646179000000005B
:107AA0004A616E75617279004665627275617279BC
:107AB000004D6172636800417072696C004D6179BC
:107AC000004A756E65004A756C790041756775737B
:107AD000740053657074656D626572004F63746FF6
:107AE000626572004E6F76656D6265720044656313
:107AF000656D62657200000025483A254D3A2553B0
:107B000000000000456E0200616E02006D6E020012
:107B1000796E0200956E0200A16E0200AD6E020049
:107B2000BB6E0200000000002E0000003031323336
:107B300034353637383961626364656630313233E3
:107B40003435363738394142434445462100000038
:107B5000220000000000000000000000000024409F
:107B60000000000000005940000000000088C340F1
:107B70000000000084D797410080E03779C341437B
:107B8000176E05B5B5B89346F5F93FE9034F384D83
:107B9000321D30F94877825A3CBF737FDD4F15752F
:107BA000286E756C6C2900002D494E4600000000BF
:107BB0002D696E66000000002B494E460000000053
:107BC0002B696E66000000004E414E006E616E0033
:107BD00001000000000000000A000000000000009A
:107BE0006400000000000000E80300000000000046
:107BF0001027000000000000A08601000000000027
:107C000040420F0000000000809698000000000035
:107C100000E1F5050000000000CA9A3B00000000EA
:107C200000E40B540200000000E876481700000052
:107C30000010A5D4E800000000A0724E1809000052
:107C400000407A10F35A00000080C6A47E8D030025
:107C50000000C16FF286230000008A5D7845630151
:107C6000000064A7B3B6E00D0000E8890423C78ACA
:107C700000070E091C1B1215383F363124232A2D0C
:107C800070777E796C6B6265484F464154535A5DFC
:107C9000E0E7EEE9FCFBF2F5D8DFD6D1C4C3CACDEC
:107CA00090979E998C8B8285A8AFA6A1B4B3BABDDC
:107CB000C7C0C9CEDBDCD5D2FFF8F1F6E3E4EDEACC
:107CC000B7B0B9BEABACA5A28F88818693949D9ABC
:107CD0002720292E3B3C35321F18111603040D0AAC
:107CE0005750595E4B4C45426F68616673747D7A9C
:107CF000898E878095929B9CB1B6BFB8ADAAA3A48C
:107D0000F9FEF7F0E5E2EBECC1C6CFC8DDDAD3D47B
:107D1000696E676075727B7C51565F584D4A43446B
:107D2000191E171005020B0C21262F283D3A33345B
:107D30004E49404752555C5B7671787F6A6D64634B
:107D40003E39303722252C2B0601080F1A1D14133B
:107D5000AEA9A0A7B2B5BCBB9691989F8A8D84832B
:107D6000DED9D0D7C2C5CCCBE6E1E8EFFAFDF4F31B
:107D700061D8020079970200CD910200959202002D
:107D8000819202005F9202006D94020000000000E8
:107D90000000000000000000F9AD020055B1020033
:107DA000F9AC02003DB8020045A30200E9B30200AD
:107DB000D9A90200ADAD0200A5A802000DB30200D2
:107DC00019A0020029AF0200F9AC020011A90200BB
:107DD0003DD702007B9702003DB8020045A3020098
:107DE0006997020000201D1C14120C0D0A0A0708D6
:107DF0000607050605050404040403030303020340
:107E00000203020303020202010201020102010154
:107E10000101010101010101010101010101010152
:107E200001010101000B0E120F0F0A0C09090708CE
:107E300006070506050504050404030403030303FC
:107E4000030302030302020202020102020202020F
:107E5000010201020101010201010101010101010F
:107E600000010101200D05000000000000000000DD
:107E700044573358585800004457335858582044F2
:107E8000657669636520447269766572205665720D
:107E900073696F6E2030362E30302E303700000080
:107EA0000004A8050008500B0010A11600200000D7
:107EB000DD1D030021DA0200CD910200959202003F
:107EC000819202005F9202006D94020000000000A7
:107ED00000000000000000008DEF0200BDF3020072
:107EE000E5F20200F1FC0200C1E9020019F602000D
:107EF00035E9020041EF0200CDE602003DF5020047
:107F000009E30200BDF00200E5F20200C1FB02003D
:107F100099FA020023DA0200F1FC0200C1E9020032
:107F200011DA020000201D1C14120C0D0A0A0708A9
:107F300006070506050504040404030303030203FE
:107F40000203020303020202010201020102010113
:107F50000101010101010101010101010101010111
:107F600001010101000B0E120F0F0A0C090907088D
:107F700006070506050504050404030403030303BB
:107F800003030203030202020202010202020202CE
:107F900001020102010101020101010101010101CE
:107FA00000010101200D050000000000000000009C
:107FB0000004A8050008500B0010A11600200000C6
:107FC00025680300CD1F0300CD91020095920200A9
:107FD000819202005F9202006D9402000000000096
:107FE000000000000000000071370300893E03001C
:107FF000B13D0300E1470300A5310300D940030070
:108000001931030049370300F92D030051400300E3
:108010006D290300853B0300B13D0300B146030019
:1080200075450300CF1F0300E1470300A53103009E
:10803000BD1F030000201D1C14120C0D0A0A0708A6
:1080400006070506050504040404030303030203ED
:108050000203020303020202010201020102010102
:108060000101010101010101010101010101010100
:1080700001010101000B0E120F0F0A0C090907087C
:1080800006070506050504050404030403030303AA
:1080900003030203030202020202010202020202BD
:1080A00001020102010101020101010101010101BD
:1080B00000010101200D050000000000000000008B
:0E80C0000004A8050008500B0010A1160020B7
:1080D0007C00002026002200220019003300260028
:1080E0007C0000200800002034FDFDFDFD000000A4
:1080F0000501800009000000363636360000000019
:1081000064000000400000000505000909010100AD
:108110000081000001000000FF00000000000000DE
:10812000002000400000000000200040000000008F
:108130000090D003887903008879030088790300D0
:0C814000887903008879030034130020C4
:040000031000F17583
:00000001FF
