:100000000000022075F101005DF101005FF10100C7
:1000100061F1010063F1010065F1010000000000E1
:1000200000000000000000000000000067F1010077
:1000300069F10100000000006BF101006DF10100A9
:100040006FF101006FF10100252102005123020030
:100050006FF101006FF101007D3102006FF10100CD
:100060006FF101006FF101006FF101006FF101000C
:100070006FF101006FF101006FF101006FF10100FC
:100080006FF10100D91A02006FF101006FF1010058
:10009000191B02006FF101006FF101006FF1010007
:1000A0006FF101006FF101006FF101006FF10100CC
:1000B0006FF101006FF1010000000000000000007E
:1000C0006FF101006FF101006FF10100692302007F
:1000D0006FF101006FF101006FF101006FF101009C
:1000E0006FF10100000000000000000000000000AF
:1000F000000000006FF101000000000081230200F9
:1001000000000000000000000000000000000000EF
:1001100000000000000000000000000000000000DF
:1001200000000000000000000000000000000000CF
:1001300000000000000000000000000000000000BF
:1001400000000000000000000000000000000000AF
:10015000000000000000000000000000000000009F
:10016000000000000000000000000000000000008F
:10017000000000000000000000000000000000007F
:10018000000000000000000000000000000000006F
:10019000000000000000000000000000000000005F
:1001A000000000000000000000000000000000004F
:1001B000000000000000000000000000000000003F
:1001C000000000000000000000000000000000002F
:1001D000000000000000000000000000000000001F
:1001E000000000000000000000000000000000000F
:1001F00000000000000000000000000000000000FF
:020000021000EC
:10F00000354936480A1A02D0072291438D463449C1
:10F0100034480A1A06D00722914381F30988022254
:10F0200082F3148830483149314A00F044F83148BD
:10F030003149324A00F03FF831483249324A00F053
:10F040003AF832483249334A00F035F83248334909
:10F05000334A00F030F833483349344A00F02BF893
:10F0600033483449344A00F026F834483449002201
:10F0700000F02CF833483449002200F027F83348D8
:10F080003349091A082902DB002202604160314A33
:10F0900090471F481F49884205D00268043003B4D6
:10F0A000904703BCF7E700208646EC46002000218D
:10F0B000294A9047FEE7884207D0521A05D00378C4
:10F0C00001300B700131013AF9D17047884202D00A
:10F0D00002700130FAE770470000022000E00120D2
:10F0E0000000022000000220203003000000002069
:10F0F00038000020D0F10100D0F101003C230300D2
:10F10000203003000000002000000020D023030076
:10F11000D0230300D0230300D0230300D023030017
:10F12000D0230300D0230300D02303001E300300AC
:10F13000583003003800002038000020380000203C
:10F14000500D0020500D0020500D0020640D0020B7
:10F15000642D00209DF10100E5F50100FEE7FEE7CA
:10F16000FEE7FEE7FEE7FEE7FEE7FEE7FEE7FEE777
:10F1700000F002B8FFF7FCBF0F484FF007018843CB
:10F1800085460E4880470E48016841F470010160D1
:10F19000BFF34F8FBFF36F8FFFF732BF09480A49A4
:10F1A0000A4A884207D0521A05D0037801300B7002
:10F1B0000131013AF9D1704700000220F91C020028
:10F1C00088ED00E0D02303000000002000000020B4
:10F1D00000B583B0094B1B88184603F02DFF03468A
:10F1E0000193019B002B04D0044B1B88184603F0AD
:10F1F000FBFE019B184603B05DF804FB00000020F5
:10F2000000B583B00190019B002B05D0044B1B88F7
:10F210000121184603F07CFE00BF03B05DF804FB3B
:10F220000000002000B585B00190019B002B0AD0A2
:10F23000074B43F001030393019B9B010293039B44
:10F240000298984700E000BF05B05DF804FB00BFDE
:10F25000D023030000B583B00190019800F006F9B7
:10F2600000BF03B05DF804FB00B583B001900198C6
:10F27000FFF7D8FF00BF03B05DF804FB00B585B011
:10F28000264B1B689B680393039B4FF080421A61D7
:10F29000039B4FF0A0525A61039B002283F82C205D
:10F2A000039B0293039B1C330193029B03221A705E
:10F2B000029B01221A73029B194A5A60029B022286
:10F2C0001A72019B03221A70019B08225A70019B3B
:10F2D0001D229A70019BFF22DA70019B02221A7193
:10F2E000019BFF225A71019B4FF080429A60019B63
:10F2F00000221A73019B00225A730A4A6B46126855
:10F30000114619800233120C1A706B4619462620DA
:10F3100003F044FD00BF05B05DF804FB10000020C1
:10F3200000F00240D823030000B585B00190019B96
:10F33000002B0AD0074B43F001030393019B9B0171
:10F340000293039B0298984700E000BF05B05DF868
:10F3500004FB00BF3024030082B00190019B1B68B6
:10F360001F2B02D84FF0A04306E0019B1B6803F05F
:10F370001F02019B1A60024B184602B0704700BF83
:10F380000003005000B585B00190084611461A46AA
:10F3900003468DF803300B468DF8023013468DF886
:10F3A000013001AB1846FFF7D7FF03909DF803200B
:10F3B0009DF802305B001A439DF801309B001A4310
:10F3C0009DF818301B0242EA03019DF81C301B0413
:10F3D000019A1943039B02F5E07243F8221000BF23
:10F3E00005B05DF804FB00B585B0039000230193E0
:10F3F000002300930023012201210398FFF7C2FF9D
:10F4000000BF05B05DF804FB00B585B0019001AB0D
:10F410001846FFF7A1FF0390039800F00AF8024690
:10F42000019B22FA03F303F00103184605B05DF8CF
:10F4300004FB82B00190019BD3F81035184602B04E
:10F44000704700B583B00190019B002B0AD04FF4A8
:10F450007A70FFF769FF019B013B0193019B002B31
:10F46000F5D100E000BF03B05DF804FB00B583B048
:10F4700001900198FFF7E5FF00BF03B05DF804FBC2
:10F4800000B583B003F026FC0190019B0093009B24
:10F49000002B04D0044A4121009800F013FC00BF67
:10F4A00003B05DF804FB00BF0024030000B583B087
:10F4B00001900B468DF8033000F034F800BF03B024
:10F4C0005DF804FB00B585B0134A01AB1268114624
:10F4D00019800233120C1A7001238DF8053001AB2C
:10F4E0000E4A1946222003F0A3FC0390039B0293CB
:10F4F000029B002B04D00A4A5721029800F0E2FB3D
:10F500000021222003F004FD3320FFF76CFF00BF31
:10F5100005B05DF804FB00BF20240300ADF401003A
:10F520000024030008B506E0074B1B68002B02D03F
:10F53000054B1B68984700F009F80346002BF3D1F0
:10F5400000BF00BF08BD00BF6800002008B5044B25
:10F550001B881846FFF758FF0346184608BD00BF32
:10F560000000002000B585B00190019B002B0AD05F
:10F57000074B43F001030393019B9B010293039B01
:10F580000298984700E000BF05B05DF804FB00BF9B
:10F590006024030000B583B00190019B002B0AD0CA
:10F5A0004FF47A70FFF7DEFF019B013B0193019B53
:10F5B000002BF5D100E000BF03B05DF804FB0000B4
:10F5C00000B583B001900199002000F099F9044939
:10F5D000002000F095F900BF03B05DF804FB00BF08
:10F5E0003824030008B500F09DF90949002000F017
:10F5F00087F9032002F081FDFFF742FFFFF73EFE8F
:10F60000FFF760FF0220FFF7C5FF00F0BBFAFEE73F
:10F610003C24030000B583B01F4B0193019B0222E1
:10F620001A61019B02225A61019B1C4A9A61019B4B
:10F630001B4ADA61019B4FF480621A62019B00222F
:10F640009A62019B00225A62019B0022DA62019BAE
:10F65000124A9A64019B134ADA64019B10221A65CC
:10F66000019B00229A65019B00225A65019B0022A2
:10F67000DA65019B07330C49184605F0ECFA019B4B
:10F680000A49184605F0E7FA019B20229A7100BF4B
:10F6900003B05DF804FB00BF6C0000206824030089
:10F6A000E4000020E4040020742403007824030014
:10F6B00000B589B003900291019200230693039B49
:10F6C000DB680593039B1B690493049A059B9A428C
:10F6D00005D9049A059BD31A013B079307E0039BC6
:10F6E0009A680499059BCB1A1344013B0793039B2B
:10F6F0009A68059BD31A079A934228BF134607932B
:10F70000079A019B934228BF13460793039B5A68AD
:10F71000059B1344079A0299184605F040FA069A89
:10F72000079B13440693029A079B13440293019A82
:10F73000079BD31A0193059A079B13440593039BD8
:10F740009B68059A9A4201D100230593039B059A71
:10F75000DA60019B002BB5D1069B184609B05DF815
:10F7600004FB00B589B0039002910192039BDB6812
:10F770000793039B9A68079BD31A0693069A019BEB
:10F780009A420ED9039B5A68079B1344019A029927
:10F79000184605F004FA079A019B1A44039BDA60A5
:10F7A0001AE0069B0593039B5A68079B1344059A2E
:10F7B0000299184605F0F3F9019A069BD31A0593AE
:10F7C000039B5868029A069B1344059A194605F054
:10F7D000E6F9039B059ADA6000BF09B05DF804FB07
:10F7E00086B00190019B1B690493019BDB68039326
:10F7F000049A039B9A4208D8019B9A68039BD21AE9
:10F80000049B1344013B059304E0049A039BD31A21
:10F81000013B0593059B184606B0704700B589B0BB
:10F82000039002910192029B0693039B5A1C13467C
:10F830005B001344DB00204A13440593059B5B697E
:10F84000022B29D0022B2ED8002B02D0012B13D053
:10F8500029E00598FFF7C4FF0490049A019B9A429F
:10F8600002D20023079321E0019B0793019A069996
:10F870000598FFF776FF19E00598FFF7B1FF0490B0
:10F88000019A049B934228BF13460793079A06994F
:10F890000598FFF766FF09E0019A06990598FFF7BA
:10F8A00007FF079002E00023079300BF079B18465D
:10F8B00009B05DF804FB00BF6C00002000B587B004
:10F8C0000390029101920D4B1B78002B01D1FFF7A1
:10F8D000A1FEEFF311834FF0200181F3118805930E
:10F8E000019A02990398FFF799FF0490059B83F30F
:10F8F0001188049B184607B05DF804FB6C000020DB
:10F9000000B585B001900091009805F0C6F903900C
:10F91000039A00990198FFF7D1FF0346184605B0F6
:10F920005DF804FB08B5FFF775FE00BF08BD0000D9
:10F9300000B585B00190019B002B0AD0074B43F026
:10F9400001030393019B9B010293039B0298984739
:10F9500000E000BF05B05DF804FB00BF8025030098
:10F9600082B00190019B1B681F2B02D84FF0A0436F
:10F9700006E0019B1B6803F01F02019B1A60024B0B
:10F98000184602B0704700BF0003005000B585B0B4
:10F99000019001AB1846FFF7E3FF0390039800F0D6
:10F9A0000AF80246019B22FA03F303F0010318460A
:10F9B00005B05DF804FB82B00190019BD3F81035CF
:10F9C000184602B0704700B583B00190019B002B30
:10F9D0000AD04FF47A70FFF7ABFF019B013B019314
:10F9E000019B002BF5D100E000BF03B05DF804FBE4
:10F9F00000B585B00190019B1B78022B52D0022BE1
:10FA000062DC002B45D0012B55D05DE0314B1B78DB
:10FA1000DBB23E2B37D82F4B1B78DBB25A1CD1B24E
:10FA20002C4A11701A469DF80F102B4B9954294BF4
:10FA30001B78DBB21A46284B0021995427492648E7
:10FA400005F08CF80346002B09D0254B01221A70D3
:10FA5000204B00221A70204B00221A7019E09DF8EA
:10FA60000F300A2B08D09DF80F300D2B04D0194B06
:10FA70001B78DBB23D2B0CD9164B00221A70164BAB
:10FA800000221A7005E0134B00221A70124B00225C
:10FA90001A700DF10F03184601F0EEFA0346002B21
:10FAA000B4D012E00F4B4FF0FF32C3F88024094B63
:10FAB00000221A7009E00B4B4FF0FF32C3F880248C
:10FAC000044B00221A7000E000BF00BF05B05DF8D3
:10FAD00004FB00BF34050020F40400208024030050
:10FAE000350500200020004030B58FB00BAB0C93E3
:10FAF0001E4B05AC1D460FCD0FC495E8030084E8EE
:10FB000003001B4B0193402302931A4B03934023A2
:10FB1000049301A905A80623174A01F01DFA03461C
:10FB20000C930B9B002B1BD01448FFF749FD0023BF
:10FB30000D930EE0002002F079FA3220FFF743FF28
:10FB4000002002F085FA3220FFF73DFF0D9B0133C4
:10FB50000D930D9B132BEDDD002002F067FA02E000
:10FB60000748FFF72DFD00BF0FB030BDB0240300E4
:10FB70003805002078050020F1F9010088240300F1
:10FB80009C24030000B585B04548FFF719FD4548A2
:10FB9000FFF716FD032002F0B0FA002303930EE0F6
:10FBA000002002F043FAC820FFF70DFF002002F00A
:10FBB0004FFAC820FFF707FF039B01330393039B12
:10FBC000022BEDDDFFF790FF032002F02FFA4FF438
:10FBD000FA70FFF7F8FE032002F03AFA3248FFF716
:10FBE000EFFC0220FFF7D2FE0346DAB22F4B1A7069
:10FBF0000220FFF7CBFE03468DF807302B4B1B7816
:10FC0000012B2DD19DF80730002B29D13220FFF791
:10FC1000DAFE0220FFF7BAFE0346002B20D1244B68
:10FC200002930DE00120FFF7CEFE029B1B781846E1
:10FC300001F054FA0346002BF4D1029B01330293E6
:10FC4000029B1B78002BF0D11A48FFF7B9FC032068
:10FC500002F0ECF9C820FFF7B6FE032002F0F8F935
:10FC6000124A9DF807301370134B1B78DBB2002B40
:10FC700012D0114B00221A70012002F0D7F90F4860
:10FC8000FFF79EFC4FF47A70FFF79DFE012002F013
:10FC9000DFF90B48FFF794FC0A20FFF794FEA7E773
:10FCA000C8240300D8240300F42403001400002017
:10FCB00018250300282503003505002048250300EA
:10FCC0006825030000B583B002900091019244F2D0
:10FCD000010071466A4600F003F803B000BD00BFA2
:10FCE00030B58BB007900691059272B600BF00F058
:10FCF000DBFC00BF00F008FB0346002BFAD1079B9A
:10FD000044F20102934216D0079B44F2020293424E
:10FD10003ED1059B09932C4A2C4BD31ADB081B04BC
:10FD200043F00100099B5B681A46099B1B68284940
:10FD300000F0ADFA39E0059B0893234A234BD31A10
:10FD4000DB081B0443F00104089B9D68089B9B682B
:10FD5000184600F0C7FC03461846089B5B68194626
:10FD6000089B1B68069A02920193009103462A465B
:10FD70001849204600F09FFA134A144BD31ADB08A7
:10FD80001B0443F001031449184600F061FA0CE02B
:10FD90000D4A0E4BD31ADB081B0443F00103069AED
:10FDA0000E49184600F062FA00BF0D4B1B6803F0C5
:10FDB0000103002B00D000BE059A0699079800F0B9
:10FDC000D9FC00BF0BB030BDC0230300902303005B
:10FDD00088250300A4250300CC250300E0250300AB
:10FDE000F0ED00E000B583B001900091019B1B682D
:10FDF0001B6800990198984700BF03B05DF804FBA9
:10FE000000B583B00190019B1B685B68019898471F
:10FE100000BF03B05DF804FB00B583B00190019B07
:10FE20001B689B680198984700BF03B05DF804FB0E
:10FE300082B00190019BDB6801225A7100BF02B0C1
:10FE4000704782B00190019BDB685B79184602B075
:10FE5000704784B00190009100238DF80F30019B12
:10FE60001B7803F00403DBB2002B24D0019B1B782A
:10FE7000C3F30103DBB2012B02D0022B0CD017E03D
:10FE8000009B1B68019A1288C2F38312D2B21344FA
:10FE90009A1C009B1A600BE0009B1B68019A528819
:10FEA000C2F3891292B213449A1C009B1A6000BFDD
:10FEB00001238DF80F309DF80F30184604B07047BD
:10FEC00000B58BB00023ADF826303B4800F015FD9F
:10FED0003A4800F012FD3A4B9B680493394B1B687B
:10FEE0000693049A069B134002339B00344A134442
:10FEF0000433089304AB19460898FFF7AAFF03469A
:10FF0000002B09D0049A069B134002339B002C4A15
:10FF1000134404330893EDE700BF0023079311E077
:10FF2000049B5A1C0492069A1340079A920001A956
:10FF30000A44234902339B000B445B681360079B10
:10FF400001330793079B012BEAD99DF80430C3F3D3
:10FF50000103DBB2012B10D0022B1CD1BDF80A30FB
:10FF6000ADF82630BDF80630C3F389139BB20333D6
:10FF70009A08049B134404930EE0BDF80A30ADF8D0
:10FF80002630BDF80430C3F38313DBB21A46049B5A
:10FF90001344049300E000BF084800F0BAFC059049
:10FFA000059B002B02D0049B054A9360BDF82630C8
:10FFB00018460BB05DF804FBA00A00209C0A002044
:10FFC000880600201800002000B585B000210748F1
:10FFD00000F01CFC0390039B0293029B83F310032D
:10FFE0000193019B184605B05DF804FBA40A0020AC
:10FFF00000B589B00390029101920093039B1B0C02
:020000022000DC
:100000000693FFF7E1FF0790079B1904009B5A1C1A
:100010000A9B1340069A0A431B4902339B000B4478
:100020005A60009A0A9B134002339B00164A1344FD
:1000300004330593039B03F00703D9B2059A1378A1
:1000400061F3C5031370019B03F00F03D9B2059A46
:10005000138861F389131380029BC3F31501059A7A
:10006000136861F39F231360059A1378012161F3EC
:1000700001031370059A13786FF38203137000BFA6
:1000800009B05DF804FB00BF8806002000BF704780
:1000900000B58BB00390029113468DF80730039B97
:1000A0000233089301238DF81F30002000F05AFC22
:1000B0003E4B5A68029B1A603D4B1A683B4B99684D
:1000C0003A4B5B68CB1A13440133099314E00121C6
:1000D000384800F0E2FBFFF7F3FE0590059935483C
:1000E00000F0DBFB324B1A68304B99682F4B5B6892
:1000F000CB1A134401330993089A099B9A42E6D814
:100100009DF81F30002B48D0002304939DF8073042
:10011000002B17D09DF81030012262F301038DF8F7
:1001200010309DF8103043F004038DF81030039B1D
:1001300003F00F03DAB2BDF8103062F38913ADF8A3
:10014000103016E09DF81030022262F301038DF8A2
:1001500010309DF8103043F004038DF81030039BED
:10016000C3F309039AB2BDF8123062F38F13ADF8EE
:1001700012300E4B5A680E4B1B68134002339B0023
:100180000A4A134404330693049A069B1A60074BE9
:100190005A68089B1344054A5360002000F0EBFBAB
:1001A0009DF81F3018460BB05DF804FB8806002050
:1001B00018000020A40A002000B58BB0059004911F
:1001C00003920293204B1B68079306AB012219464A
:1001D0000298FFF75DFF0346002B24D0069B0233F5
:1001E00009930023089311E0089B9B00039A1A448B
:1001F000099B591C099107990B4012681349023356
:100200009B000B445A60089B01330893089A029B99
:100210009A42E9D3069A079B00931346029A0499DF
:100220000598FFF7E5FE094B1B78002B05D000BFB2
:1002300000F06AF80346002BFAD1FFF727FF00BF52
:100240000BB05DF804FB00BF1800002088060020FA
:1002500000B583B00190009100230022009901981D
:10026000FFF7AAFF00BF03B05DF804FB00B587B03D
:10027000039002910192019B059305AA0123029923
:100280000398FFF799FF00BF07B05DF804FB00B5C6
:1002900087B00390029101920093019B0493009B0D
:1002A000059304AA022302990398FFF785FF00BF74
:1002B00007B05DF804FB00B58BB00390029101928A
:1002C0000093019B0593009B06930C9B07930D9B4A
:1002D00008930E9B099305AA052302990398FFF73B
:1002E0006BFF00BF0BB05DF804FB0000054B9A6884
:1002F000044B5B689A420CBF01230023DBB2184613
:10030000704700BF8806002000B599B0FFF7EEFFE8
:100310000346002B01D00023B9E19B4B0022C3F818
:100320001824BFF34F8F00BF974B9B680493974BE4
:100330001B681093049A109B134002339B00924A4F
:1003400013440433119300231793002316930023BF
:100350000F9304AB19461198FFF77BFD0346002B62
:1003600019D0894BD3F81834002B14D1864B5A6816
:10037000049B9A4205D8844B5B68834A93600023B0
:1003800085E1049A109B134002339B007E4A13447C
:1003900004331193DDE70023159311E0049B5A1CED
:1003A0000492109A1340159A920001A90A447649C2
:1003B00002339B000B445B681360159B013315935C
:1003C000159B012BEAD99DF8043003F00303DBB23F
:1003D000022B40F09C80BDF80630C3F389139BB21A
:1003E0000D93BDF80630C3F389139BB2502B28BF81
:1003F00050239BB20C930C9BC3F309039AB2BDF834
:10040000063062F38F13ADF806300C9B08330B9364
:100410009DF80430C3F3C203DBB20F930B995C4821
:1004200000F0B4FA1790179B002B00F0D3801798B8
:1004300000F03DFB01A9169B0822179800F0E1FB94
:10044000169B08331693049BDA43109B1340013329
:100450009B000A930C9A0A9B9A4242D90A9B002B52
:1004600008D0049A109B134002339B00464A134461
:10047000043300E0474B08930A9B002B02D00A9BF1
:10048000DBB201E00C9BDBB28DF81F300A9B002B26
:1004900001D0404B00E0002306930A9B002B06D0BE
:1004A0000C9BDAB20A9BDBB2D31ADBB200E000236A
:1004B0008DF817309DF81F20169B0899179800F0AB
:1004C000A0FB9DF81F30169A13441693069B002B31
:1004D00016D09DF81720169B0699179800F091FBEF
:1004E0000EE0049A109B134002339B00264A1344EB
:1004F00004330993169B0C9A0999179800F081FB15
:100500000D9B03339A08049B1344049362E09DF807
:10051000043003F00303DBB2012B5BD1BDF80430E0
:10052000C3F38313DBB2062B28BF0623DAB2BDF870
:10053000043062F38913ADF80430BDF80430C3F31E
:100540008313DBB202330E939DF80430C3F3C2036E
:10055000DBB20F930E9B9B0019460D4800F016FA74
:100560001790179B002B35D0179800F0A0FA01A91F
:10057000169B0822179800F044FB169B083316932D
:10058000002315931DE000BF8806002018000020FE
:10059000500D002094060020049B5A1C0492109ACF
:1005A000134002339B003C4A1344191D169B04223E
:1005B000179800F026FB169B04331693159B013306
:1005C0001593BDF80430C3F38313DBB21A46159BB1
:1005D0009342E1D3179B002B39D02F4BD3F8103423
:1005E00014932D4BD3F81834002B1BD0179800F020
:1005F0006DFA46E000238DF84F301498FFF721FC88
:100600000346002B02D001238DF84F309DF84F3068
:10061000002B03D017991498FFF7E4FB149BDB68B9
:100620001B681493149B002BE4D1179800F04EFA2A
:10063000002000F097F9184BD3F81834002B02D1A2
:10064000049B154A9360002000F095F919E0124BC5
:10065000D3F81034129306E01298FFF7DDFB129BDB
:10066000DB681B681293129B002BF5D10B4A0C4BD5
:10067000D31ADB081B0443F002030A491846FFF7AC
:10068000E7FDFFF733FE034683F00103DBB21846B4
:1006900019B05DF804FB00BF88060020C0230300EA
:1006A00090230300FC25030000B583B00C4BD3F866
:1006B000103401930A4B01221A7009E00198FFF7E8
:1006C000B7FB0198FFF79CFB019BDB681B6801935C
:1006D000019B002BF2D100BF00BF03B05DF804FB0B
:1006E0008806002000B585B00190019800F00EF852
:1006F0000390039B002B01D0039B00E0024B1846A4
:1007000005B05DF804FB00BF1026030086B0019021
:10071000164B0593164B04931FE0049A059BD31ABE
:10072000DB10DA0F13445B10DB00059A13440393CC
:10073000039B1B680293029A019B9A4202D9039B76
:1007400004930AE0029A019B9A4203D2039B083366
:10075000059302E0039B5B6804E0059A049B9A42C0
:10076000DBD30023184606B0704700BFE42903001E
:10077000FC2A030086B003900291019201238DF8B8
:1007800017309DF81730204A039B13601E4A029BC6
:1007900053601D4A019B9360039B44F20102934204
:1007A00012D0039B44F20202934220D1019B164ACD
:1007B000D360154BDB681B68134A9361124BDB68EF
:1007C0005B68114AD36112E0019B0F4A13610E4B23
:1007D0001B699B680C4A53610B4B1B691B680A4AD7
:1007E0009361094B1B695B68074AD36100BF72B60E
:1007F00000BF00BF9DF81730DBB2002BFAD162B604
:1008000000BF00BF06B07047A80A002010B487B030
:1008100001900091019B009A53E8004F104643E875
:10082000000191F0000FF7D1059404900391059B0E
:10083000184607B05DF8044B704710B487B00190BC
:100840000091019B009A53E8004F44EA020043E8FC
:10085000000191F0000FF6D1059404900391049BE0
:10086000184607B05DF8044B704710B487B001908C
:100870000091019B009A53E8004F04EA020043E80C
:10088000000191F0000FF6D1059404900391059BAF
:10089000184607B05DF8044B704710B487B001905C
:1008A0000091019B009A53E8004F04EB020043E8DB
:1008B000000191F0000FF6D1059404900391049B80
:1008C000184607B05DF8044B704710B487B001902C
:1008D0000091019B009A53E8004FA4EB020043E80B
:1008E000000191F0000FF6D1059404900391049B50
:1008F000184607B05DF8044B704700B583B001900F
:1009000001210198FFF799FF0346184603B05DF8EF
:1009100004FB00B583B0019000210198FFF7A5FF0B
:100920000346184603B05DF804FB000072B600BF32
:10093000034B1B680133024A136000BF704700BFBE
:10094000C80A0020064B1B68013B054A1360044B94
:100950001B68002B01D162B600BF00BF704700BF0B
:10096000C80A002000B583B00190FFF7DFFF00BF89
:1009700003B05DF804FB00B583B003468DF8073083
:10098000FFF7E0FF00BF03B05DF804FB00B58BB0DC
:1009900001900091019B1B8A043B0793009A079BDF
:1009A0001344DA1C079BB2FBF3F38DF81B3001985C
:1009B00000F05BF90590059B002B01D1002338E086
:1009C000059B00221A71059B01225A71079B9AB25E
:1009D000059BDA80059B09939DF81B30013B04932E
:1009E000099B019A1A60002308931DE0019800F00A
:1009F0003CF90390039B002B0ED0059B5B790133E0
:100A0000DAB2059B5A71099B039A1A60039B019AFB
:100A10001A60039B099304E0059800F00EF8002388
:100A200007E0089B01330893089A049B9A42DDD3A0
:100A3000059B18460BB05DF804FB00B58BB0019028
:100A4000019B0793079B5B798DF81B30019B0893F3
:100A50009DF81B30013B05930023099305E0089B9B
:100A60001B680893099B01330993099A059B9A42D5
:100A7000F5D3089B1B680493019B089300230993FB
:100A80000BE0089B1B6803930899049800F024F975
:100A9000039B0893099B013309939DF81B30099A26
:100AA0009A42EED300BF00BF0BB05DF804FB00B567
:100AB00085B00190019B0393039B043301211846E9
:100AC000FFF7EBFE00BF05B05DF804FB00B587B093
:100AD0000190019B0593059B043301211846FFF704
:100AE000F4FE0346039303AB0493049B1B78002B93
:100AF00002D10198FFF7A1FF00BF07B05DF804FB2A
:100B000000B591B00390029101920093039B099369
:100B1000039B0F93099BDB881A46099B5B7902FBB9
:100B200003F3043B0893099BDB880793009B1A1D82
:100B3000079BB2FBF3F30E93009B0433079AB3FBBE
:100B4000F2F2079901FB02F29B1A0D93019B1A68BE
:100B5000009B1344089A9A4203D2089A009BD31A26
:100B600001E0019B1B680C93019B0C9A1A6005E045
:100B70000F9B1B680F930E9B013B0E930E9B002B4C
:100B8000F6D100230B93079A0D9BD31A0A930A9A66
:100B90000C9B934228BF13460A932AE0029A0B9BB0
:100BA000134406930F9A0D9B1344043305939DF849
:100BB0004830002B05D00A9A0599069803F0EFFFFC
:100BC00004E00A9A0699059803F0E9FF00230D93C3
:100BD0000F9B1B680F930C9A0A9BD31A0C930B9ACA
:100BE0000A9B13440B93079A0C9B934228BF13460E
:100BF0000A930C9B002BD1D100BF00BF11B05DF850
:100C000004FB00B589B00590049103920293039B05
:100C1000079307AA00230093029B04990598FFF706
:100C20006FFF00BF09B05DF804FB82B001900B4676
:100C30008DF80330019BDA689DF803300199098A29
:100C400001FB03F31344184602B0704782B00190D1
:100C50000091009B019AD2689B1A019A128AB3FBF9
:100C6000F2F3DBB2184602B0704700B585B00190D0
:100C7000002303930020FFF775FE019B1B681A6891
:100C8000019B5B689A421FD9019B1B681A68013A55
:100C90001A601B681B7819460198FFF7C6FF03907E
:100CA000019B9A68019B1B681B68D31A8DF80B3057
:100CB000019B1B681B799DF80B209A4204D9019B6C
:100CC0001B689DF80B201A710020FFF754FE039B50
:100CD000184605B05DF804FB10B584B00190009192
:100CE000009B03930020FFF73DFE019B1B681C68DF
:100CF000621C1A6003990198FFF7A8FF034623704E
:100D00000020FFF738FE00BF04B010BD00B587B06B
:100D10000390029113468DF8073000230593039B3F
:100D20001B781A46114B9B5C002B09D0039B0433A4
:100D30009DF807200299184603F078FB05900FE014
:100D4000039B1B781A46094B9B5C002B08D1039B25
:100D50000C339DF807200299184602F091FD05908A
:100D6000059B184607B05DF804FB00BF480D002046
:100D700000B585B0019000238DF80F30019B1B78E2
:100D80001A46114B9B5C002B08D0019B043318467C
:100D900003F0E2FB03468DF80F300EE0019B1B7859
:100DA0001A46094B9B5C002B07D1019B0C3318465C
:100DB00002F0D2FD03468DF80F309DF80F30184633
:100DC00005B05DF804FB00BF480D002000B587B0FA
:100DD0000390029113468DF8073000230593039B7F
:100DE0001B781A46114B9B5C002B09D0039B0433E4
:100DF0009DF807200299184603F0C6FB05900FE006
:100E0000039B1B781A46094B9B5C002B08D1039B64
:100E10000C339DF807200299184602F0F5FD059065
:100E2000059B184607B05DF804FB00BF480D002085
:100E300084B00190019B9B680393019BDA68039B3C
:100E4000D31A184604B0704700B587B001900091DE
:100E5000019B1B78022B45D0022B6ADC002B52D061
:100E6000012B66D1019B1B7A002B05D1012233494E
:100E70003348FFF7ABFF5DE0019B5B681B781946C9
:100E8000304800F0D4F90590059B002B0AD00123CF
:100E90008DF80C30059B04932B4B1B6803AA10465E
:100EA00098470DE02748FFF7C3FF0346002B07D004
:100EB00000238DF80C30244B1B6803AA104698477A
:100EC0002048FFF7B5FF03461E4A9288934205D893
:100ED00001221A491A48FFF779FF2BE01B4B012228
:100EE0001A7027E002238DF80C30019BDB68049315
:100EF000012212491248FFF769FF134B1B6803AA2E
:100F00001046984716E01249124800F0ABF9034624
:100F1000002B05D101220E490948FFF7F7FE09E031
:100F200003238DF80C30084B1B6803AA1046984722
:100F300000E000BF00BF07B05DF804FBD40A00204A
:100F40001C000020D80A0020CC0A0020D50A00206E
:100F5000D00A0020E80A002030B591B00390029139
:100F600001928DF803303C4A019B1360029B002BD9
:100F700001D107236DE0029B1968029B5B689BB25D
:100F80001A46364800F027F90F900F9B0E930E9BE0
:100F9000002B01D00E9B5CE0029B9968029BDB68F2
:100FA0009BB21A462E4800F016F90F900F9B0D9336
:100FB0000D9B002B01D00D9B4BE02A4B04AC1D4632
:100FC0000FCD0FC495E80F0084E80F00039B5B6909
:100FD0000A93039B1B7C002B14BF01230023DBB26D
:100FE0008DF824309DF803308DF82C30039B5B7C0A
:100FF000002B01D00E2300E000238DF82530039B49
:10100000DB680693039B9B680793039B1B68059310
:10101000039B5B68049304AB134A1946134803F01F
:10102000F5FC0F900F9B0C930C9B002B01D00C9B9D
:101030000FE00F4B00221A70039B1B68B3F1FF3FB8
:1010400006D001220B490948FFF7C0FE034600E025
:101050000023184611B030BDCC0A0020D80A002069
:10106000E80A0020FC2A0300490E02001C000020B0
:10107000D50A0020D40A002000B587B00190124B99
:101080001B788DF817300199104800F0EBF80490A8
:101090009DF81730002B12D00B4B00221A70012242
:1010A0000B490C48FFF792FE0390039B0293029BAF
:1010B000002B04D0084AD6210298FEF703FE049BB9
:1010C000184607B05DF804FBD50A0020D80A0020B6
:1010D000D40A00201C0000201C2B030000B585B0A2
:1010E00003468DF807309DF807301946104800F088
:1010F0009EF80390039B002B15D10E48FFF738FE96
:10110000034683F00103DBB2002B0CD00A490848E8
:1011100000F0A8F80346002B05D101220649054836
:10112000FFF7F4FD0390039B184605B05DF804FB40
:10113000E80A00201C000020D00A002084B00190A2
:10114000019B9B680393019BDA68039BD31A1846A3
:1011500004B0704782B001900B468DF80330019BBC
:101160001A68019BDB68019989880B4013449DF83C
:1011700003201A70019BDB685A1C019BDA6000BFD8
:1011800002B0704784B003900B460192ADF80A306C
:10119000039B1A68039B9968BDF80A300B440399B6
:1011A00089880B4013441A78019B1A7000BF04B061
:1011B000704700B583B001900091009A002101981A
:1011C000FFF7E0FF019B9B685A1C019B9A6000BFE0
:1011D00003B05DF804FB84B0039002911346ADF8B0
:1011E0000630029B002B01D10E231DE0BDF8063016
:1011F000002B07D0BDF806305A1EBDF8063013404C
:10120000002B01D009230FE0039B029A1A60BDF85E
:101210000630013B9AB2039B9A80039B00229A609E
:10122000039B0022DA600023184604B0704700B523
:1012300083B001900B468DF803300198FFF77EFFD5
:101240000246019B9B889A4207D89DF803301946B5
:101250000198FFF77FFF002300E00423184603B046
:101260005DF804FB00B583B0019000910198FFF791
:1012700065FF0346002B05D000990198FFF799FF01
:10128000002300E00523184603B05DF804FB0000CE
:1012900082B003468DF807309DF90730002B0CDB38
:1012A0009DF8073003F01F0205499DF907305B09DF
:1012B000012000FA02F241F8232000BF02B070477B
:1012C00000E100E082B003468DF807309DF9073059
:1012D000002B13DB9DF8073003F01F0209499DF92D
:1012E00007305B09012000FA02F2203341F8232085
:1012F000BFF34F8F00BFBFF36F8F00BF00BF02B0BF
:10130000704700BF00E100E082B003468DF807306F
:101310009DF90730002B0DDB9DF8073003F01F020D
:1013200006499DF907305B09012000FA02F24033BB
:1013300041F8232000BF02B0704700BF00E100E089
:1013400082B003468DF807309DF90730002B0DDB86
:101350009DF8073003F01F0206499DF907305B092D
:10136000012000FA02F2603341F8232000BF02B0EE
:10137000704700BF00E100E000B585B00190019B1F
:10138000002B0AD0074B43F001030393019B9B0101
:101390000293039B0298984700E000BF05B05DF8F8
:1013A00004FB00BF702B030008B50D4B4FF48032D7
:1013B000C3F844230A4B4FF48032C3F804231120AE
:1013C000FFF7BEFF1120FFF763FF054B01221A60F4
:1013D0002F20FFF7D1FF034B01221A7000BF08BD79
:1013E00000100140160C002008B51120FFF76AFF1D
:1013F0000E4B4FF48032C3F848230C4B4FF480322D
:10140000C3F80823094B01225A602F20FFF7B4FFCD
:10141000064B01229A60064B00221A602F20FFF72C
:10142000ABFF044B00221A7000BF08BD0010014042
:10143000080C0020160C0020024BD3F80435184687
:10144000704700BF0010014082B001900091019AE6
:10145000009BD31A23F07F43184602B07047000068
:1014600082B00190034A019BC2F8403500BF02B030
:10147000704700BF0010014086B00190284B1B68E8
:10148000002B03D1264A019B136045E0019B1A689B
:10149000234B1B681B689A4210D8214B1B681968A4
:1014A000019B1A681E4B1B688A1A1A601C4B1A682B
:1014B000019BDA611A4A019B13602DE0019B1B68B6
:1014C0000393174B1B680593154B1B68049309E0A6
:1014D000049B1B68039AD31A0393049B0593049BF4
:1014E000DB690493049B002B04D0049B1B68039AC4
:1014F0009A42EDD8049B002B05D0049B1A68039BED
:10150000D21A049B1A60019B039A1A60019B049AE9
:10151000DA61059B019ADA6100BF06B0704700BF2F
:10152000040C002000B587B001902A4B1B68039380
:10153000284B1B680593059B049308E0049A019BC4
:101540009A4208D0049B0593049BDB690493049B97
:10155000002BF3D100E000BF049B002B01D100233E
:1015600033E0059A049B9A4214D11A4B1B68DB693D
:10157000184A1360174B1B68002B0BD1164B012226
:101580009A60164B00221A60154B01221A702F2008
:10159000FFF7F2FE049B1B680293049BDA69059B2C
:1015A000DA61059BDB690493049B002B05D0049B47
:1015B0001A68029B1A44049B1A60064B1B68039A24
:1015C0009A4214BF01230023DBB2184607B05DF82E
:1015D00004FB00BF040C002000100140080C002098
:1015E000170C002008B51120FFF78EFE00BF08BDC4
:1015F00008B51420FFF788FE00BF08BD00B583B012
:101600000190019B5B69019A92691046984700BF5F
:1016100003B05DF804FB000000B585B02B4B1B68E0
:10162000002B4ED000230193FFF706FF0246284B04
:101630001B6819461046FFF707FF0290234B1B68F3
:1016400003931DE0039B1B68029A9A421CD3039BE1
:101650001B68029AD31A0293039B1B68019A1344D6
:101660000193039B0093039BDB690393009B1B7C0B
:10167000002B05D0009B00221A740098FFF7BEFFD4
:10168000039B002BDED100E000BF124B1A78124BF7
:101690001B789A420CD1104B1B780133DAB20E4BF7
:1016A0001A700D4B1B78022B02D10B4B00221A70C3
:1016B000094B1B781946094A019B42F82130FFF774
:1016C00097FF00BF05B05DF804FB00BF040C0020CD
:1016D000080C0020140C0020150C00200C0C00201D
:1016E00082B00190184B1A78184B1B789A4223D07D
:1016F000154B1B780133DAB2134B1A70124B1B785F
:10170000022B02D1104B00221A700F4B1B781A4685
:101710000F4B53F82220019B1A60019B1A680D4B56
:101720001B6813440B4A13600A4B1B6823F07F436A
:10173000084A1360012303E0019B00221A60002382
:10174000184602B0704700BF140C0020150C002092
:101750000C0C0020080C002088B00390029101922C
:101760000023079338E0204B1B680693069B1B68F9
:10177000039A9A4206D2069B1A68039BD21A069BCA
:101780001A602EE0069B1B68039AD31A0393069BEC
:101790001B68079A13440793069B00221A60124B9A
:1017A0001B680593069BDB690F4A1360069BDB6889
:1017B000002B11D0029A079B134423F07F42069B13
:1017C0005A60069BDA68069B9A60019B1A68069B22
:1017D000DA61019B059A1A60034B1B68002BC2D18A
:1017E00000BF00BF08B07047040C002000B589B0EE
:1017F000019000238DF81F30664B1B680593AAE00B
:10180000019B002B05D0019B0693069BDB6901938E
:1018100061E0614B1B781A4613465B001344DB0002
:101820005D4A1344043304935B4B1B780133DAB2F3
:10183000594B1A70584B1A78574B9B789A4202D1E1
:10184000554B00221A70049B5B680693049B1B781F
:10185000032B1ED0032B7EDC012B1FD0022B7AD151
:10186000049B5B681846FFF75DFE0346002B02D021
:1018700001238DF81F30069B00221A746BE0454B44
:101880001B680393039B00221A74039BDB69414A84
:101890001360404B1B68002BF1D15CE000BF069B3E
:1018A0001B7C002B00D056E0049B9A68069B5A6074
:1018B000049BDA68069B9A60049B1A69069BDA60AF
:1018C000049B5A69069B9A61344B1B78002B02D00B
:1018D000069B00225A60069B5A68314B1B68D31A3C
:1018E00023F07F432F4A93420ED8069B5B682C4A15
:1018F000126811461846FFF7A7FD0246069B9B6833
:101900001A44069B1A6017E0254B1A68069B5B6811
:1019100019461046FFF798FD0290069B9B68029AB5
:101920009A4206D2069B9A68029BD21A069B1A60BC
:1019300002E0069B00221A60069B00225A60069B6A
:1019400000229A60069B01221A74069B0022DA612B
:101950000698FFF791FD019B002B7FF451AF0E4BD2
:101960001A780D4B5B789A427FF44AAF9DF81F308E
:10197000002B04D1074B1B68059A9A4201D0012322
:1019800000E0002303F00103DBB2184609B05DF864
:1019900004FB00BF040C0020F80A0020170C0020F4
:1019A000080C0020FEFF7F0010B588B00190274B87
:1019B0001B68002B44D0254B1B681B680793FFF75F
:1019C0003BFD0690224B1B68059305990698FFF78F
:1019D0003BFD0346033304931E4B1B7883F0010346
:1019E000DBB2002B01D0FFF7DFFC049A079B934288
:1019F00038BF1346059A13440593059B23F07F4394
:101A000005930598FFF72CFDFFF716FD0390069947
:101A10000398FFF719FD0346DC1C06990598FFF7AC
:101A200013FD03469C420DD9FFF706FD03461846F9
:101A3000FFF716FD2F20FFF79FFCFFF7D3FD01E016
:101A4000FFF7D2FC00BF08B010BD00BF040C00209F
:101A5000080C0020160C002000B587B0002301936D
:101A600000238DF81730194B1B680493184B1B6823
:101A700003936B461846FFF733FE03468DF80B3091
:101A80009DF80B30002B08D0009B01AA0499184642
:101A9000FFF762FE01238DF81730019B1846FFF710
:101AA000A5FE0346002B02D001238DF817309DF8C8
:101AB0001730002B02D00398FFF776FF054B00226A
:101AC0001A7000BF07B05DF804FB00BF080C0020CF
:101AD000040C0020170C002008B50E4B0022C3F8A0
:101AE00040210C4B0022C3F844210A4B0022C3F8CA
:101AF0004821084B0022C3F84C21064B0022C3F8B2
:101B00000021044B0022C3F80421FFF785FD00BF2C
:101B100008BD00BF0010014008B5FFF79DFF00BFE2
:101B200008BD0000BFF34F8F00BF064BDB6803F416
:101B3000E0620449044B1343CB60BFF34F8F00BFF7
:101B400000BFFDE700ED00E00400FA0582B0114B94
:101B50001B680193104B1B680093019B0D2B14D144
:101B6000009B022B0DD0009B022B0CD8009B002B5E
:101B700003D0009B012B02D005E0012306E00123E6
:101B800004E0012302E0012300E00023184602B034
:101B9000704700BF300100103401001082B0114BBB
:101BA0001B680193104B1B680093019B0D2B14D1F4
:101BB000009B022B0DD0009B022B0CD8009B002B0E
:101BC00003D0009B012B02D005E0012306E0012396
:101BD00004E0012302E0012300E00023184602B0E4
:101BE000704700BF300100103401001082B0114B6B
:101BF0001B680193104B1B680093019B0D2B14D1A4
:101C0000009B022B0DD0009B022B0CD8009B002BBD
:101C100003D0009B012B02D005E0012306E0012345
:101C200004E0012302E0012300E00023184602B093
:101C3000704700BF300100103401001082B0114B1A
:101C40001B680193104B1B680093019B0D2B14D153
:101C5000009B022B0DD0009B022B0CD8009B002B6D
:101C600003D0009B012B02D005E0002306E00023F7
:101C700004E0012302E0012300E00023184602B043
:101C8000704700BF300100103401001008B5FFF7A5
:101C9000D5FF0346002B07D04FF010234FF08042B2
:101CA000D3F80832C2F8583500BF08BD00BF044B56
:101CB000D3F80034002BFAD000BF00BF704700BF3C
:101CC00000E0014000B583B00190054A019BC2F8D5
:101CD0000435FFF7EBFF00BF03B05DF804FB00BF66
:101CE00000E00140024B034A1A6000BF704700BF8A
:101CF000300000200090D00308B5FFF727FF03460F
:101D0000002B0ED04FF080430022C3F80C214FF07F
:101D100080430022C3F810214FF080430022C3F813
:101D20003825FFF73BFF0346002B76D04FF080535A
:101D30005E4AD3F80434C2F820354FF080535B4A32
:101D4000D3F80834C2F824354FF08053574AD3F8FB
:101D50000C34C2F828354FF08053544AD3F810346D
:101D6000C2F82C354FF08053504AD3F81434C2F8DF
:101D700030354FF080534D4AD3F81834C2F834351B
:101D80004FF08053494AD3F81C34C2F840354FF025
:101D90008053464AD3F82034C2F844354FF080537C
:101DA000424AD3F82434C2F848354FF080533F4AB2
:101DB000D3F82834C2F84C354FF080533B4AD3F85F
:101DC0002C34C2F850354FF08053384AD3F83034B1
:101DD000C2F854354FF08053344AD3F83434C2F843
:101DE00060354FF08053314AD3F83834C2F8643547
:101DF0004FF080532D4AD3F83C34C2F868354FF089
:101E000080532A4AD3F84034C2F86C354FF08053DF
:101E1000264AD3F84434C2F87035FFF7E7FE03468C
:101E2000002B0DD04FF08043D3F8003403F00103B2
:101E3000002B05D04FF080436FF00102C3F800245F
:101E40001B4BD3F888301A4A43F47003C2F8883029
:101E5000BFF34F8F00BFBFF36F8F00BFFFF716FFB9
:101E60004FF01023D3F80032002B05DB4FF0102386
:101E7000D3F80432002B15DA0120FFF723FF4FF0CF
:101E800010231222C3F80022FFF710FF4FF0102397
:101E90001222C3F80422FFF709FF0020FFF712FF08
:101EA000FFF740FEFFF71EFF00BF08BD00C0004067
:101EB00000ED00E082B00190019B1B681F2B02D84F
:101EC0004FF0A04306E0019B1B6803F01F02019B3B
:101ED0001A60024B184602B0704700BF0003005062
:101EE00000B585B00190084611461A4603468DF8A4
:101EF00003300B468DF8023013468DF8013001ABEC
:101F00001846FFF7D7FF03909DF803209DF8023095
:101F10005B001A439DF801309B001A439DF818306E
:101F20001B0242EA03019DF81C301B04019A19436D
:101F3000039B02F5E07243F8221000BF05B05DF884
:101F400004FB00B585B003900023019300230093A8
:101F50000023012201210398FFF7C2FF00BF05B053
:101F60005DF804FB00B585B003900B468DF80B308F
:101F70009DF80B30002201920022009200220021E5
:101F80000398FFF7ADFF00BF05B05DF804FB00B597
:101F900085B0019001AB1846FFF78CFF0390019BC1
:101FA000012202FA03F31946039800F02AF800BF51
:101FB00005B05DF804FB00B585B0019001AB184693
:101FC000FFF778FF0390019B012202FA03F3194601
:101FD000039800F020F800BF05B05DF804FB00B5E1
:101FE00083B001900091009B002B03D10198FFF773
:101FF000E2FF02E00198FFF7CAFF00BF03B05DF8FF
:1020000004FB82B001900091019B009AC3F808255F
:1020100000BF02B0704782B001900091019B009A0E
:10202000C3F80C2500BF02B07047000000B583B0B4
:102030000190064A019B13441B7800211846FFF7C4
:10204000CEFF00BF03B05DF804FB00BF782B030098
:1020500000B583B00190064A019B13441B7801210F
:102060001846FFF7BCFF00BF03B05DF804FB00BFDC
:10207000782B030000B583B00023019305E001989D
:10208000FFF7E6FF019B01330193019B032BF6D978
:1020900000BF00BF03B05DF804FB000000B583B0D3
:1020A0000023019309E0094A019B13441B78184659
:1020B000FFF747FF019B01330193019B032BF2D9EB
:1020C000FFF7D8FF00BF03B05DF804FB782B0300D7
:1020D00000B583B00023019307E0022303211846D3
:1020E000FFF740FF019B01330193019B002BF4D0CC
:1020F00000BF00BF03B05DF804FB00B583B00190E2
:10210000019B03F00103002B01D0FFF7C7FF019BE8
:1021100003F00203002B01D0FFF7DAFF00BF03B08A
:102120005DF804FB08B5024B1B68984700BF08BD6B
:10213000180C002082B00190019B044A934201D107
:10214000034B00E00023184602B070470020004017
:10215000180C002000B587B0019000910198FFF79E
:10216000E9FF0390039B002B1ED000238DF817304E
:102170000020FEF7F7FB039B1B79002B03D0012304
:102180008DF8173005E0039B009A1A60039B01222B
:102190001A710020FEF7EFFB9DF81730002B03D0DB
:1021A00011230493049B02E000230493049B18462C
:1021B00007B05DF804FB84B001900B46ADF8023027
:1021C000BDF80230019A134400221A60BDF80230B3
:1021D000019A13441B680393039B00BF04B070472C
:1021E00082B001900B46ADF80230BDF80230019A82
:1021F00013441B68002B14BF01230023DBB21846D5
:1022000002B0704782B00190019B1B681F2B02D85F
:102210004FF0A04306E0019B1B6803F01F02019BE7
:102220001A60024B184602B0704700BF000300500E
:1022300000B585B0019001AB1846FFF7E3FF0390AE
:10224000019B012202FA03F31946039800F018F8E3
:1022500000BF05B05DF804FB00B585B0019001AB8F
:102260001846FFF7CFFF0390019B012202FA03F308
:102270001946039800F00EF800BF05B05DF804FBA6
:1022800082B001900091019B009AC3F8082500BF1D
:1022900002B0704782B001900091019B009AC3F890
:1022A0000C2500BF02B07047024A034B1B68136045
:1022B00000BF7047000E00408C0C002000B583B0BA
:1022C0000190019BDB7FFF2B0ED0019B9B7F002B9E
:1022D00005D0019BDB7F1846FFF7BEFF04E0019BA2
:1022E000DB7F1846FFF7A4FF019B00225A77019B72
:1022F00000221A72019B1B68019A02F10800019AE0
:1023000052681146984700BF03B05DF804FB000017
:1023100000B583B0019000914FF48C710198FFF7E4
:102320005FFF0346002B0DD0019B084A934201D169
:10233000FFF7BAFF4FF48C710198FFF73CFF00984C
:10234000FFF7BCFF00BF03B05DF804FB00F00240E4
:1023500008B503490348FFF7DBFF00BF08BD00BF16
:10236000200C00200030004008B503490348FFF767
:10237000CFFF00BF08BD00BF440C0020003002406A
:1023800008B503490348FFF7C3FF00BF08BD00BFFE
:10239000680C002000F0024082B003468DF8073040
:1023A0009DF90730002B0CDB9DF8073003F01F026E
:1023B00005499DF907305B09012000FA02F241F856
:1023C000232000BF02B0704700E100E082B0034666
:1023D00000918DF807309DF90730002B0ADB009B38
:1023E000DAB20C499DF907305201D2B20B4483F89E
:1023F00000230BE0009BDAB207499DF8073003F099
:102400000F03043B5201D2B20B441A7600BF02B054
:10241000704700BF00E100E000ED00E082B00190F5
:10242000019B1B0B5BB2184602B0704700B583B02E
:1024300003460A468DF8073013468DF806309DF89E
:1024400006209DF9073011461846FFF7BFFF00BF71
:1024500003B05DF804FB00B583B003468DF8073088
:102460009DF907301846FFF797FF00BF03B05DF8EE
:1024700004FB00B583B00346ADF80630BDF8063066
:10248000184600F026F803461B68012B0CBF0123F9
:102490000023DBB2184603B05DF804FB00B585B03D
:1024A0000346ADF80630BDF80630184600F011F8C6
:1024B00003461A4600231360BDF80630184600F0A4
:1024C00008F803461B680393039B00BF05B05DF843
:1024D00004FB82B00346ADF80630BDF8063003F1C8
:1024E000804303F5C043184602B0704782B00190A4
:1024F000034A019BC2F8043300BF02B0704700BF1B
:102500000060004082B00190034A019BC2F808338A
:1025100000BF02B0704700BF0060004082B0019071
:10252000034BD3F80423019B1340184602B07047B5
:102530000060004082B00190084A019B03F5A2733D
:1025400052F82330054943F00102019B03F5A273C1
:1025500041F8232000BF02B0704700BF0060004078
:1025600082B00190084A019B03F5A27352F8233010
:10257000054923F00102019B03F5A27341F82320D2
:1025800000BF02B0704700BF0060004084B00390FD
:10259000029113468DF80730144A039B03F5A2738A
:1025A00052F82330114923F44F3323F44073039A34
:1025B00002F5A27241F822300C4A039B03F5A27384
:1025C00052F82320029B1B0203F47C519DF8073034
:1025D0001B0403F440330B4304491A43039B03F5E4
:1025E000A27341F8232000BF04B070470060004090
:1025F00082B00190054A019B03F5A27352F8233083
:102600001B0A03F03F03184602B070470060004009
:1026100082B00190064A019B03F5A27352F8233061
:102620001B0C03F00303DBB2184602B0704700BF77
:102630000060004084B00390029111461A460B4698
:102640008DF8073013468DF80630184A039B03F5C2
:10265000A27352F82330154923F4991323F4F85345
:10266000039A02F5A27241F82230104A039B03F547
:10267000A27352F82320029B1B0203F47C519DF8A5
:1026800007301B0403F4403319439DF806301B0543
:1026900003F480130B4305491A43039B03F5A2730C
:1026A00041F8232000BF04B0704700BF0060004025
:1026B00082B00190019B1B681F2B02D84FF0A043F2
:1026C00006E0019B1B6803F01F02019B1A60024B8E
:1026D000184602B0704700BF0003005000B585B037
:1026E0000190084611461A4603468DF803300B4602
:1026F0008DF8023013468DF8013001AB1846FFF714
:10270000D7FF03909DF803209DF802305B001A4329
:102710009DF801309B001A439DF818301B0242EAD5
:1027200003019DF81C301B04019A1943039B02F519
:10273000E07243F8221000BF05B05DF804FB00B55D
:1027400085B003900023019300230093002301220E
:1027500001210398FFF7C2FF00BF05B05DF804FB3D
:1027600000B585B003900B468DF80B309DF80B300B
:102770000022019200220092002200210398FFF71C
:10278000ADFF00BF05B05DF804FB00B585B001905A
:1027900001AB1846FFF78CFF0390019A039B02F5EB
:1027A000E07253F8223023F002030293019A039B54
:1027B00002F5E072029943F8221000BF05B05DF8FF
:1027C00004FB00B585B001900B468DF8033001ABDA
:1027D0001846FFF76DFF0390019A039B02F5E07224
:1027E00053F82230019A23F44031039B02F5E07242
:1027F00043F82210019A039B02F5E07253F822304D
:102800009DF8032012041146019A1943039B02F517
:10281000E07243F8221000BF05B05DF804FB00B57C
:1028200085B0019001AB1846FFF742FF0390019B72
:10283000012202FA03F31946039800F04BF800BF97
:1028400005B05DF804FB00B585B0019001AB1846FA
:10285000FFF72EFF0390019B012202FA03F31946B2
:10286000039800F041F800BF05B05DF804FB00B527
:1028700085B0019001AB1846FFF71AFF039003984B
:1028800000F020F80246019B22FA03F303F0010353
:10289000184605B05DF804FB00B585B0019001ABAA
:1028A0001846FFF705FF0390019A039B02F5E072BB
:1028B00053F822301B0C03F00303DBB2184605B0BB
:1028C0005DF804FB82B00190019BD3F810351846E7
:1028D00002B0704782B001900091019B009AC3F84A
:1028E000082500BF02B0704782B001900091019BA3
:1028F000009AC3F80C2500BF02B0704788B003905F
:1029000002910192164A05AB92E8030083E80300A6
:10291000039B079319E0079B9B0008AA134453F8F5
:102920000C3CD3F82025019B1A60079B9B0008AA4A
:10293000134453F80C3C019A1268C3F82025019BFC
:1029400004330193079B01330793039A029B1344BB
:10295000079A9A42DFD300BF00BF08B0704700BF9C
:10296000882B030000B585B0019001AB1846FFF736
:102970009FFE0390019B012202FA03F31A46039B78
:10298000C3F8202500BF05B05DF804FB84B00190BA
:10299000019B5B09029300230393029B002B03D04E
:1029A000029B012B04D007E04FF0FF33039303E0B9
:1029B00040F2FF33039300BF019B03F01F03019319
:1029C000039A019B22FA03F303F00103002B14BFC7
:1029D00001230023DBB2184604B0704784B0019095
:1029E0000091009B0393019BDB080293019B03F082
:1029F000070301930122019B02FA03F30399029A50
:102A00000A4412781340184604B0704784B001900D
:102A10000091009B0393019BDB080293019B03F051
:102A200007030193039A029B13441B785AB20121B6
:102A3000019B01FA03F35BB2134359B2039A029B61
:102A40001344CAB21A7000BF04B0704782B001903C
:102A5000074A019B1344243393F90030B3F1FF3F3D
:102A600014BF01230023DBB2184602B0704700BF39
:102A7000900C002082B001900C4A019B1344243337
:102A800093F90030002B09DB084A019B13442433DF
:102A900093F90030072B01DC012300E0002303F051
:102AA0000103DBB2184602B0704700BF900C002053
:102AB00082B00190064A019B1344243393F90030FD
:102AC000072BCCBF01230023DBB2184602B07047AE
:102AD000900C002082B00190064A019B13442433DD
:102AE00093F90030DB43DBB2DB09DBB2184602B0FE
:102AF000704700BF900C002084B0039002910192B7
:102B00008DF80330029B59B20E4A039B13442433C1
:102B10000A461A700B49029B019A41F823209DF83E
:102B2000033083F00103DBB2002B08D0029B083B8B
:102B3000039A51B2034A13440A4683F84E2000BF59
:102B400004B07047900C002082B00190044A019BB1
:102B500013442433FE221A7000BF02B0704700BF36
:102B6000900C002082B00190044A019B134424334E
:102B7000FF221A7000BF02B0704700BF900C002007
:102B800000B583B0019004490198FFF73FFF00BFF3
:102B900003B05DF804FB00BFDF0C002082B00190A1
:102BA000044A019B1344243393F90030184602B0C1
:102BB000704700BF900C002082B00190034A019B37
:102BC00052F82330184602B0704700BF900C002026
:102BD00084B00190074A019B13444E3393F90030AF
:102BE0008DF80F309DF80F3023F0C003184604B065
:102BF000704700BF900C002084B00190074A019BF1
:102C000013444E3393F900308DF80F309DF80F3098
:102C10009B09DBB2184604B0704700BF900C00203F
:102C200000B589B00390029113468DF80730FF2359
:102C30008DF81F309DF80730002B01D0002300E0F5
:102C4000082305939DF80730002B01D0082300E0EE
:102C500009230493059B069314E00F4A069B52F840
:102C60002330B3F1FF3F0AD19DF80730029A06994D
:102C70000398FFF741FF069B8DF81F3006E0069B87
:102C800001330693069A049B9A42E6D39DF91F30BE
:102C9000184609B05DF804FB900C002082B0034692
:102CA0008DF807309DF80730094A4FF0FF3142F8A0
:102CB00023109DF80730072B07D99DF80730083BF4
:102CC000034A1344FF2283F84E2000BF02B070472E
:102CD000900C002000B583B02D4B93F85530002B9D
:102CE00003D008230093009B4EE000238DF80730AB
:102CF00011E09DF807301846FFF748FE0346002B09
:102D000004D09DF807301846FFF72CFF9DF80730D8
:102D100001338DF807309DF80730292BE9D90023BE
:102D20008DF8073009E09DF807301846FFF7B6FF29
:102D30009DF8073001338DF807309DF80730082BD8
:102D4000F1D906220021134801F052FF1248FFF783
:102D500065FB034607211846FFF768FB0E48FFF79F
:102D60005DFB03461846FFF776FB4FF4BE70FFF796
:102D700095FB4FF00040FFF7B9FB054B012283F8AC
:102D8000552000230093009B184603B05DF804FB18
:102D9000900C0020DF0C00200060004000B585B0E2
:102DA00001900091002303930198FFF74FFE034623
:102DB000002B02D00823039334E0009B9B78002B68
:102DC00019D0012200210198FFF72AFF03468DF850
:102DD0000B309DF90B30B3F1FF3F09D09DF90B008B
:102DE000009B1A78009B5B780199FFF723FC05E0B4
:102DF0000423039302E00198FFF7A6FE039B002B38
:102E000010D1009B5B78012B03D10198FFF707FDE0
:102E100002E00198FFF717FD0198FFF790FC019879
:102E2000FFF7AEFE039B184605B05DF804FB0000FB
:102E300000B587B003900291019200230593039897
:102E4000FFF748FE0346002B02D00823059357E006
:102E5000029B9B78C3F34003DBB21A4601990398A7
:102E6000FFF7DEFE03468DF813309DF91330B3F102
:102E7000FF3F43D0029B9B78C3F38003DBB283F018
:102E80000103DBB2002B13D0029B9B7803F00103FC
:102E9000DBB2002B03D00398FFF777FC05E0029B21
:102EA0005B7819460398FFF75BFC0398FFF768FE11
:102EB000029B9B7803F00203DBB2002B08D09DF944
:102EC0001300029B1B781A460399FFF75FFB17E07C
:102ED0009DF91330083B0D4A134493F94E10029BA1
:102EE0001B789B015AB29DF91330083B0A4351B23B
:102EF000064A13440A4683F84E2001E00423059352
:102F0000059B184607B05DF804FB00BF900C00203D
:102F100000B589B001900B468DF803300198FFF79A
:102F2000C7FD0346002B2AD00198FFF737FE034662
:102F3000083B1846FFF760FE03468DF80F309DF8FA
:102F40000F30032B0BD10198FFF791FC0346002BA8
:102F500001D0032300E002238DF81F3008E09DF824
:102F60000F30012B01D1022300E003238DF81F3025
:102F70009DF81F3019460198FFF723FC30E00198B7
:102F8000FFF778FD0346002B2AD00198FFF706FED5
:102F900003460693069B9BB240339BB29B00ADF861
:102FA0001630069B1846FFF7C5FABDF816301846CE
:102FB000FFF774FA9DF80330002B11D00198FFF74A
:102FC000EDFD03461846FFF7F7FD0490049B002B28
:102FD00006D00122069B02FA03F31846FFF786FA91
:102FE00000BF09B05DF804FB00B585B00190019801
:102FF000FFF75EFD0346002B04D000210198FFF788
:10300000E0FB15E00198FFF735FD0346002B0FD0DC
:103010000198FFF7C3FD03460393039B1846FFF790
:103020009FFA0122039B02FA03F31846FFF76AFA9C
:1030300000BF05B05DF804FB00B583B001900198B6
:10304000FFF715FC0346002B14BF01230023DBB25E
:10305000184603B05DF804FB00B585B00190019AF5
:1030600002210020FFF74AFC002303930BE0039B9F
:103070009B00019A13441B68002B01D0012306E03A
:10308000039B01330393039B012BF0D900231846C4
:1030900005B05DF804FB000000B587B00190002387
:1030A00005935BE0344A059B13444E3393F900309B
:1030B000B3F1FF3F4ED00598FFF78AFD04900199C8
:1030C0000498FFF78BFC0346002B44D00598FFF7CC
:1030D00093FD03468DF80F300498FFF7DDFB0346A0
:1030E0008DF80E309DF80E30022B01D1032300E045
:1030F00002238DF80D309DF80D3019460498FFF726
:1031000060FB0498FFF72EFC0498FFF747FD034689
:103110001846FFF751FD0290029B002B1BD09DF833
:103120000F30032B0FD09DF80E30022B03D19DF8EA
:103130000F30012B07D09DF80E30032B0BD19DF8DB
:103140000F30022B07D19DF80F20029B11460498E7
:10315000984700E000BF059B01330593059B002BBA
:10316000A0D00198FFF778FF0346002B97D100BF4E
:1031700000BF07B05DF804FB900C002000B58BB0D9
:103180000023089301AB00221A605A604FF4807349
:10319000ADF81A30012309930023079321E0BDF80D
:1031A0001A301846FFF765F90346002B0ED0099830
:1031B000FFF7B4F90346002B08D0BDF81A301846C3
:1031C000FFF76CF9089A099B13430893099B5B006E
:1031D0000993BDF81A300433ADF81A30079B013358
:1031E0000793079B072BDAD94FF4BE70FFF741F91D
:1031F0000346002B0DD04FF4BE70FFF74FF9089B2C
:1032000043F00043089301AB1A4602210020FFF768
:1032100075FB089BDBB2002B29D001230993002307
:10322000079321E0099A089B1340002B16D00798BA
:10323000FFF7DEF905900798FFF7EAF903468DF8E6
:1032400013300798FFF7B8FC0390039B002B05D0C1
:103250009DF81320039B114605989847099B5B0036
:103260000993079B01330793079B072BDAD9089B28
:10327000002B03DA01AB1846FFF70EFF00BF0BB0BF
:103280005DF804FB82B003468DF807309DF90730E6
:10329000002B0CDB9DF8073003F01F0205499DF958
:1032A00007305B09012000FA02F241F8232000BF39
:1032B00002B0704700E100E082B0034600918DF853
:1032C00007309DF90730002B0ADB009BDAB20C496E
:1032D0009DF907305201D2B20B4483F800230BE072
:1032E000009BDAB207499DF8073003F00F03043B57
:1032F0005201D2B20B441A7600BF02B0704700BF31
:1033000000E100E000ED00E082B00190019B1B0BAA
:103310005BB2184602B0704700B583B003460A4658
:103320008DF8073013468DF806309DF806209DF97C
:10333000073011461846FFF7BFFF00BF03B05DF826
:1033400004FB00B583B003468DF807309DF90730C4
:103350001846FFF797FF00BF03B05DF804FB84B089
:1033600001900B46ADF80230BDF80230019A1344CB
:1033700000221A60BDF80230019A13441B680393BF
:10338000039B00BF04B0704782B001900B46ADF8BC
:103390000230BDF80230019A13441B68002B14BFA1
:1033A00001230023DBB2184602B0704782B00190BF
:1033B0000091019B009AC3F8042300BF02B070473C
:1033C00082B001900091019BD3F80423009B13402D
:1033D000002B14BF01230023DBB2184602B0704754
:1033E00082B001900091019B009AC3F8082300BFAE
:1033F00002B0704784B00190019BD3F880340393EE
:10340000019B039AC3F88024039B184604B07047BD
:1034100082B00190019B0422C3F8002500BF02B0D6
:10342000704784B0039002910192039B019AC3F804
:103430001425039B029AC3F80C2500BF04B0704703
:1034400084B0039002910192039B029AC3F808256D
:10345000039B019AC3F8102500BF04B0704782B0E7
:103460000190019BD3F81835DBB2184602B07047C3
:1034700082B001900B468DF803309DF80320019B2C
:10348000C3F81C2500BF02B0704782B001900B4604
:103490008DF803309DF80330019A134401221A601D
:1034A00000BF02B0704782B001900B468DF8033028
:1034B00013468DF802309DF803209DF80230134327
:1034C000DBB21A46019BC3F86C2500BF02B07047FF
:1034D00082B001900091019B009AC3F8242500BF9F
:1034E00002B0704782B00190019B1B681F2B02D86D
:1034F0004FF0A04306E0019B1B6803F01F02019BF5
:103500001A60024B184602B0704700BF000300501B
:1035100000B585B00190084611461A4603468DF85D
:1035200003300B468DF8023013468DF8013001ABA5
:103530001846FFF7D7FF03909DF803209DF802304F
:103540005B001A439DF801309B001A439DF8183028
:103550001B0242EA03019DF81C301B04019A194327
:10356000039B02F5E07243F8221000BF05B05DF83E
:1035700004FB00B585B00390002301930023009362
:103580000023012201210398FFF7C2FF00BF05B00D
:103590005DF804FB00B585B003900B468DF80B3049
:1035A0009DF80B300022019200220092002200219F
:1035B0000398FFF7ADFF00BF05B05DF804FB00B551
:1035C00085B0019001AB1846FFF78CFF0390019B7B
:1035D000012202FA03F31946039800F004F800BF31
:1035E00005B05DF804FB82B001900091019B009A48
:1035F000C3F8082500BF02B0704700B583B0019042
:103600000091009B1B68B3F1FF3F09D0009B1B6832
:103610001846FFF7D4FF009B1B681846FFF7A9FF69
:10362000009B5B68B3F1FF3F05D0009B5B68002106
:103630001846FFF7AFFF019B1A68009B9B6919466C
:103640001046FFF745FF019B1868009B597D009BC2
:103650001B7D1A46FFF727FF019B1868009B19681E
:10366000009B5B681A46FFF7DCFE009B1B7D012B6D
:1036700022D1009B9B68B3F1FF3F05D0009B9B6864
:1036800000211846FFF786FF009BDB68B3F1FF3F80
:1036900009D0009BDB681846FFF791FF009BDB68B1
:1036A0001846FFF766FF019B1868009BD968009BCE
:1036B0009B681A46FFF7C4FE00BF03B05DF804FB29
:1036C00000B583B001900B468DF80330019B1B6859
:1036D0004FF48E711846FFF742FE019B1B684FF4B2
:1036E000A2711846FFF73BFE019B1B680E49184666
:1036F000FFF75CFE019B1B681846FFF705FE0346BB
:103700001A469DF8033019461046FFF705FE019B47
:103710001B681846FFF7F8FD03461846FFF711FE31
:1037200000BF03B05DF804FB8000020000B587B065
:10373000039002910192039B1B791A462C2302FBF2
:1037400003F3284A1344049300230593049B93F83E
:103750002A30002B03D008230593059B3EE0039BF2
:103760001A68039B1B7919461F4B53F821301946E1
:103770001046FEF7EFFC0346002B03D01123059300
:10378000059B2BE002990398FFF737FF049B019AF2
:103790005A60029B1A69049B1A60049B5B68002BA9
:1037A00005D0029B1B7F19460398FFF789FF039BF7
:1037B0001B681846FFF72CFE049B00229A61049BAD
:1037C0000022DA61049B002283F82920049B002256
:1037D0005A61049B012283F82A20059B184607B0F2
:1037E0005DF804FBE80C0020B02B030000B585B0A9
:1037F000019000914FF48E710198FFF7B0FD009B8E
:103800009A68009B1B6A13441B788DF80F30009B4D
:103810001B6A5A1C009B1A629DF80F3019460198CA
:10382000FFF726FE00BF05B05DF804FB00B585B0CC
:1038300001900091009B5B69039316E0009B93F855
:103840002830DBB2002B01D0002314E04FF48E713E
:103850000198FFF799FD034683F00103DBB2002BCB
:10386000ECD100990198FFF7C1FF009B1B6A039AF6
:103870009A42EBD80123184605B05DF804FB00001E
:1038800000B587B0039002910192039B1B791A4601
:103890002C2302FB03F32F4A13440493039800F0F4
:1038A0005BF80346002B03D011230593059B4CE0E6
:1038B000049B019A5A61049B029A9A60049B00221D
:1038C0001A62049B002283F8282000230593039B9F
:1038D0001B684FF48E711846FFF741FD039B1B6870
:1038E00008211846FFF7D1FD039B1B680499184671
:1038F000FFF77CFF049B5B68002B25D1039B1B68B3
:1039000004991846FFF792FF034683F00103DBB2E8
:10391000002B02D00F23059313E000BF039B1B680D
:103920004FF48E711846FFF72FFD034683F0010315
:10393000DBB2002BF2D1039B1B680C211846FFF76A
:10394000A4FD049B00225A61059B184607B05DF850
:1039500004FB00BFE80C002082B00190019B1B79A2
:103960001946074A2C2301FB03F3134414331B6845
:10397000002B14BF01230023DBB2184602B07047AE
:10398000E80C002000B583B00190019B1B684FF448
:1039900092711846FFF7E3FC019B1B684FF484719A
:1039A0001846FFF7DCFC019B1B6800211846FFF757
:1039B0006CFD00BF03B05DF804FB10B582B0019050
:1039C0000091009B9B69002B08D14FF484710198F2
:1039D000FFF7C5FC0198FFF742FD13E04FF4847137
:1039E0000198FFF7BCFC009BDA68009B5B6AD41867
:1039F0000198FFF734FD03462370009B5B6A5A1C55
:103A0000009B5A6202B010BD00B589B003900291CC
:103A10000192039B1B791A462C2302FB03F36E4A87
:103A20001344059300238DF81330059B5B68002B2E
:103A300006D0039B1B684FF401711846FFF7D0FCBA
:103A4000059B9B69002B15D0059BDB69002B0ED0D5
:103A5000059B5B68002B06D0039B1B684FF401712C
:103A60001846FFF7A3FC11230793079BB0E001233F
:103A70008DF813309DF8133083F00103DBB2002B77
:103A80000CD0059B019A9A61059B029ADA60059B0E
:103A900000225A62059B0022DA6105E0059B029A2A
:103AA0001A61059B019ADA61059B93F8293083F02E
:103AB0000103DBB2002B09D09DF8133083F0010322
:103AC000DBB2002B02D00398FFF75CFF059B5B681D
:103AD000002B73D1039B1B684FF4A2711846FFF7AC
:103AE0003EFC039B1B684FF492711846FFF74CFC99
:103AF00003468DF81930039B1B684FF484711846F8
:103B0000FFF742FC03468DF81B30039B1B684FF404
:103B1000A2711846FFF738FC03468DF81A309DF85D
:103B20001B3083F00103DBB2002B0DD09DF81A305F
:103B300083F00103DBB2002B06D09DF8193083F02F
:103B40000103DBB2002BCCD19DF81930002B0FD133
:103B50009DF81A30002B0BD1039B1B680599184662
:103B6000FFF72BFF059B9A69059B5B6A9A42B8D8C1
:103B7000059B00229A619DF81930002B03D0032386
:103B80000793079B24E09DF81A30002B03D00F23E6
:103B90000793079B1CE0059B93F82930002B06D068
:103BA000039B1B6800211846FFF76FFC0DE0039B89
:103BB0001B6804211846FFF768FC06E0039B1B689E
:103BC0004FF401711846FFF7F1FB00230793079BA1
:103BD000184609B05DF804FBE80C002000B589B078
:103BE00003900291019201238DF81030029B0693FD
:103BF000019B0593039B5B68039A116804AA104616
:103C0000984700BF09B05DF804FB00B587B001908C
:103C1000009100238DF80830009B0493019B9B6862
:103C20000393019B00225A61019B5B68019A116812
:103C300002AA1046984700BF07B05DF804FB00B524
:103C40008BB0019000914FF400710198FFF7B8FB21
:103C50000346002B39D04FF492710198FFF794FB83
:103C60000346002B31D04FF492710198FFF777FB98
:103C70004FF401710198FFF7B3FB009B93F82930D3
:103C800083F00103DBB2002B03D004210198FFF77E
:103C9000FCFB02238DF80C300198FFF7ABFB0346C9
:103CA0000693009B9B690593009BDB680493009B34
:103CB00000229A61009B0022DA61009B5B68009AF7
:103CC000116803AA1046984752E004210198FFF7B3
:103CD00077FB0346002B4BD04FF484710198FFF71C
:103CE00053FB0346002B43D000990198FFF765FE74
:103CF000009B9A69009B5B6A9A4239D1009BDB6901
:103D0000002B19D0009BDB680993009B5B6A08932A
:103D1000009BDA69009B9A61009B1A69009BDA603C
:103D2000009B0022DA61009B00225A62099A0899DE
:103D30000098FFF753FF1BE0009B93F8293083F0B6
:103D40000103DBB2002B03D004210198FFF79DFB98
:103D50004FF401710198FFF743FB009B00229A6129
:103D6000009B596A009BDB681A460098FFF736FFF4
:103D70004FF48E710198FFF707FB0346002B24D008
:103D8000009B5B690793009B1B6A079A9A420DD9B7
:103D9000009B93F82830DBB283F00103DBB2002BE9
:103DA00004D000990198FFF721FD0EE04FF48E71C9
:103DB0000198FFF7D4FA009B5B69002B05D0009BAC
:103DC0005B6919460098FFF720FF4FF4A271019834
:103DD000FFF7DAFA0346002B1CD04FF4A2710198CA
:103DE000FFF7BDFA009B93F82930002B03D0002188
:103DF0000198FFF74AFB009B9B69002B0AD0009BB0
:103E000000229A61009B596A009BDB681A46009861
:103E1000FFF7E4FE00BF0BB05DF804FB08B50349F3
:103E20000348FFF70CFF00BF08BD00BFE80C0020EF
:103E30000020004082B003468DF807309DF907301E
:103E4000002B0CDB9DF8073003F01F0205499DF99C
:103E500007305B09012000FA02F241F8232000BF7D
:103E600002B0704700E100E082B0034600918DF897
:103E700007309DF90730002B0ADB009BDAB20C49B2
:103E80009DF907305201D2B20B4483F800230BE0B6
:103E9000009BDAB207499DF8073003F00F03043B9B
:103EA0005201D2B20B441A7600BF02B0704700BF75
:103EB00000E100E000ED00E082B00190019B03F022
:103EC0006043B3F1005F0CBF01230023DBB218464F
:103ED00002B0704782B00190019B1B0B5BB2184689
:103EE00002B0704700B583B003460A468DF807302C
:103EF00013468DF806309DF806209DF907301146CF
:103F00001846FFF7B1FF00BF03B05DF804FB00B532
:103F100083B003468DF807309DF907301846FFF748
:103F200089FF00BF03B05DF804FB84B001900B462D
:103F3000ADF80230BDF80230019A134400221A6035
:103F4000BDF80230019A13441B680393039B00BF22
:103F500004B0704782B001900B46ADF80230BDF856
:103F60000230019A13441B68002B14BF0123002365
:103F7000DBB2184602B0704782B001900091019BFD
:103F8000D3F80022009B1A43019BC3F8002200BF14
:103F900002B0704782B001900091019BD3F80022DB
:103FA000009BDB431A40019BC3F8002200BF02B014
:103FB000704782B001900091019B009AC3F80423DE
:103FC00000BF02B0704782B001900091019B009A3F
:103FD000C3F8082300BF02B0704784B00190019B72
:103FE000D3F880340393019B039AC3F88024039B86
:103FF000184604B0704782B00190019B0822C3F8B4
:10400000002500BF02B0704784B003900291019276
:10401000039B029AC3F80C25039B019AC3F814254D
:1040200000BF04B0704784B0039002910192039BDB
:10403000029AC3F80825039B019AC3F8102500BF14
:1040400004B0704782B001900B468DF803309DF8A4
:104050000330019A134401221A6000BF02B0704776
:1040600082B001900B468DF8033013468DF8023074
:104070009DF803209DF802301343DBB21A46019BE2
:10408000C3F86C2500BF02B0704782B00190009168
:10409000019B009AC3F8242500BF02B0704784B08A
:1040A000039002910192029A039BC3F84425039B5B
:1040B000019AC3F8482500BF04B0704782B0019050
:1040C000019BD3F84C35184602B0704784B003907A
:1040D00002910192029A039BC3F83425039B019A33
:1040E000C3F8382500BF04B0704782B00190019B2F
:1040F000D3F83C35184602B07047000082B00190FA
:10410000019B1B681F2B02D84FF0A04306E0019BC8
:104110001B6803F01F02019B1A60024B184602B095
:10412000704700BF0003005000B585B001900846FD
:1041300011461A4603468DF803300B468DF80230BF
:1041400013468DF8013001AB1846FFF7D7FF0390F7
:104150009DF803209DF802305B001A439DF8013062
:104160009B001A439DF818301B0242EA03019DF898
:104170001C301B04019A1943039B02F5E07243F8BB
:10418000221000BF05B05DF804FB00B585B00390B8
:1041900000230193002300930023012201210398AF
:1041A000FFF7C2FF00BF05B05DF804FB00B585B0A6
:1041B00003900B468DF80B309DF80B3000220192D6
:1041C00000220092002200210398FFF7ADFF00BFFC
:1041D00005B05DF804FB00B585B0019001AB184651
:1041E000FFF78CFF0390019B012202FA03F31946AB
:1041F000039800F004F800BF05B05DF804FB82B03E
:1042000001900091019B009AC3F8082500BF02B0FD
:10421000704700B583B001900091009B1B68B3F11B
:10422000FF3F09D0009B1B681846FFF7D4FF009B97
:104230001B681846FFF7A9FF009B5B68B3F1FF3FBF
:1042400005D0009B5B6800211846FFF7AFFF019B7C
:104250001A68009B9B6919461046FFF716FF019BE1
:104260001868009B597D009B1B7D1A46FFF7F8FEDE
:10427000019B1868009B1968009B5B681A46FFF752
:10428000C3FE009B1B7D012B22D1009B9B68B3F1D9
:10429000FF3F05D0009B9B6800211846FFF786FF73
:1042A000009BDB68B3F1FF3F09D0009BDB68184639
:1042B000FFF791FF009BDB681846FFF766FF019B45
:1042C0001868009BD968009B9B681A46FFF7ABFEF5
:1042D00000BF03B05DF804FB00B583B001900B464E
:1042E0008DF80330019B1B684FF488711846FFF767
:1042F0001CFE019B1B684FF490711846FFF715FEDA
:10430000019B1B684FF492711846FFF70EFE019B4C
:104310001B684FF4A2711846FFF707FE019B1B684C
:104320004FF4AC711846FFF700FE019B1B680F4964
:104330001846FFF73EFE019B1B681846FFF7CAFDB3
:1043400003461A469DF8033019461046FFF7CAFD8A
:10435000019B1B681846FFF7BDFD03461846FFF793
:10436000D6FD00BF03B05DF804FB00BF10034200A0
:1043700000B587B0039002910192039B1B791A4606
:104380001346DB0013449B00264A13440493002386
:104390000593049B93F82030002B03D0082305934A
:1043A000059B3AE0039B1A68039B1B7919461E4B39
:1043B00053F8213019461046FDF7CCFE0346002B7A
:1043C00003D011230593059B27E002990398FFF77B
:1043D00020FF049B019A5A60029B1A69049B1A6091
:1043E000049B5B68002B05D0029B1B7F194603983A
:1043F000FFF772FF039B1B681846FFF7FCFD049B49
:1044000000229A61049B0022DA61049B00225A6117
:10441000049B012283F82020059B184607B05DF815
:1044200004FB00BF140D0020BC2B030000B589B0B5
:10443000039002910192039B1B791A461346DB00FD
:1044400013449B00434A134405930298FFF734FD3D
:10445000034683F00103DBB2002B03D01023079344
:10446000079B73E0039800F077F80346002B03D016
:1044700011230793079B69E0059B019A5A61059BED
:10448000029A9A6000230793039B1B684FF4907174
:104490001846FFF74AFD039B1B684FF4AC711846A2
:1044A000FFF743FD039B1868059B9968059B5B69B3
:1044B0001A46FFF7F4FD039B1B6808211846FFF717
:1044C000C1FD059B5B68002B3FD1039B1B684FF42C
:1044D00090711846FFF73EFD03468DF81A30039B96
:1044E0001B684FF4AC711846FFF734FD03468DF896
:1044F0001B309DF81A3083F00103DBB2002B06D08D
:104500009DF81B3083F00103DBB2002BDDD19DF859
:104510001B30002B02D00F23079313E0039B1B6873
:104520000C211846FFF78EFD00BF039B1B684FF45C
:10453000AC711846FFF70EFD034683F00103DBB2B2
:10454000002BF2D1059B00225A61079B184609B047
:104550005DF804FB140D002082B00190019B1B79D3
:104560001946084A0B46DB000B449B0013441433E6
:104570001B68002B14BF01230023DBB2184602B0D6
:10458000704700BF140D002000B58BB0039002915E
:104590000192039B1B791A461346DB0013449B00D0
:1045A0006F4A134406930298FFF786FC034683F094
:1045B0000103DBB2002B03D010230893089BCAE051
:1045C00000238DF81F30069B5B68002B06D0039BF1
:1045D0001B684FF404711846FFF7F5FC069B9B69B6
:1045E000002B15D0069BDB69002B0ED0069B5B6869
:1045F000002B06D0039B1B684FF404711846FFF78D
:10460000D8FC11230893089BA5E001238DF81F30E7
:104610009DF81F3083F00103DBB2002B09D0069B0D
:10462000019A9A61069B029ADA60069B0022DA617F
:1046300005E0069B029A1A61069B019ADA61002343
:104640000893039B1B684FF488711846FFF76DFCB5
:10465000039B1B684FF4A2711846FFF766FC039B8F
:104660001B68019A02991846FFF730FD9DF81F302C
:1046700083F00103DBB2002B06D0039B1B680021F3
:104680001846FFF7DFFC05E0039B1B682021184656
:10469000FFF772FC039B1B791946314A0B46DB007E
:1046A0000B449B00134404331B68002B4BD1039B2A
:1046B0001B684FF488711846FFF74CFC03468DF8D1
:1046C0002730039B1B684FF4A2711846FFF742FC8A
:1046D00003468DF81730039B1B684FF49271184600
:1046E000FFF738FC03468DF816309DF8273083F02D
:1046F0000103DBB2002B0DD09DF8173083F00103CE
:10470000DBB2002B06D09DF8163083F00103DBB23C
:10471000002BCCD1039B1B791946114A0B46DB00B9
:104720000B449B001344183300221A609DF8163086
:10473000002B01D0032308939DF81730002B09D0DC
:104740000F23089306E0039B1B684FF4047118467F
:10475000FFF72FFC089B18460BB05DF804FB00BF69
:10476000140D002000B589B003900291019201233D
:104770008DF81030029B0693019B0593039B5B68A9
:10478000039A116804AA1046984700BF09B05DF863
:1047900004FB00B587B00190009100238DF808302C
:1047A000009B0493019B9B680393019B00225A6129
:1047B000019B5B68019A116802AA1046984700BFE6
:1047C00007B05DF804FB00B589B0019000914FF48B
:1047D00092710198FFF7BEFB0346002B22D04FF4E5
:1047E00092710198FFF7A1FB02238DF80830019820
:1047F000FFF7F3FB034605930198FFF776FC0346AA
:104800000493009BDB680393009B00229A61009B4A
:104810000022DA61009B5B68009A116802AA1046C8
:1048200098473BE04FF488710198FFF793FB0346EC
:10483000002B33D04FF488710198FFF776FB019875
:10484000FFF753FC0790009B9B69079A9A4225D17A
:10485000009BDB69002B17D0009BDB6806932021AF
:104860000198FFF797FB009BDA69009B9A61009B18
:104870001A69009BDA60009B0022DA61069A0799A8
:104880000098FFF76FFF09E0009B00229A61009BF0
:10489000DB681A4607990098FFF764FF4FF4A2718E
:1048A0000198FFF757FB0346002B18D04FF4A27175
:1048B0000198FFF73AFB009B9B69002B0FD0009BF0
:1048C00000229A61009B0022DA610198FFF70DFC3B
:1048D0000146009BDB681A460098FFF743FF4FF440
:1048E00090710198FFF736FB0346002B14D04FF46C
:1048F00090710198FFF719FB0C210198FFF7A2FBBB
:10490000009B5B69002B07D00198FFF7D7FB03469C
:1049100019460098FFF73DFF4FF4AC710198FFF77F
:1049200019FB0346002B10D04FF4AC710198FFF730
:10493000FCFA009B5B69002B07D00198FFF7BEFBD8
:10494000034619460098FFF724FF00BF09B05DF841
:1049500004FB000008B503490348FFF734FF00BF1C
:1049600008BD00BF140D00200020004000B589B034
:1049700001900091009B0793019B1B788DF80C30F0
:10498000019B5B680493019B9B68DBB28DF814303C
:10499000019BDB680693074A079B52F823300649C0
:1049A000079A51F8221003AA1046984700BF09B091
:1049B0005DF804FB380D0020400D002000B589B0E3
:1049C00001900091009B0793019B1B788DF80C30A0
:1049D000019B5B680493019B9B68DBB28DF81430EC
:1049E000019BDB680693074A079B52F82330064970
:1049F000079A51F8221003AA1046984700BF09B041
:104A00005DF804FB380D0020400D002030B58FB05C
:104A1000039002910192039B1B780C9326490C9BF7
:104A2000019A41F82320029B1A6924490C9B41F802
:104A30002320029B5B7F1946214A0C9B13440A46A4
:104A40001A70029B04AC1D460FCD0FC495E80F00F1
:104A500084E80F000C9B089300230D93039B1B78A5
:104A60001A46174B9B5C002B0DD0039B181D019B16
:104A7000002B01D0134A00E0002204AB1946FFF7D7
:104A800077FC0D9014E0039B1B781A460C4B9B5C43
:104A9000002B0DD1039B03F10C00019B002B01D0D7
:104AA000094A00E0002204AB1946FEF73FFE0D90D4
:104AB0000D9B18460FB030BD380D0020400D002072
:104AC000480D00206D490200BD49020038B5204B59
:104AD000204A9B1A102B39D9044600F00EF904F134
:104AE000130020F00F021C4B186858B34FF0FF342E
:104AF0000025294611E041B103680B60044644F8E3
:104B0000042B00F0FBF8204638BD0168124B1960F9
:104B1000F4E70368014653B1184643689342EAD06C
:104B20009342F6D9A3423CBF1C460546F1E74DB17E
:104B30006B689B1A6B60A31AEC18EA5000F0DEF861
:104B40000434E0E700F0DAF80024DCE70024DAE7D8
:104B5000642D0020640D00203400002010B50C7876
:104B6000D4B103783BB9002016E09CF800309BB12B
:104B700010F8013F8BB10378002BF9D001F1010C43
:104B8000864622469A42F3D11EF8013F002BECD014
:104B90001CF8012B002AF5D110BD0020FCE784464B
:104BA00040EA010313F0030F18D18446202A0BD3E7
:104BB0002DE9F007B1E8F807A0E8F807A2F1200214
:104BC000202AF7D2BDE8F007042A07D351F8043BA6
:104BD00040F8043BA2F10402042AF7D2002A05D0CF
:104BE00011F8013B00F8013B013AF9D160467047EA
:104BF0008446002A2DD010F0030F04D000F8011BCA
:104C0000013A26D0F7E7C9B241EA012141EA014160
:104C1000202A12D3A2F120022DE9F0030B460C4604
:104C20000D460E460F4688468946A0E8FA03203A0C
:104C3000FBD2BDE8F00320320BD0042A05D340F8A4
:104C4000041B043A05D0042AF9D200F8011B013AEA
:104C5000FBD160467047024610F0030F16D111F0E9
:104C6000030F13D12DE9F0004FF001374FF08033DF
:104C700051F8044BA4EB070525EA04051D4002D1B9
:104C800042F8044BF4E7A1F10401F0BC11F8013B38
:104C900002F8013B002BF9D1704700F1010110F03F
:104CA000030F11D010F8012B002A23D010F0030FAE
:104CB0000AD010F8012B002A1CD010F0030F03D0EB
:104CC00010F8012B002A15D02DE970004FF00132A9
:104CD0004FF0803350F8044BA4EB020525EA04059D
:104CE0001D4000D1F6E7A0F1040070BC10F8012BC4
:104CF000002AFBD1A0EB010070477047704753EAD0
:104D0000020C61D02DE9F04BB3FA83F51E0007BF0A
:104D1000B2FA82F502FA05F403FA05F41646C5F173
:104D200020051EBF22FA05F73C43203556EA044C05
:104D30004FEA144418BF0134A3464FF00009C84697
:104D4000904271EB030C39D3094207BFB0FA80F7E8
:104D500000FA07F6B1FA81F701FA07F6C7F1200762
:104D60001EBF20FA07FC46EA0C062037B6FBFBFC08
:104D70007F1B103F07F01F04C4F120060CFA04F457
:104D80002CFA06F644BF34460026202FA4BF264640
:104D9000002454EA060C08BF012418EB040849EB70
:104DA0000609A4FB027CC01B06FB02CC04FB03CC5F
:104DB00071EB0C01904271EB030CC5D20B4602461D
:104DC00049464046BDE8F08BB2FBF3F22DE9F043D3
:104DD00085B005461C4683685E69E2B102911FFA00
:104DE00082F8ADF80C804FF00009ADF80E90776BAB
:104DF00002AB4A462021B847ADF80080ADF80290DA
:104E0000E368C3F380138DF80430776B6B464A4632
:104E100037212846B847E36813F01D0F05D0776B9C
:104E20002346002205212846B8476368002B0CDB87
:104E3000776B231D002210212846B847776B04F1B9
:104E40000803002251212846B847766B04F10C0371
:104E5000002204212846B04705B0BDE8F08330B5F4
:104E600083B002AB0024002563E9024582685269E1
:104E7000546B00225F21A047DDE9000103B030BD83
:104E800010B583685B695C6B00231A460321A04759
:104E900010BD00002DE9F04784B0044683685D69C9
:104EA000D1F808A00B6803934A6804AB43F8082DB7
:104EB0006F6B00224F21B847074618B1384604B03F
:104EC000BDE8F087A3685A6994F94C30002B3CDBAD
:104ED000576B01AB002257212046B847A8BB9DF86D
:104EE00007209DF806301B0443EA02639DF8042066
:104EF00013439DF8052043EA0223BAF1000F31D194
:104F000003F5783303F5207303934FF0010AA36888
:104F10005F690DF1020300227B2120467E6BB047C2
:104F200094F94D30012B4ED094F94C30012202FA05
:104F300003F3BDF8022022EA030204AB23F80E2D8E
:104F40007F6B00226B212046B847BAF1000F4AD18F
:104F50006D6B00231A461F212046A84707460028EC
:104F600050D1ABE7039AD31A98464FEAE3794FEA58
:104F70004912580142EAD361C01A61EB09014B02A0
:104F800043EAD053420212EB080043EB09018B01C4
:104F900043EA90638201121A63EB010316461F462F
:104FA000314A002316EB080047EB0901FFF7A7FE83
:104FB000B0F57F7FABDDA3685F69B0F57F70A8D0E7
:104FC000FAF752F9A5E794F94C3001229A40BDF85E
:104FD00002301A4304AB23F80E2D7F6B00226B21A5
:104FE0002046B847B1E76E6B03AB0022052120468F
:104FF000B047074630B96D6B002301221F212046C0
:10500000A847074694F94C30002BFFF657AFA3682A
:105010005D696E6B01AB00227B212046B04794F99D
:105020004D308BB194F94C30012202FA03F3BDF8F4
:10503000042022EA030204AB23F80C2D6D6B00223E
:105040006B212046A84739E794F94C3001229A4059
:10505000BDF804301A4304AB23F80C2D6D6B00220D
:105060006B212046A84729E70098E00E10B582B0D2
:105070000091ADF804200022ADF8062083685B693A
:105080005C6B6B462121A04702B010BD10B5054BEB
:10509000186883681B69DC6A00231A460321A0474D
:1050A00010BD00BF4C0D002008B5044B1B689A686A
:1050B0001269126A01461846904708BD4C0D00203F
:1050C00000290DDD10B4431E19441046054C13F899
:1050D000012F5040205C8B42F9D15DF8044B7047A2
:1050E00010467047C02B03009829024818BF0020C3
:1050F000704700BFB82D030070472DE9F04184B020
:1051000005460E46BDF82C10901900F07F00324481
:10511000C2F30442840044EA422441EA0402120A2F
:105120008DF80C2001F003073C438DF80D401F461D
:1051300073B900295CD0730063F07E038DF80C30E6
:10514000012400292FD0A1F5004103290AD9FEE747
:1051500000284FD1B1F5004F03D000294AD10124D6
:1051600021E001242B6D9B7D4BB92B685D680A9B68
:105170003A4603A92046A84704B0BDE8F0810022C2
:10518000214603A8FFF79CFF024639460A98FFF71D
:1051900097FF2B6800909D680A9B3A4603A920461A
:1051A000A847E9E701242B68D3F800800A9B3A4618
:1051B00003A92046C0472B6D9B7D022BDCD1182E06
:1051C000DAD00022214603A8FFF77AFF02463946CB
:1051D0000A98FFF775FF044600221821284600F0C0
:1051E00041F88442C8D0EB68002BC5D09847C3E78C
:1051F0000028D7D042F040028DF80C200224A0E70E
:1052000010B582B000240194049C0094FFF775FF50
:1052100002B010BD00B585B003AB0093042392B279
:10522000FFF7EEFF0DF10F030DF10B01002013F856
:10523000012902EB00208B42F9D105B05DF804FB97
:1052400000B585B003AB0093022392B2FFF7D8FFFD
:105250009DF80D309DF80C0000EB032080B205B0E6
:105260005DF804FB00B585B00DF10F030093012339
:1052700092B2FFF7C5FF9DF80F0005B05DF804FB83
:1052800030B5BDB005460C46036DDA7B012A1CD053
:10529000032A40F0D4811B7E13F0080F0CD113F0C9
:1052A000040F02AB009314BF3823202300224FF4D5
:1052B000F011FFF7A5FF19E002AB0093E8230022ED
:1052C0004FF4F011FFF79CFF10E01B7E13F0080F66
:1052D00040F0AC8113F0040F02AB009314BF3823ED
:1052E000202300224FF4C011FFF78AFF0DF11702AF
:1052F00004F11A0304F1200012F8011F03F8011B46
:105300008342F9D19DF815209DF8143043EA022319
:10531000C3F30C0363849DF81F209DF81E3043EAFD
:105320000223C3F30D0313F4005F1CBF6FEA834332
:105330006FEA934323849DF825209DF8243043EAA7
:105340000223C3F30B03E3872B6D1B7E13F0020FC5
:1053500040F06A810AAA631E201D12F8011B03F89F
:10536000011FD1791972D17B59748342F5D19DF80F
:105370002F3063719DF82E209DF82D3043EA0223D3
:10538000E3809DF837209DF8363003EB0223C3F30A
:10539000CF13A4F80D309DF832209DF8313043EA48
:1053A0000223A4F80F309DF83F209DF83E3003EB18
:1053B0000223C3F3CF13E3829DF83A209DF83930DE
:1053C00043EA022323832B6D1B7E13F0040F40F06E
:1053D0002B819DF843209DF842301B0443EA026371
:1053E0009DF8402013439DF8412043EA022323F017
:1053F000604363629DF847209DF846301B0443EAF2
:1054000002639DF8442013439DF8452043EA02239C
:1054100023F00043A3629DF84B209DF84A301B0403
:1054200043EA02639DF8482013439DF8492043EA6C
:105430000223C3F31003E3629DF84F209DF84E3022
:105440001B0443EA02639DF84C2013439DF84D2052
:1054500043EA0223C3F3150323639DF853209DF809
:1054600052301B0443EA02639DF8502013439DF819
:10547000512043EA0223C3F3150363639DF85720C9
:105480009DF856301B0443EA02639DF854201343F1
:105490009DF8552043EA0223C3F31503A3639DF847
:1054A00065209DF8643043EA0223A3879DF87720A6
:1054B0009DF876301B0443EA02639DF87420134381
:1054C0009DF8752043EA022323F0404323649DF8AE
:1054D00079209DF8783043EA022363649DF87F20A9
:1054E0009DF87E301B0443EA02639DF87C20134341
:1054F0009DF87D2043EA0223C3F31503A3649DF8BE
:1055000083209DF882301B0443EA02639DF88020CB
:1055100013439DF8812043EA0223C3F31503E36498
:105520009DF887209DF886301B0443EA02639DF8AE
:10553000842013439DF8852043EA0223C3F3150317
:1055400023659DF895209DF8943043EA0223C3F328
:105550000E03A4F854309DF8A5209DF8A43043EA2A
:105560000223C3F30B03A4F856309DF8BF209DF827
:10557000BE301B0443EA02639DF8BC2013439DF830
:10558000BD2043EA022323F04043A3659DF8C120D8
:105590009DF8C03043EA0223E3659DF8C7209DF8DB
:1055A000C6301B0443EA02639DF8C42013439DF8F0
:1055B000C52043EA0223C3F3150323669DF8CB20DD
:1055C0009DF8CA301B0443EA02639DF8C8201343C8
:1055D0009DF8C92043EA0223C3F3150363669DF8CF
:1055E000CF209DF8CE301B0443EA02639DF8CC2007
:1055F00013439DF8CD2043EA0223C3F31503A366AA
:105600009DF8DD209DF8DC3043EA0223C3F30E034E
:10561000A4F86C309DF8ED209DF8EC3043EA0223AD
:10562000C3F30B03A4F86E303DB030BD02AB009362
:10563000E82300224FF4C011FFF7E2FD56E61B7E7F
:1056400013F0010F00F09F8102AB00936C23002246
:105650004FF44021FFF7D4FD1DAB00936C230022D3
:105660004FF450212846FFF7CBFD02AA631E201DF0
:1056700012F8011B03F8011FD1791972D17B5974FB
:10568000D17D99768342F3D19DF82530E3779DF85B
:105690000F3063719DF80E209DF80D3043EA022310
:1056A000E3809DF816309DF8172043EA0222C2F3EA
:1056B000CF12A4F80D209DF8152042EA0322A4F889
:1056C0000F209DF81F2043EA0223C3F3CF13E38288
:1056D0009DF81E209DF81D3043EA022323839DF888
:1056E00027209DF8263043EA0223C3F30D0313F469
:1056F000005F1CBF6FEA83436FEA934323849DF8E6
:1057000029209DF8283043EA0223C3F30C03638465
:105710009DF82F209DF82E301B0443EA02639DF86C
:105720002C2013439DF82D2043EA022323F06043ED
:1057300063622B6D1B7E13F0010F3FF475AF9DF874
:1057400033209DF832301B0443EA02639DF8302079
:1057500013439DF8312043EA022323F00043A36260
:105760009DF837209DF836301B0443EA02639DF80C
:10577000342013439DF8352043EA0223C3F310037A
:10578000E3629DF83B209DF83A301B0443EA026334
:105790009DF8382013439DF8392043EA0223C3F3D0
:1057A000150323639DF83F209DF83E301B0443EA18
:1057B00002639DF83C2013439DF83D2043EA0223F9
:1057C000C3F3150363639DF843209DF842301B0427
:1057D00043EA02639DF8402013439DF8412043EAC9
:1057E0000223C3F31503A3639DF851209DF85030A5
:1057F00043EA0223A3879DF861209DF8603043EAC5
:105800000223C3F30B03E3879DF867209DF86630FE
:105810001B0443EA02639DF8642013439DF865204E
:1058200043EA022323F0404323649DF869209DF856
:10583000683043EA022363649DF86F209DF86E3060
:105840001B0443EA02639DF86C2013439DF86D200E
:1058500043EA0223C3F31503A3649DF873209DF864
:1058600072301B0443EA02639DF8702013439DF8D5
:10587000712043EA0223C3F31503E3649DF8772004
:105880009DF876301B0443EA02639DF874201343AD
:105890009DF8752043EA0223C3F3150323659DF8A1
:1058A00085209DF8843043EA0223C3F30E03A4F855
:1058B00054309DF895209DF8943043EA0223C3F3B9
:1058C0000B03A4F856309DF8AF209DF8AE301B04B2
:1058D00043EA02639DF8AC2013439DF8AD2043EAF0
:1058E000022323F04043A3659DF8B1209DF8B0301A
:1058F00043EA0223E3659DF8B7209DF8B6301B0408
:1059000043EA02639DF8B42013439DF8B52043EAAF
:105910000223C3F3150323669DF8BB209DF8BA301C
:105920001B0443EA02639DF8B82013439DF8B92095
:1059300043EA0223C3F3150363669DF8BF209DF875
:10594000BE301B0443EA02639DF8BC2013439DF85C
:10595000BD2043EA0223C3F31503A3669DF8CD20BF
:105960009DF8CC3043EA0223C3F30E03A4F86C3055
:105970009DF8DD209DF8DC3043EA0223C3F30B03DE
:10598000A4F86E3050E602AB0093282300224FF4B7
:105990004021FFF735FC68E600B583B0036DDB7B83
:1059A000012B0BD0032B10D10091052304224FF4BF
:1059B000F011FFF725FC03B05DF804FB009105230F
:1059C00000220549FFF71CFCF5E7009105230022A2
:1059D0006421FFF715FCEEE70400180010B582B053
:1059E0004FF400440194049C0094FFF786FB02B03E
:1059F00010BD10B584B004AC04F8013D009401233F
:105A000092B2FFF7EBFF04B010BD000010B50446E2
:105A1000036DDB7B012B13D0032B1DD1F023002260
:105A20001249FFF7E6FF00224FF4F0112046FFF77E
:105A300007FC236D1A7BA2B1C0F30900588410BD86
:105A40000F2300220949FFF7D4FF00224FF4C011B1
:105A50002046FFF7F5FBECE700224C21FFF7F0FBB7
:105A6000E7E700F07F005884E9E700BF2400010069
:105A700038B505460C46022300224FF47021FFF78B
:105A8000B8FF04B938BD012300224FF47021284625
:105A9000FFF7AFFFF6E700B585B08DF80C301B0AB5
:105AA0008DF80D3003AB0093022392B2FFF796FFFF
:105AB00005B05DF804FB000038B5044600231A4623
:105AC0004FF42021FFF7E7FF00231A46084920463C
:105AD000FFF78FFF074D00231A4629462046FFF7A0
:105AE00088FF0223002229462046FFF782FF38BDA7
:105AF00014000A0004000A0008B5012902D0052993
:105B000007D008BD41F6220300220549FFF7C3FF75
:105B1000F7E74FF4007300220149FFF7BCFFF0E7FD
:105B20000400110038B505460C4641F400739BB2E1
:105B300000224FF43021FFF7AEFFA3B200224FF452
:105B400030212846FFF7A7FF38BD000070B5044696
:105B50000E460C4D012300222946FFF79CFF3346D9
:105B6000002209492046FFF796FF0223002229461A
:105B70002046FFF790FF002204492046FFF74AFB2A
:105B800070BD00BF08000B0004000B0010000B00EC
:105B900038B504460B4600220A49FFF77CFF0A4D40
:105BA0008823002229462046FFF723FF00231A46B8
:105BB00029462046FFF71DFF002204492046FFF733
:105BC00051FB38BD0C000A0004000A0008000A005E
:105BD00070B504460B461546B1F5807F34BF0026EC
:105BE000202600220B49FFF756FF2B4600220A49C8
:105BF0002046FFF7FEFE094D46F09003002229469D
:105C00002046FFF7F6FE00231A4629462046FFF7F6
:105C1000F0FE70BD0C000A0010000A0004000A002B
:105C200070B504460D461646002240F20B11FFF7F0
:105C3000CFFF4FF482712046FFF7AAFF00F01F024A
:105C40004FF482712046FFF7C3FF236D5A8A154334
:105C50005D82236D5B8A00224FF420212046FFF7EE
:105C60001AFF3346002202492046FFF7C2FE70BDEC
:105C700014000A0010B582B00446002200921346B8
:105C80001321FFF7ABFE236DDA7B032A0CBF012241
:105C90000322DA7302B010BD10B584B08DF80C3059
:105CA0001C0A8DF80D401C0C8DF80E401B0E8DF853
:105CB0000F3003AB0093042392B2FFF78FFE04B0C2
:105CC00010BD0000F8B5044600224FF4F811FFF7AC
:105CD000C9FA0546002244212046FFF79BFA0646F2
:105CE000236D00225A8483F82420DA611A849A6290
:105CF000236D9C62236DD861226DD37D03F0030375
:105D0000032B79D016F4806F05D092F8243043F03D
:105D1000040382F8243015F0800F74D115F0010FC0
:105D200040F0A38015F0400F0BD0636A13B1206DD3
:105D30001C3098474FF4C073022244212046FFF7DD
:105D4000AAFE15F0080F00F0EA80236D002283F808
:105D50002420236DDB7B002B40F09580236DDE61DA
:105D600016F4802F00F0A980226D92F8243043F0C1
:105D7000080382F824304FF4802716F0805F08D0A3
:105D8000226D92F8243043F0100382F8243047F05B
:105D9000805716F4005F06D0226DD37D03F0030315
:105DA000032B00F0968016F4804F40F09E8047F45D
:105DB000DE43002244212046FFF76EFF206D438C16
:105DC000002B40F0A180C37D03F00303032B00F000
:105DD0009B80C36923F49043C361226DD36943F46C
:105DE0008053D361E36913B1206D1C309847236D54
:105DF000002283F824208BE010F4005F1CBF45F0E4
:105E00000805EDB27EE7276D002248212046FFF706
:105E100017FA3884236D9A7D1AB1DA6912F0040FEB
:105E200003D11B8C03F460638BB104230022442153
:105E30002046FFF7DEFD4FF4606300224821204634
:105E4000FFF729FE236A13B1206D1C309847236D9C
:105E50001B8C13F4807F3FF461AF4FF480730022FA
:105E600048212046FFF717FE58E7F8230022442177
:105E70002046FFF7BEFD2369002B3FF453AF206D92
:105E80001C3098474EE73B492046FFF7EBF9236D5E
:105E9000DB7B032B08BFC0F3071010F0010F18BF06
:105EA00046F4804610F0020F18BF46F4005610F07A
:105EB000040F18BF46F4806650E716F4806F1FBFCA
:105EC000226D92F8243043F0040382F82430002736
:105ED00053E792F8243043F0020382F82430236D14
:105EE00000225A8447F4004761E72046FFF78EFD01
:105EF00010F4004F3FF45BAF226D92F8243043F072
:105F0000010382F8243052E763690BB11C309847D3
:105F1000236DDB7B53B9236D002283F8242015F019
:105F2000100F07D115F0200F14D1F8BD2046FFF750
:105F3000A1FEF0E7104B002244212046FFF7ACFE03
:105F4000E36913B1206D1C309847236D002283F85C
:105F50002420E7E7094B002244212046FFF79CFE5E
:105F6000A36913B1206D1C309847236D002283F87C
:105F70002420DAE7240001000094053400042210F4
:105F800038B5044689B900222C21FFF743F90546AC
:105F900001224FF460212046FFF764F92B1A0022FA
:105FA0002C212046FFF778FE38BD00222C21FFF778
:105FB00031F90546012205492046FFF753F92B1A0E
:105FC00000222C212046FFF767FEEDE704000100C8
:105FD00070B506460C46084D00222946FFF71AF90F
:105FE000000D0005C4F31303034300222946304685
:105FF000FFF752FE70BD00BF0800010038B505462E
:106000000C4600224FF4A021FFF704F90B4B03408C
:1060100014F0010F18BF43F4802314F0020F18BFCF
:1060200043F4104314F0040F18BF43F0120300228E
:106030004FF4A0212846FFF72FFE38BDC00FE0FF28
:1060400038B505460C460B6800220B49FFF724FEC5
:106050006368002209492846FFF71EFEA368002254
:1060600007492846FFF718FEE3680022054928463D
:10607000FFF712FE38BD00BF0C0002001000020046
:10608000140002001800020038B505460C460B68E3
:1060900000220B49FFF700FE6368002209492846E9
:1060A000FFF7FAFDA368002207492846FFF7F4FD31
:1060B000E368002205492846FFF7EEFD38BD00BF22
:1060C0001C00020020000200240002002800020040
:1060D0002DE9F0470446052940D0264D2E46264F8F
:1060E000DFF8D880DFF8D890DFF8D8A0234B002263
:1060F00023492046FFF7D0FD534600222149204680
:10610000FFF7CAFD4B4600221F492046FFF7C4FD9A
:10611000434600221D492046FFF7BEFD3B460022B4
:106120001B492046FFF7B8FD334600221949204697
:10613000FFF7B2FD2B46002217492046FFF7ACFDC2
:10614000164B002216492046FFF7A6FD154B0022EC
:1061500015492046FFF7A0FDBDE8F087134D144E0A
:10616000144FDFF86480DFF86490DFF864A0124B0E
:10617000BDE700BFB5AF02007DAF0200FEA8020080
:10618000380003003C00030040000300440003000B
:10619000480003004C0003005000030040020010C0
:1061A0001C00030089A46D1B20000300F5CF010033
:1061B000B5CF010036CF0100FDC001003EAF0200A7
:1061C000FEA5020036AC02007EC70100BEC601007B
:1061D0003EC4010008B500231A460249FFF75CFDE2
:1061E00008BD00BF0400070038B504460D46002373
:1061F0001A460A49FFF750FD00231A464FF4E021E2
:106200002046FFF749FD05B938BD4FF0E0530022A5
:1062100003492046FFF740FDF6E700BF48000700AE
:1062200014000700F0B583B0046DE47B032C0CBFB1
:106230004FF4981C4FF4901C9C18B4F5806F19DA39
:106240001D4616460F4604467F2B15D94FEA1C43C0
:1062500000220D49FFF720FD2B4600220B49204666
:10626000FFF71AFD0097334600224FF4E81120464D
:10627000FEF7C6FF03B0F0BD009113462A46614603
:10628000FEF7BEFFF6E700BF04001F0008001F0076
:1062900030B583B005460C4671B121F00203013BD5
:1062A0000F2B56D8DFE803F01055552155555528CA
:1062B0005555555555555533002200921346022128
:1062C000FFF78CFB20460EE00022009213460421CB
:1062D000FFF784FB032244212846FEF7C3FF10F09A
:1062E000080F1FD1002003B030BD002200921346DA
:1062F0000A21FFF773FBEDE70021FFF741FE0022C3
:106300000092134608212846FFF768FBE2E70121C7
:10631000FFF736FE00220092134606212846FFF7BB
:106320005DFBD7E7002100910B460A462846FFF7A0
:1063300055FB14F0020F02D04FF0FF30D3E70022DC
:106340000092134602212846FFF748FB4FF0FF302A
:10635000C9E74FF0FF30C6E7F0B583B05C18B4F57D
:10636000806F24DA1C4617460E4605467F2B15D94A
:10637000142300220F49FFF78FFC234600220E4909
:106380002846FFF789FC0097334600224FF4E811B6
:106390002846FFF723FB002003B0F0BD00920B4618
:1063A00022464FF4A011FFF719FB0020F4E74FF04D
:1063B000FF30F1E704001F0008001F0030B585B072
:1063C000089C8DF808301D0A8DF809501D0C8DF8B9
:1063D0000A501B0E8DF80B308DF80C40230A8DF8F7
:1063E0000D30230C8DF80E30240E8DF80F4048F23E
:1063F0000303019302AB0093082392B2FEF77DFEE4
:1064000005B030BD00B583B0052904D009290BD0F3
:1064100003B05DF804FB402300936FF400530022A7
:106420000649FFF7CBFFF3E74FF4015300936FF4F6
:10643000005300220149FFF7C1FFE9E708000B0004
:1064400070B582B004460E46134D4FF008230093FA
:106450004FF0FF3300222946FFF7B0FF4FF06013E3
:1064600000934FF0FF33002229462046FFF7A6FF96
:106470000A4B00934FF0FF3300224FF4E0212046F7
:10648000FFF79CFF0EB902B070BD054B0022054915
:106490002046FFF701FCF6E748000700003C000239
:1064A000001101011400070000B583B0054B0093F3
:1064B0004FF0FF3300220449FFF780FF03B05DF87F
:1064C00004FB00BF003C0002040007002DE9F0437C
:1064D00083B004460D461746564E00223146FEF75D
:1064E00099FE81464FF4704300934FF0FF33002232
:1064F00031462046FFF762FFDFF83C811823002277
:1065000041462046FFF7C7FA25212046FFF70AFB40
:1065100002212046FFF706FB4FF4FE712046FFF7ED
:1065200001FBF9B241F480712046FFF7FBFA4FF40A
:1065300080712046FFF7F6FA00212046FFF7F2FAB5
:1065400002212046FFF7EEFA4FF4E0712046FFF7F4
:10655000E9FAE9B241F480712046FFF7E3FAC5F3A6
:10656000072141F480712046FFF7DCFAC5F30741AB
:1065700041F480712046FFF7D5FA290E41F480716D
:106580002046FFF7CFFA00212046FFF7CBFA3A2149
:106590002046FFF7C7FA40F2FF112046FFF7C2FA84
:1065A0004FF485712046FFF7BDFA00212046FFF722
:1065B000B9FA3A212046FFF7B5FA40F20111204618
:1065C000FFF7B0FA022300224FF430212046FFF7F4
:1065D00062FA00231A464FF430212046FFF75BFA97
:1065E0000220F8F737FE3A212046FFF79BFA4FF4D6
:1065F00081712046FFF796FA022300224FF43021E2
:106600002046FFF748FA00231A464FF4302120466F
:10661000FFF741FA00231A4641462046FFF73BFAAE
:106620004B46002231462046FFF736FB03B0BDE85B
:10663000F08300BF4400070008000B00F0B583B0F2
:10664000002423460126072702E00134092C09D043
:1066500006FA04F50D42F8D004EB440507FA05F5F7
:106660002B43F2E71A400092DB4300224FF4A021B3
:10667000FFF7A4FE03B0F0BD2DE9F04182B004465F
:10668000884617461D46F8F7A3FD0646022D2DD075
:10669000012D38D0002500956FEA08032A463C21D9
:1066A0002046FFF78BFE0095FB432A4640212046FB
:1066B000FFF784FE00223C212046FEF7ABFD034697
:1066C000002244212046FFF7E7FA0022402120461D
:1066D000FEF7A0FD0346002248212046FFF7DCFA22
:1066E0003046F8F78DFD02B0BDE8F0814346002248
:1066F0003C212046FFF7D0FA3B46002240212046AD
:10670000FFF7CAFAD6E7CDF800804FF0FF3300223A
:106710003C212046FFF752FE00974FF0FF33002246
:1067200040212046FFF74AFEC4E7000010B582B0C2
:1067300004467F2A12D9803241EAC32141EA02414C
:1067400000910C4B00222421FFF738FE00224FF469
:1067500000212046FEF786FD02B010BD41EAC321AC
:1067600041EA02410091034B00222421FFF726FE5B
:10677000F2E700BF00F400FC00B583B000920B46C6
:1067800000224421FFF71AFE002003B05DF804FB4D
:1067900000B585B08DF80C309DF818308DF80D30AF
:1067A00048F20103019303AB0093022392B2FEF778
:1067B000A4FC05B05DF804FB30B583B004460D467B
:1067C00011F0010F15D000230093EF2302224FF4A4
:1067D0006021FFF7DDFF236D1D76236D1B7E5B08B7
:1067E00010D06B0800220E492046FFF702F903B0D3
:1067F00030BD10230093FF2302224FF46021FFF7E6
:10680000C7FFE8E701230093FF2300220449204645
:10681000FFF7BEFF226D137E43F002031376E6E717
:106820002800010070B582B004460D460121FFF733
:1068300063F900212046FFF703FE2046FFF734FEF0
:10684000C5F30B03002215492046FFF724F9032363
:106850000093FF23002212492046FFF799FF104EB4
:1068600000252A4631462046FEF7FCFC10F0010FB9
:10687000F7D12046FFF7AEFC00212046FFF7B4FC1D
:1068800005212046FFF738F9002206492046FEF789
:10689000E9FC00F03F0002B070BD00BF1C00080022
:1068A000100008001C00070038B505460C46B1F87A
:1068B000051049B1FFF7B6FFD4F8013000220549B1
:1068C0002846FFF7E9F938BD237800220249FFF78F
:1068D00090F8F1E70C0001001C00070030B583B010
:1068E00004460D4610230093FF2300220649FFF7BC
:1068F0004FFF2B46022D38BF022300222C212046B9
:10690000FFF7CAF903B030BD24000F0030B583B0E3
:10691000044601291DD0022930D001230093FF2312
:1069200000222649FFF734FF254D4FF40003009362
:106930006FF48073002229462046FFF73FFD0023B5
:1069400000937F23022229462046FFF721FF03B050
:1069500030BD0521FFF7D0F84FF4817300934FF05D
:10696000FF33002217492046FFF728FD012200923D
:10697000FF2313492046FFF70BFFE8E703230093AB
:10698000FF2300220D49FFF703FF0D4D4FF40003D5
:1069900000936FF48073002229462046FFF70EFD16
:1069A000002300937F23022229462046FFF7F0FEB2
:1069B00005212046FFF7A0F8C9E700BF0400110039
:1069C000080011000800090030B583B0054602290F
:1069D0000ED000240094FE2322461021FFF7D8FE9B
:1069E0002346224614212846FFF755F803B030BD50
:1069F000144601230093FF2300221021FFF7C8FE55
:106A00002346002214212846FFF745F8EEE7000050
:106A10002DE9F04182B00546294C2A4B002221463F
:106A2000FFF73AF910230093FF230022214628465E
:106A3000FFF7AEFE03244FF01408234F0026404614
:106A4000F8F712FC324639462846FEF70BFC0128BF
:106A500034D0631E13F0FF04F1D16FF00204184E1E
:106A600000231A4631462846FEF7C3FF01230022C1
:106A700015492846FEF7BDFF01230093FF2302229C
:106A800031462846FFF784FE002210492846FEF7CB
:106A9000C1FB6FF06043984208BF6FF0030400220F
:106AA0000B492846FEF7B6FB6FF06043984214BFCF
:106AB00020466FF0040002B0BDE8F0810024CEE76C
:106AC0000C00040001000200200004001400040077
:106AD0001C00040000B583B000290BBFFF23F7237F
:106AE00000220822009201221021FFF751FE03B07C
:106AF0005DF804FB10B584B0BDF818408DF80C307B
:106B00001B0A8DF80D308DF80E40240A8DF80F40C9
:106B100048F20203019303AB0093042392B2FEF701
:106B2000ECFA04B010BD000010B582B004464FF47A
:106B3000C07300934FF6FF7300220749FFF7DAFF97
:106B4000236D1B7A00934FF6E07300220349204621
:106B5000FFF7D0FF02B010BD08000B001F001100AE
:106B600030B583B0044611F0010F1FD00D464FF42D
:106B7000107300936FF47C6300224FF4A021FFF7A1
:106B80001DFC4FF4040300934FF0FF33002218491B
:106B90002046FFF713FC15F0020F1AD14FF488734B
:106BA000002214492046FFF777F810E000250095F1
:106BB0006FF47C632A464FF4A021FFF7FFFB00959A
:106BC0004FF6FF632A460B492046FFF793FF03B0B9
:106BD00030BD084D084B002229462046FFF75CF8DF
:106BE0004FF48873002229462046FFF755F8EEE758
:106BF000040011001600110010010F00F0B583B061
:106C00000446012909D01420F8F72EFB2046FFF78F
:106C1000FFFE0546284603B0F0BD0F4E0022314668
:106C2000FEF70EFB074640F2051300934FF6FF7385
:106C3000002231462046FFF75DFF1420F8F714FBD1
:106C40002046FFF7E5FE0546002200923B4631460E
:106C50002046FFF74FFFDDE74800070000B583B08F
:106C6000012A09D0CB43002200929BB20649FFF7CC
:106C700041FF03B05DF804FB00914FF6FF73002263
:106C80000149FFF737FFF4E70C000500F0B583B0CA
:106C900004460F4616461D4648F2400300934FF641
:106CA000FF7300221849FFF725FFAA1943F20103D9
:106CB0009A4215DC7F2D1DD9152300221349204649
:106CC000FEF7EAFF2B46002211492046FEF7E4FFBB
:106CD0000097334600224FF4E8112046FEF790FA61
:106CE0000022009247F6BF7307492046FFF702FFD4
:106CF00003B0F0BD009733462A464FF4A811204652
:106D0000FEF77EFAECE700BF0400110004001F004C
:106D100008001F0070B506460C4615460E4B0222B1
:106D20000E49FEF7B9FF0F2DA8BF0F25631E032BD9
:106D300028BF042410232341002209493046FEF7CE
:106D4000ABFF631E9B0005FA03F3002205493046A2
:106D5000FEF7A2FF70BD00BF7408D2001000110042
:106D600028000700180008002DE9F04F83B0044602
:106D70000D4691F800900B79182B14D8CF78182F66
:106D800094BF00270127FFB2EB79012B0CBF102124
:106D900000216B78013B062B10D8DFE803F0060FCB
:106DA0000F120C0F09000127EDE74FF0400A0AE02F
:106DB0004FF0480A07E04FF0800A04E04FF4807A71
:106DC00001E04FF0200A226D538A23F0E003538242
:106DD000236DEA791A732E7BB31C01269E401FFA9D
:106DE00086F8226DC74B03FB08F3DB0B9382236D00
:106DF000EA7ADA752B7A5B0103F020036A7B43EAB7
:106E00000243EA7A120302F4304213430B43009325
:106E1000BD4B002210212046FFF7D0FA002F40F092
:106E2000F680EB7AF3B16B7B012B40F21C812A7B5D
:106E3000B64B33F812201201D30AC2F30A0202F54C
:106E40008062B2F5006F28BF01339BB20AEBC80A1B
:106E500003F07F0300934FF680730222AC49204673
:106E6000FFF748FE94230093AA4B0022AA4920462C
:106E7000FFF7A4FABAF1FF0F40F30881226D538A9D
:106E800043F0200353824FF4806300934EF2FF736C
:106E90000022A2492046FFF72DFE6B7B012B00F05C
:106EA0000081AB7843F010030093FC2300224FF4E1
:106EB000C0212046FFF76CFC731EDBB200224FF4AA
:106EC00000312046FEF795FD6B78072B0CBF082399
:106ED0000023012228212046FEF78BFD904B002243
:106EE00090492046FEF7D8FE00228F492046FEF743
:106EF00091F920F4FF5020F01F00B9F1090F08BFED
:106F000040F001002A79120202F4F852EB78DB001B
:106F1000DBB21A436B795B0003F0060313430343B0
:106F2000002281492046FEF7B7FEAA796B781B0341
:106F300043EA822300936FF4744300222421204605
:106F4000FFF73CFAB5F8093023B96FF07E036B7296
:106F50000023AB72B5F8093002224FF4C02120465D
:106F6000FEF799FD022271492046FEF77BF9236D59
:106F70001B7C4B4500F09F80032800F0A080B9F1F6
:106F8000090F00F0A1806A4B00226A492046FEF7F3
:106F900083FE41F63C7300224FF410212046FEF799
:106FA0007AFD1423012264492046FEF722FD0E23B8
:106FB000022262492046FEF71CFD8123002260491F
:106FC0002046FEF716FD0223002244212046FEF74C
:106FD00010FD01212046FFF799FC4FF0320B4FF0D6
:106FE0001408002744264046F8F73EF93A46314651
:106FF0002046FEF737F910F0020F40F0AB800BF19E
:10700000FF3313F0FF0BEED16FF00100CFE0226DE4
:10701000538A43F0600353824FF4406300936FF44C
:10702000C05300223D492046FFF7C8F940F206331D
:10703000002244492046FEF72FFE00231A464FF057
:107040000E112046FEF728FE3F4B00223049204615
:10705000FEF722FE9D2300932E4B00222E49204650
:10706000FFF7ACF919E72A7B284B33F812304FF4BD
:10707000356202FB03F2930CC2F3CA1202F580627E
:10708000B2F5006F28BF01339BB2DFE64FF4A05387
:1070900000934EF2FF73002220492046FFF72AFD9D
:1070A000FBE6AB780093EC2300224FF4C02120468E
:1070B000FFF76EFB00E703287FF461AF4DE002218C
:1070C0002046FFF723FC5AE7204B002219492046AF
:1070D000FEF7E2FD40F63C7300224FF410212046FB
:1070E000FEF7D9FC5DE74FFA89F12046FFF78AF9F0
:1070F00040E000220092FE2315492046FFF748FB9E
:1071000042E000BF68660200CF4FFCFFF02D030095
:1071100012000E0000FFFFBF16000E0008000B005B
:10712000CC355FAF0C0006001400010030000F00EA
:107130003411071C1C00070050000700180007004E
:10714000080009000C000E000A5A0C003400011C53
:1071500018000300236D83F810902B79093BDBB2F4
:107160000F2BC6D8236D5B7A012BBCD04946204635
:10717000FEF7AEFF4FF4C843009348F2FF1300221E
:107180000C492046FFF7B6FCBAF1400FCCBF4FF0D8
:1071900000534FF0A05300936FF07F430022064945
:1071A0002046FFF70BF901212046FFF727FD03B02A
:1071B000BDE8F08F18000300100006002DE9F04F25
:1071C00091B0064615461C469C2900F29F80DFE8D8
:1071D00011F06D0A780AA300A700BE0048018E01D5
:1071E0006B0152019E01A901B101B901C101C9019F
:1071F000D101D501DD016E027C0281028B02900279
:1072000095029E02A30209031B03260331033B03DD
:10721000730369035F0345035203C103F8012B02A3
:1072200039024102550296099B098203DF03E303F9
:10723000EC03F103FB0305040D04370443044E047F
:1072400078035904620474048D049E04E004EA0483
:107250000B051A053505230551059705AF05CF0523
:10726000E405F80501061D060A0673079F07ED07EA
:10727000F307FE071708370841084B08790882080A
:10728000880891089E08AB08B508BE08C708D20850
:10729000DD08E308060911091C0945096709720997
:1072A0008B09A109160A200A2B0A800A350A620AEC
:1072B0009107DF09000AEE0AE30A8D0A980AA30A79
:1072C000AE0AB90AC40ACF0AD80AD80B120C4D0C60
:1072D000700C290D3E0D190B9D009D009D009D0019
:1072E0009D009D009D009D009D009D009D009D00B6
:1072F0009D009D009D009D009D009D009D00870CB0
:10730000A50CCE0DEF0CE40C030DFA0C4FF0FF357D
:10731000284611B0BDE8F08F436898470025F7E78D
:107320000222B749FDF79EFF032801D80025EFE7A9
:10733000F7F74EFF0446002500952B462A462946BE
:107340003046FEF74BFB2046F7F75AFFE0E7002CEC
:1073500001F01085247814F01D0F65D014F0010F92
:1073600026D014F0020F4FF000020092134614BF13
:107370000D210321FEF732FB032244213046FDF7A5
:1073800071FF10F0080F45D100229D493046FDF7EE
:1073900041FFB0F5502F18BF0025B9D10021009151
:1073A0000B460A463046FEF719FB4FF0FF35AFE7B4
:1073B00014F0080F0ED114F0100F1BD114F0020FAF
:1073C0004FF000020092134614BF10210921FEF76E
:1073D00005FBD1E70021FEF7D3FD14F0020F4FF0BB
:1073E00000020092134614BF0F2107213046FEF71A
:1073F000F5FAC1E70121FEF7C3FD14F0020F4FF0CB
:1074000000020092134614BF0E2105213046FEF7FC
:10741000E5FAB1E7002100910B460A463046FEF737
:10742000DDFA4FF0FF3573E714F0200F0CD014F0A5
:10743000020F4FF0000500952B462A4614BF11217C
:107440000B21FEF7CBFA63E714F0020F4FF00005B3
:1074500000952B462A4614BF0C210121FEF7BEFAE7
:1074600056E7002C01F08984236800222C21FEF7C6
:1074700013FC00254CE7236800226249FEF70CFC50
:107480006368002260493046FEF706FCA3680022CC
:107490005E493046FEF700FCE36800225C49304656
:1074A000FEF7FAFB002533E7002C01F069842388FE
:1074B0006568032D01F26784DFE805F002070D130C
:1074C00000225449FEF7E7FA22E702225149FEF76B
:1074D000E2FA00251CE700224F49FEF7DCFA0025FE
:1074E00016E702224C49FEF7D6FA002510E7002CD9
:1074F00001F04C8423785B0003F0060300936FF0E7
:10750000060300224549FEF759FF002500E74FF426
:10751000803300934FF0FF3300224149FEF74EFFC6
:107520000025F5E6002C01F03484036D5B7B2370AD
:107530000025EDE6002C01F02F84036D9B7A23706B
:107540000025E5E6002C01F02A84036DDB7A237028
:107550000025DDE6002C01F02584036D1B68236007
:107560000025D5E6002C01F02084036D5B682360C4
:107570000025CDE6FEF77EFB0025C9E6002C01F0D4
:1075800017842168FEF724FD0025C1E6002C01F0D8
:10759000128425785DB1646840230093FF230022A4
:1075A0001021FFF7F5F8022D07D1F46005E0002265
:1075B0000092BF231021FFF7EBF8336D9D75002576
:1075C000A6E6002C01F0FA836568237803221549AA
:1075D000FEF70FFA45B9002200924FF2FF73102117
:1075E0003046FFF787FA93E64FF4812300934FF07C
:1075F000FF33002210213046FEF7E0FE002587E62B
:1076000030000F0054000100580001005C00010030
:1076100060000100180001001C00010014000100BE
:10762000040011000800010000221146FDF7F2FDE0
:10763000B268136843405268134214BF4FF0FF35DD
:10764000002565E6002C01F0BC832178FFF7B4F833
:1076500000255DE63AB9002200924FF2FF73AE4971
:10766000FFF748FA54E64FF4006300934FF6FF73B8
:107670000022A949FFF73EFA002549E602F001027F
:107680004FF6FF734FF2FF71002A08BF0B46D2027C
:1076900015F0020F12BF42F4805223F480539BB2C4
:1076A000009200229C49FFF725FA002530E62AB90E
:1076B0009A4B02229A49FEF7EFFA29E6994B0222E9
:1076C0009749FEF7E9FA002522E61146FEF796FCF7
:1076D00000251DE6002C01F0778300229249FDF77A
:1076E000C1FD2070002513E62146FEF7A9FC002508
:1076F0000EE62146FEF7C8FC002509E601230093AB
:10770000FF2300228949FFF743F8002500E61146D0
:10771000FEF7DEFC0025FBE5036D1B7A002B37D15D
:107720001423012282493046FEF763F91823002210
:1077300080493046FEF7B0FAE82300227E49304601
:10774000FEF7AAFA336D5B8A03F0E003202B22D008
:10775000602B2BD0336D1B7E5B0832D00022774923
:107760003046FDF76DFDC0F3C403093B0F2B01F25A
:107770002E8300F0010000280CBF05210921336D84
:107780005B7A012B29D03046FEF7A2FC0025BFE52D
:10779000FFF7CAF9C4E74FF4806300936FF4C05356
:1077A000002267493046FEF709FED3E74FF44063F5
:1077B00000936FF4C053002261493046FEF7FEFD8E
:1077C000C8E7012300225F493046FEF712F9326D07
:1077D000137E43F002031376C0E73046FEF712FE35
:1077E000002595E5002C01F0F5822378026DD37514
:1077F0001B0303F43043009344F6FF73002210216F
:10780000FFF778F9002583E5002C01F0E682238854
:1078100000224FF46021FEF73EF9002578E5002CA8
:1078200001F0DE8200224FF46021FDF709FD208087
:1078300000256DE5002C01F0D68223880022424904
:10784000FEF729F9002563E5002C01F0CF82002224
:107850003D49FDF7F5FC2080002559E5002C01F09D
:10786000C882A388E288216800914FF4B011FEF726
:10787000B5F800254CE5002C01F0BE82A388E28813
:10788000216800914FF4B011FDF7BAFC00253FE5E7
:10789000002C01F0B482E388A2882168FEF7C2FCC4
:1078A000002535E5002C01F0AD82E3882268A1882F
:1078B000FEF752FD00252BE51146FEF7E9FC0025F9
:1078C00026E5002C01F0A182237962882188FEF749
:1078D0002DFF00251CE5002C01F09A82036DDB7B57
:1078E000012B0CD0032B10D10C224FF4F011FDF71B
:1078F000A7FC00B240F30C032380002508E500221A
:107900001249FDF79DFC00B2F4E700221049FDF793
:1079100097FC00B2EEE700BF080011007408D20027
:10792000100011007488D2041C000700040002003B
:10793000500007000C001F0010001F001400010081
:1079400008000B0028000100040001000C001800D2
:1079500020000C00002C01F05E820CAB009303238E
:107960000022BB49FDF74CFC9DF832209DF83130D8
:1079700003EB02229DF8303003EB022313F4801F47
:107980001CBF6FEA03336FEA133323600025BFE4A3
:10799000FEF792F80025BBE4002C01F03F826188DD
:1079A000FEF740FF20700025B2E42146FDF768FC99
:1079B0000025ADE4002C01F0348201227421FDF792
:1079C00029FC20600025A3E4002C01F02D82002278
:1079D0007421FDF71FFC2060002599E40094052325
:1079E00000227421FDF70CFC002591E4002C01F02D
:1079F0001E82036DDB7B012B14D0032B19D11622C1
:107A00004FF4F011FDF71CFCC0F30D0083B213F42A
:107A1000005F04D06FEA83436FEA934318B220807B
:107A2000002575E402228B49FDF70AFCC0F30D0026
:107A3000ECE702228849FDF703FCC0F30D00E5E7FF
:107A40000094062300228549FDF7DAFB637903F0F1
:107A50000103637100255BE4002C01F0EB8101223E
:107A60004FF00811FDF7FEFB2070002550E4002CBC
:107A700001F0E38100224FF00811FDF7F3FB2070C5
:107A8000002545E4002C01F0DB81A2882168FEF787
:107A90001DFD00253CE4002C01F0D5812568A4885B
:107AA00022462946FEF712FD21463046FEF74EF8E3
:107AB0002D1A18BF4FF0FF352AE4022A0ED0684C69
:107AC00000231A4621463046FDF793FF0223002289
:107AD00021463046FDF78DFF002519E40023009371
:107AE000FE2301225F49FEF753FEE8E7002C01F078
:107AF000AD812488E2B24FF48171FEF769F8220A61
:107B000040F203113046FEF763F8002500E4002C34
:107B100001F09F81DFF8588110230093FF2300229A
:107B20004146FEF735FE4FF482713046FEF730F8DD
:107B300000F0E0052A464FF482713046FEF748F81F
:107B400045F004024FF482713046FEF741F80220FE
:107B5000F7F780FB4FF487713046FEF719F80746B8
:107B600040F20F113046FEF713F881462A464FF4D3
:107B700082713046FEF72CF800250095EF232A4647
:107B800041463046FEF704FE47EA09272780FFF703
:107B9000BFBB002C01F06081A2782188FEF740F87D
:107BA0000025FFF7B5BBFDF787FF0120F7F752FB74
:107BB00003230093FF2300222B493046FEF7E8FD04
:107BC00000231A464FF488113046FDF712FF0120BA
:107BD000F7F740FB336D0025DD7302225A829D7555
:107BE000DD751D74FFF794BB002C01F038812378FC
:107BF00003F03F03026D937300221C49FDF7F9FE69
:107C00000025FFF785BB002C01F02C81036D9B7BC9
:107C100023700025FFF77CBB0121FEF711FC3046E5
:107C2000FEF742FC01213046FDF766FF0F220121DD
:107C30003046FFF76FF80025FFF76ABB002C01F014
:107C4000148162682168FFF765F80025FFF760BBC3
:107C500029000600140018001C000C0018000C007D
:107C600004000A00080011000400110014000900BB
:107C700048000700002C01F0FB80D64D0022294669
:107C8000FDF7F0FA804602230093FF2300222946E5
:107C90003046FEF77DFD04230022CF493046FDF734
:107CA000A8FE012300224FF400213046FDF7A1FE7B
:107CB000CA4F00252A4639463046FDF7D3FA10F060
:107CC000010FF7D000224FF008113046FDF7B8FA47
:107CD000054600231A464FF400213046FDF789FE81
:107CE00000231A46BC493046FDF783FE4346002276
:107CF000B8493046FDF77DFE25800025FFF708BB1B
:107D0000002C01F0B8802379026DD27A9B1A07EE1D
:107D1000903AF8EEE77A9FEDB27A67EE877AB3EEA3
:107D2000067A77EE877AC4ED007A0025FFF7F0BA7D
:107D3000002C01F0A3802379026D927A9B1A07EE42
:107D4000903AF8EEE77A9FEDA77A67EE877AB3EE7E
:107D5000007A67EE877ADFEDA46A87EEA67AF0EE06
:107D6000087A77EE277AC4ED007A0025FFF7D0BABB
:107D7000002C01F0868024680121FEF761FB30466B
:107D8000FEF792FB01213046FDF7B6FE2146304654
:107D9000FEF7A4FD0025FFF7BBBA00250095EF23F1
:107DA0002A469249FEF7F4FC05213046FDF7A4FE71
:107DB00001213046FEF718FA3046FEF70BFAFFF7BE
:107DC000A7BA00250095EF232A468849FEF7E0FC74
:107DD000FFF79EBA002C01F057802168FEF77EFD68
:107DE0000025FFF795BA00228149FDF729FAC0F373
:107DF0000B0510F4006F18BF45F470452DB22580B7
:107E0000336DB3F91430ED1AFFF782BA002C01F08C
:107E10006D80D4F80490237A99F81320FF2A00F09B
:107E20003F81002B36D1D9F8003000930C2300227B
:107E30007049FDF7D3FD99F80C30B9F80E20D11830
:107E400099F81220002A5FD199F8100000280BBF82
:107E50007F224FF480624FF4B0154FF4A01599F8CB
:107E60001300121A023A914200F22081D9F804203C
:107E70000092002229463046FDF7B0FDB9F80E30D9
:107E800099F80C20D9F80810009129463046FDF7E2
:107E9000A5FD4AE0D9F80030B9F80E109A7A8DF8AD
:107EA00030205A7A8DF831201A7A8DF83220DA791A
:107EB0008DF833209A798DF834205A798DF8352051
:107EC0001A798DF83620DA788DF837209A788DF87F
:107ED00038205A788DF839201A788DF83A20002207
:107EE0008DF83B208DF83C10090A8DF83D10197B68
:107EF0008DF83E10DB7A8DF83F300CAB00931023E9
:107F00003C49FDF76BFD96E7012A40F0CC8099F8DB
:107F10001130002B40F2FF3308BF7F2399F8132064
:107F20009B1A023B994200F2C48099F81020531E1C
:107F3000DBB2012B40D999F81130591EC9B2012981
:107F400064D9042B69D042EA433300222A493046DF
:107F5000FDF7A2FEB9F80E30284A02EAC31299F8DA
:107F60000C3003F07F031343002225493046FDF710
:107F700093FE0123002223493046FDF73AFDDFF846
:107F8000888000273A4641463046FDF76BF910F0ED
:107F9000050FF7D00546034600221B493046FDF782
:107FA00028FD05F03F0525F03003012B42D06BB2D0
:107FB00023700025FFF7ACB9336DDB7B032B01F099
:107FC0002E8099F811305A1ED2B2012A2CD90122E2
:107FD000B7E700BF480007003400070004000800AE
:107FE0006666863FCDCCCC3E00007F4324000F0068
:107FF00008000200340001004400010080FF01007D
:10800000480001004C00010050000100336DDB7B93
:10801000032B0CBF0223012395E7B9F80E1010299A
:1080200091D96FF00303C3E7012213468BE70222C5
:10803000134688E799F81230012BB8D199F811202E
:10804000531EDBB2012B1BD9032A0CBF4FF4A01720
:108050004FF4B017D9F8042012B199F80C30C3B915
:10806000D9F808100029A2D0B9F80E30002B9ED004
:1080700099F80C20009139463046FDF7C1F896E793
:10808000336DDB7B032B0CBF4FF498174FF4901725
:10809000E0E70092002239463046FDF7B1F8DFE70D
:1080A0006FF0020384E76FF0010381E74FF0FF33C5
:1080B0007EE74FF0FF337BE7237AE179A279D200A4
:1080C00042EA41021343627943EA8213227943EA86
:1080D000C213E27843EA0223A27843EAC223627819
:1080E00043EA02339BB20022CD49FDF7D4FC0025C0
:1080F000FFF70EB9002C00F0FC86637833B15B0803
:10810000013BDBB223700025FFF702B90023F9E73A
:108110000022C449FDF77EF8C0F30B032380C0F3AF
:108120000B4060800022C0493046FDF773F8C0F371
:108130000B03A380C0F30B40E0800022BB49304614
:10814000FDF768F82072000C60720022B8493046D2
:10815000FDF760F8C0F30B43A381C0F30B0060810F
:108160000022B4493046FDF755F8C0F30B43A4F89C
:108170000F30A0730022B0493046FDF74BF8607411
:10818000000CA0740022AD493046FDF743F8C0F35F
:108190000B00A4F8130000256575A5752A46A849AB
:1081A0003046FDF75FF8E075FFF7B2B81146FDF70E
:1081B0005FFC0025FFF7ACB8002C00F09D862388FB
:1081C0000022A049FDF767FC0025FFF7A1B8002CAD
:1081D00000F09586256835B900231A469A49FDF7BF
:1081E0005AFCFFF795B86279237943EA022323F01A
:1081F000F00300229449FDF74EFC0025FFF788B8F4
:10820000002C00F07F8623684BB9002500954FF6BF
:10821000FF532A461021FEF76DFCFFF779B80022C4
:108220003421FDF739FD4FF4007300934FF6FF73CF
:10823000002210213046FEF75DFC0025FFF768B8EC
:10824000002C00F062866188FDF7A2FC20700025FA
:10825000FFF75EB8002C00F05B86A2782188FDF75E
:10826000B7FC0025FFF754B8784B794A012D18BFA9
:108270001346012D774918BF4FF00C11026DD27BC8
:10828000012A12D0032A17D1A2F5C012013A1A44CA
:108290004FF4F011FCF7D4FFC00920802588003589
:1082A00018BF01256D42FFF733B802221946FCF7CB
:1082B000C7FFC0092080F1E70222FCF7C1FFC00917
:1082C0002080EBE7002C00F026862178FEF748FCA2
:1082D0000025FFF71DB81146FEF718FB0025FFF734
:1082E00017B80094042300221C21FCF789FF002505
:1082F000FFF70EB8002C00F0118602224421FCF793
:108300009FFFC0F3002020700025FFF701B8002C6C
:1083100000F0078600224421FCF7A4FF00F00100D2
:1083200020700025FEF7F4BF002C00F0FD85628868
:108330002188FEF749FB0025FEF7EABF00940823D9
:1083400000220421FDF74AFB0025FEF7E1BF00945F
:10835000082300220421FCF753FF0025FEF7D8BFB5
:10836000002C00F0E485238802220C21FDF793FB0A
:108370000025FEF7CDBF002C00F0DC85238800220D
:108380000C21FDF788FB0025FEF7C2BF2146FDF753
:1083900003FB0025FEF7BCBF036DDB7B012B0BD07D
:1083A000032B12D10094052320224FF4F011FCF787
:1083B00027FF0025FEF7ACBF0094052300222649C5
:1083C000FCF71EFF0025FEF7A3BF00940523002243
:1083D0004FF44021FCF714FF0025FEF799BF00255C
:1083E00004F8015B009404232A467021FCF708FF7F
:1083F000FEF78EBF002C00F0A08501226421FCF75F
:1084000009FF20600025FEF783BF002C00F098854F
:1084100000226421FCF7FEFE20600025FEF778BFF5
:108420003000010004000F0008000F000C000F00D6
:1084300010000F0014000F0018000F001C000F00A8
:1084400028000F00040006001A0011003400180074
:108450002C00180014000C0020001800036DDB7BBA
:10846000012B0BD0032B12D10094052328224FF4AB
:10847000F011FCF7C5FE0025FEF74ABF0094052366
:108480000022D349FCF7BCFE0025FEF741BF009453
:1084900005230022CF49FCF7B3FE0025FEF738BFC5
:1084A000002C00F0508500221C21FCF7B3FE206058
:1084B0000025FEF72DBF002C00F048852588676851
:1084C000237A002B00F045853C4607EB83072946BD
:1084D0003046FDF73BFB44F8040B0135ADB2BC421E
:1084E000F5D10025FEF714BF002C00F03585237868
:1084F00001222821FDF77DFA0025FEF709BFFEF7CE
:1085000087FA0546FEF704BF1146FEF777FB0546DE
:10851000FEF7FEBE002C00F02285A5780121FDF7B4
:10852000EBFA00213046FDF78BFF3046FDF7BCFF2C
:1085300005F03F030022A8493046FDF75AFA01230F
:108540000093FF230022A5493046FEF721F9A34FEF
:1085500000252A4639463046FCF784FE10F0010F0C
:10856000F7D100229E493046FCF76AFE05463046A8
:10857000FDF730FE00213046FDF736FE052130467E
:10858000FDF7BAFAC5F30B0525800025FEF7C0BE3E
:108590000221FEF7BBF901213046FEF7B7F932247C
:1085A0004FF01408002744254046F6F75DFE3A4692
:1085B00029463046FCF756FE10F0020F05D1631E27
:1085C00013F0FF04F0D1012500E000256D42FEF715
:1085D0009FBE002C00F0C68423781B0303F4E04305
:1085E0006278012A08BF43F4807300936FF4E2437A
:1085F00000227C49FDF7E2FE0025FEF789BE002C33
:1086000000F0B38462682168FEF718F80025FEF7D1
:108610007FBE002C00F0AC84238800227249FDF755
:108620003AFA0025FEF774BE002C00F0A4846268BC
:108630002188FEF713FB0025FEF76ABE002C00F030
:108640009D84657823788BB1036D0022DA734FF037
:10865000FF330822E5B123F4806300920022102149
:108660003046FDF7ABFE0025FEF752BE036D01223A
:10867000DA73182300225D49FDF70EFBE823002280
:108680005B493046FDF708FB6FF008030022E1E785
:1086900042F48062E1E7002C00F07384236800223A
:1086A0003021FDF7F9FA0025FEF732BE002C00F06C
:1086B0006B8400222946FCF7ADFD20600025FEF703
:1086C00027BE234600222946FDF7E6FA0025FEF7DD
:1086D0001FBE002C00F05B8403224649FCF7C2FD5C
:1086E000C0F3021020700025FEF712BE002C00F02F
:1086F0005184236800224421FDF7CEFA0025FEF7BD
:1087000007BE002C00F04984238800224821FDF791
:10871000C2F90025FEF7FCBD002C00F041840022C8
:108720004421FCF777FD20600025FEF7F1BD002C09
:1087300000F0398400224821FCF782FD20600025EA
:10874000FEF7E6BD002C00F03184237800222A4990
:10875000FDF74FF90025FEF7DBBD002C00F0298462
:1087600000224421FCF77EFD20700025FEF7D0BDDD
:10877000002C00F02184FDF749F920600025FEF768
:10878000C7BD002C00F01B8400221C49FCF758FDDB
:1087900020800025FEF7BCBD002C00F013840022D1
:1087A0001749FCF737FD20600025FEF7B1BD002C0E
:1087B00000F00B842388C3F30D0300934FF4404370
:1087C00000220F49FEF796F90025FEF7A1BD00BF74
:1087D0002800180008000C001C000700100008000A
:1087E0001400080014000700080005000C001F001A
:1087F00010001F0060000300240001002C00050091
:108800001A000E00002C00F0E383A788A3680993E8
:10881000217B0691226904926269059203F00302AA
:10882000C3F38500052942D1B7F5B17F28BF4FF4C6
:10883000B177DFF8E092042F05D809EB00035B78ED
:10884000053B9F423BDB012A77D8AE4B995C3E4605
:10885000B94274DA551C53FA85F500230B449BB2D8
:108860000132D2B2022A05D015F8011BA6EB030C87
:108870006145F3DB9F4208BF039064D007F1050810
:108880001FFA88F8802500210791039108910E4670
:108890004FF0050BBE465F4538BFDE46AEF1050E14
:1088A0001FFA8EFEDFF85CA2BC460F46DDE340F205
:1088B00031139F4228BF1F46DFF85C92BBE70023BD
:1088C000059A1380049A1146099A0A604AE0002327
:1088D000059A1380049B1A46099B13604FF0FF33DF
:1088E00040E01FFA81FB0792039008930127CDE334
:1088F000002F40F0A183984500F2A383002E38D0CA
:108900003F2800F0C883002719F800105B1A9BB2BB
:10891000461E06F03F0016F03F0618BF01269CE3F6
:108920000699092940F0BD833F2103910BE0B3B2C2
:108930000132D2B23F21039105E000239AE70023E0
:1089400098E70390634605990B80039B42EA8302F4
:10895000D2B2130443EA0263134343EA0223049AA4
:108960001360002323600025FEF7D2BC079A089B02
:10897000E9E70390E7E7079A089BE4E73F210391C3
:10898000E1E7002C00F0278325786268012A15BFF3
:108990006FF460336FF4E043DF27EF2714BF4FF02D
:1089A00020084FF010080024009422464FF4A02124
:1089B000FDF704FD00943B46224653493046FDF73F
:1089C000E7FE012D03D065B10025FEF7A1BC2546C9
:1089D00000943B4622464D493046FDF7D9FEFEF74E
:1089E00097BCCDF80080FF23002248493046FDF7B0
:1089F000CFFEFEF78DBC002C00F0F082227812F042
:108A0000010F2DD0570107F0400740244FF4E01329
:108A100012F0040F28D043F4600344F080041201E4
:108A200002F0800217434FF400120092DB43002251
:108A30004FF4A0213046FDF7C1FCE443A4B2002569
:108A4000009523462A4630493046FEF753F80097F2
:108A500023462A462D493046FEF74CF8FEF758BC0F
:108A600000273C463B46D3E70022DEE7082300937D
:108A7000FF2301224FF48021FDF78AFE244C0223BC
:108A80000093FF23032221463046FDF781FE002597
:108A90000095F72301224FF480213046FDF778FE40
:108AA0000095FD23032221463046FDF771FEFEF7B7
:108AB0002FBC002C00F095826388DB0003F4FF6379
:108AC00022780AB143F4006300934FF207030022B7
:108AD0004FF480213046FEF70DF80025FEF718BC54
:108AE000002C00F08182E3B29A1C01239340013BE9
:108AF000DBB200224FF40031FCF77BFF0025FEF7CC
:108B000007BC00BFB42D0300080005000C000500E1
:108B100008001100342D0300742D0300002C00F018
:108B20006682E37A002B00F06582637B012B21D9FA
:108B3000227BD74B33F812201201D30AC2F30A0268
:108B400002F58062B2F5006F28BF01339BB203F0DB
:108B50007F0300934FF680730222CE493046FDF723
:108B6000C9FF94230022CC493046FCF742FF002580
:108B7000FEF7CEBB227BC64B33F812304FF4356282
:108B800002FB03F2930CC2F3CA1202F58062B2F543
:108B9000006F28BF01339BB2D9E7002C00F02D8273
:108BA0000022BE49FCF736FB20600025FEF7B0BB73
:108BB000002C00F025820022B949FCF72BFB206035
:108BC0000025FEF7A5BB002C00F01D824FF4A81372
:108BD00023600025FEF79CBB002C00F017820025C7
:108BE0000B9510AF192347F8103D009704232A4630
:108BF000AC49FCF7F3FE41F648730C93009704234D
:108C00002A46A9493046FCF7E9FE0BAB0093042342
:108C10002A464FF4E8113046FCF7F2FA0B9B23602A
:108C2000FEF776BB002C00F0F48100229F49FCF790
:108C3000F1FA80B2206000229D493046FCF7EAFA42
:108C4000430D9B019BB263600025FEF761BB002CC6
:108C500000F0E281637D2BB1012B37D0022B5ED077
:108C6000FF232FE000229349FCF7D4FAC0F30B0056
:108C70002060002290493046FCF7CCFAC0F3150082
:108C8000606000228D493046FCF7C4FAC0F315003D
:108C9000A06000228A493046FCF7BCFAC0F31500F8
:108CA000E060002287493046FCF7B4FAC0F31000B8
:108CB0002061032279493046FCF7D4FAC0F3021050
:108CC00020750023A3750025FEF722BB00227E49F4
:108CD000FCF7A0FAC0F30B00206000227B4930466D
:108CE000FCF798FAC0F3150060600022784930461E
:108CF000FCF790FAC0F31500A06000224FF4502159
:108D00003046FCF787FAC0F31500E0600022714995
:108D10003046FCF77FFAC0F313002061C9E7002258
:108D20006D49FCF777FAC0F30B00206000226B4915
:108D30003046FCF76FFAC0F3150060600022684906
:108D40003046FCF767FAC0F31500A06000226549C1
:108D50003046FCF75FFAC0F31500E060002262497C
:108D60003046FCF757FAC0F313002061A1E7002555
:108D7000FEF7CEBA0025FEF7CBBA0025FEF7C8BA3B
:108D80000025FEF7C5BA0025FEF7C2BA0025FEF79A
:108D9000BFBA0025FEF7BCBA0025FEF7B9BA002518
:108DA000FEF7B6BA0025FEF7B3BA0025FEF7B0BA53
:108DB0000025FEF7ADBA0025FEF7AABA0025FEF79A
:108DC000A7BA0025FEF7A4BA0025FEF7A1BA002530
:108DD000FEF79EBA0025FEF79BBA0025FEF798BA6B
:108DE0000025FEF795BA0025FEF792BA0025FEF79A
:108DF0008FBA0025FEF78CBA0025FEF789BA002548
:108E0000FEF786BA0025FEF783BA0025FEF780BA82
:108E10000025FEF77DBA0025FEF77ABA0025FEF799
:108E200077BA0025FEF774BA0025FEF771BA00255F
:108E3000FEF76EBA0025FEF76BBA0025FEF768BA9A
:108E40000025FEF765BA0025FEF762BA0025FEF799
:108E50005FBA0025FEF75CBA0025FEF759BA002577
:108E6000FEF756BA0025FEF753BA0025FEF750BAB2
:108E70000025FEF74DBA0025FEF74ABA0025FEF799
:108E800047BA0025FEF744BA0025FEF741BA00BFF5
:108E9000F02D030012000E0016000E00600003000B
:108EA00048000F0004001F0008001F0048000C00CD
:108EB00028000C0058000C0030000C0034000C009E
:108EC00038000C002C000C0020000D0064000C0089
:108ED00068000C0060000C0068000D0040000D00F0
:108EE00044000D0048000D003C000D000025FEF779
:108EF0000FBA0025FEF70CBA0025FEF709BA0025C7
:108F0000FEF706BA0025FEF703BA0025FEF700BA01
:108F10000025FEF7FDB90025FEF7FAB90025FEF79A
:108F2000F7B90025FEF7F4B90025FEF7F1B90025E1
:108F3000FEF7EEB90025FEF7EBB90025FEF7E8B91C
:108F40000025FEF7E5B90025FEF7E2B90025FEF79A
:108F5000DFB90025FEF7DCB90025FEF7D9B90025F9
:108F6000FEF7D6B90025FEF7D3B90025FEF7D0B934
:108F70000025FEF7CDB90025FEF7CAB90025FEF79A
:108F8000C7B90025FEF7C4B90025FEF7C1B9002511
:108F9000FEF7BEB90025FEF7BBB90025FEF7B8B94C
:108FA0000025FEF7B5B90025FEF7B2B90025FEF79A
:108FB000AFB90025FEF7ACB90025FEF7A9B9002529
:108FC000FEF7A6B90025FEF7A3B90025FEF7A0B964
:108FD0000025FEF79DB90025FEF79AB90025FEF79A
:108FE00097B90025FEF794B90025FEF791B9002541
:108FF000FEF78EB90025FEF78BB90025FEF788B97C
:109000000025FEF785B90025FEF782B90025FEF799
:109010007FB90025FEF77CB90025FEF779B999F8EC
:1090200011305A1ED2B2012A7FF601A80222FEF7A1
:1090300088BF002F3FF462AC19F800105B1A9BB296
:1090400081E43F2827D0002E7FF45EAC013000F091
:109050003F0019F800100B449BB29C453FF471ACE3
:10906000013D15F0FF053FF432AC9E45BFF440AC26
:109070009845DED9ACEB030109B20029B8BF4942DB
:1090800059457FF72EAC002F7FF470AC3F28DAD122
:10909000002F7FF470AC032A3FF470AC022A3FF437
:1090A0003FAC1AF802105E1866457FF740AC0B44DF
:1090B0009BB20132D2B2002726E400BF2DE9F04175
:1090C00005460E46036D002B5CD02C6D0023E37328
:1090D00002226282A375E3752374A372E3720421F2
:1090E0002846FCF733FD074605212846FCF72EFDF0
:1090F00080460A212846FCF729FDC0F3044020726F
:1091000027B1B8F1000F01D0002840D12021284616
:10911000FCF71CFD2F4B98420CBF01230023637208
:1091200016F0100F37D116F0200F3AD116F0400F7D
:109130003DD116F0800F41D1E37A0BB98523E3725C
:10914000A37A0BB97423A3721F212846FCF7FEFCF7
:1091500060731E212846FCF7F9FC10F03F0012BF97
:10916000A0732E23A373A37B00221B492846FCF780
:1091700040FC35212846FCF7E9FC034620BB0020D3
:10918000BDE8F0812C20FBF7A1FC28659DE728466F
:10919000FDF7CAFCBAE706212846FCF7D7FC206099
:1091A000C1E707212846FCF7D1FC6060BEE7082133
:1091B0002846FCF7CBFC000CA072BAE70921284630
:1091C000FCF7C4FCE072B7E7002204492846FCF72C
:1091D00063FDD4E7400200101400090004000900F8
:1091E000F0B585B00446436B1968FFF767FF064684
:1091F00023681B69984703AB002211462046FDF700
:10920000DDFF636B9B6A19682046FDF7ADFD636B5C
:109210009B6A59682046FDF747FB636B9B6ADB89B5
:1092200000224FF460212046FCF735FC636B9B6AFB
:109230009B89002252492046FCF72DFC0021204644
:10924000FCF7C6FE002500954FF6FF532A46102175
:109250002046FDF74FFC636B9B6A5A8919892046AB
:10926000FDF7B2FB636B9B6A1B8A02220C2120462E
:10927000FCF711FC636B9B6A5B8A2A460C21204633
:10928000FCF709FC636B197A2046FDF769FC636BF8
:10929000D9682046FCF7B2FE616B0B7E4A6909690A
:1092A0002046FDF7E9F9636B9A7F998B2046FCF71E
:1092B000B7FC226D937B2E2B05D0636B93F82C307B
:1092C00033F03F030AD0636B93F82C3003F03F0375
:1092D000937300222B492046FCF78BFB636B93F8BA
:1092E0002D102046FDF768FA636B196A2046FCF7DB
:1092F000A7FE636B596A2046FCF7C6FE636B93F8C2
:109300002E30A3BB636B93F82F102046FCF7B0FB05
:1093100094F94C50002D27DB012303FA05F5AFB279
:109320004FF0907239462046FDF788F90DF10A0397
:109330000093022300224FF4A0212046FBF760FF98
:10934000BDF80A3023EA0503ADF80A3000220E49C1
:109350002046FCF7A0FB94F94D20B2FA82F25209A4
:1093600039462046FDF77AFC304605B0F0BD0123B2
:109370000093FF23002205492046FDF709FAC1E7C3
:1093800004000100140009000800050004000200A8
:109390009829024818BF0020704700BFF82E03002C
:1093A00070472DE9F04184B005460F461E46BDF8D2
:1093B0002C30591E89B201291CD9D01900F07F0028
:1093C0003A44C2F30441820042EA412243EA0201E4
:1093D000090A8DF80C1020B9B3F5004F18D0002BF6
:1093E00037D041F040018DF80C101A438DF80D2054
:1093F000022405E07A0062F07E028DF80C20012440
:10940000022B06D026D3A3F50043032B01D9FEE798
:1094100001242B6D1B7D4BB92B685D680A9B32467E
:1094200003A92046A84704B0BDE8F08100222146E8
:1094300003A8FBF745FE024631460A98FBF740FEBB
:109440002B6800909D680A9B324603A92046A847D6
:10945000E9E701242B68D3F800800A9B324603A970
:109460002046C0472B6D1B7D022BDCD1182FDAD094
:109470000022214603A8FBF723FE024631460A9844
:10948000FBF71EFE044600221821284600F039F89A
:109490008442C8D0EB68002BC5D09847C3E710B50D
:1094A00082B000240194049C0094FFF77AFF02B07C
:1094B00010BD00B585B003AB0093042392B2FFF753
:1094C000EEFF0DF10F030DF10B01002013F8012940
:1094D00002EB00208B42F9D105B05DF804FB00B52A
:1094E00085B003AB0093022392B2FFF7D8FF9DF83B
:1094F0000D309DF80C0000EB032080B205B05DF844
:1095000004FB00B585B00DF10F030093012392B267
:10951000FFF7C5FF9DF80F0005B05DF804FB30B5FF
:10952000BDB005460C46036D9A7B012A1CD0032A68
:1095300040F0E8819B7D13F0080F0CD113F0040F6D
:1095400002AB009314BF3823202300224FF4F01104
:10955000FFF7A5FF19E002AB0093E82300224FF4C8
:10956000F011FFF79CFF10E09B7D13F0080F40F017
:10957000C08113F0040F02AB009314BF38232023E3
:1095800000224FF4C011FFF78AFF0DF1170204F11A
:109590001A0304F1200012F8011F03F8011B834293
:1095A000F9D19DF815209DF8143043EA0223C3F346
:1095B0000C0363849DF81F209DF81E3043EA0223AC
:1095C000C3F30D0313F4005F1CBF6FEA83436FEA1C
:1095D000934323849DF825209DF8243043EA0223F9
:1095E000C3F30B03E3872B6D9B7D13F0020F40F059
:1095F0007E810AAA631E201D12F8011B03F8011FB9
:10960000D1791972D17B59748342F5D19DF82F30ED
:1096100063719DF82E209DF82D3043EA0223E380EC
:109620009DF837209DF8363003EB0223C3F3CF13A8
:10963000A4F80D309DF832209DF8313043EA022322
:10964000A4F80F309DF83F209DF83E3003EB022335
:10965000C3F3CF13E3829DF83A209DF8393043EAF3
:10966000022323832B6D9B7D13F0040F40F03F8179
:109670009DF843209DF842301B0443EA02639DF8A5
:10968000402013439DF8412043EA022323F0604326
:1096900063629DF847209DF846301B0443EA02634D
:1096A0009DF8442013439DF8452043EA022323F00C
:1096B0000043A3629DF84B209DF84A301B0443EA07
:1096C00002639DF8482013439DF8492043EA022392
:1096D000C3F31303E3629DF84F209DF84E301B0443
:1096E00043EA02639DF84C2013439DF84D2043EA62
:1096F0000223C3F3150323639DF853209DF85230D2
:109700001B0443EA02639DF8502013439DF8512047
:1097100043EA0223C3F3150363639DF857209DF8C2
:1097200056301B0443EA02639DF8542013439DF80E
:10973000552043EA0223C3F31503A3639DF8652074
:109740009DF8643043EA0223A3879DF877209DF8B3
:1097500076301B0443EA02639DF8742013439DF89E
:10976000752043EA022323F0404323649DF87B20C5
:109770009DF87A301B0443EA02639DF87820134376
:109780009DF8792043EA0223C3F3130363649DF831
:109790007F209DF87E301B0443EA02639DF87C2005
:1097A00013439DF87D2043EA0223C3F31503A3640A
:1097B0009DF883209DF882301B0443EA02639DF8E4
:1097C000802013439DF8812043EA0223C3F315034D
:1097D000E3649DF887209DF886301B0443EA02630A
:1097E0009DF8842013439DF8852043EA0223C3F3A8
:1097F000150323659DF895209DF8943043EA0223D4
:10980000C3F30E03A4F854309DF8A5209DF8A430AE
:1098100043EA0223C3F30B03A4F856309DF8BF209C
:109820009DF8BE301B0443EA02639DF8BC2013433D
:109830009DF8BD2043EA022323F04043A3659DF831
:10984000C3209DF8C2301B0443EA02639DF8C02088
:1098500013439DF8C12043EA0223C3F31303E365D6
:109860009DF8C7209DF8C6301B0443EA02639DF8AB
:10987000C42013439DF8C52043EA0223C3F3150314
:1098800023669DF8CB209DF8CA301B0443EA02638F
:109890009DF8C82013439DF8C92043EA0223C3F36F
:1098A000150363669DF8CF209DF8CE301B0443EA74
:1098B00002639DF8CC2013439DF8CD2043EA022398
:1098C000C3F31503A3669DF8DD209DF8DC3043EA61
:1098D0000223C3F30E03A4F86C309DF8ED209DF82D
:1098E000EC3043EA0223C3F30B03A4F86E303DB01F
:1098F00030BD02AB0093E82300224FF4C011FFF704
:10990000CEFD42E69B7D13F0010F00F0B38102AB68
:1099100000936C2300224FF44021FFF7C0FD1DABE4
:1099200000936C2300224FF450212846FFF7B7FD27
:1099300002AA631E201D12F8011B03F8011FD17932
:109940001972D17B5974D17D99768342F3D19DF8F8
:109950002530E3779DF80F3063719DF80E209DF858
:109960000D3043EA0223E3809DF816309DF817205E
:1099700043EA0222C2F3CF12A4F80D209DF815206D
:1099800042EA0322A4F80F209DF81F2043EA022395
:10999000C3F3CF13E3829DF81E209DF81D3043EAE8
:1099A000022323839DF827209DF8263043EA0223D3
:1099B000C3F30D0313F4005F1CBF6FEA83436FEA28
:1099C000934323849DF829209DF8283043EA0223FD
:1099D000C3F30C0363849DF82F209DF82E301B04E5
:1099E00043EA02639DF82C2013439DF82D2043EA9F
:1099F000022323F0604363622B6D9B7D13F0010F04
:109A00003FF475AF9DF833209DF832301B0443EAD4
:109A100002639DF8302013439DF8312043EA02236E
:109A200023F00043A3629DF837209DF836301B04D5
:109A300043EA02639DF8342013439DF8352043EA3E
:109A40000223C3F31303E3629DF83B209DF83A30F1
:109A50001B0443EA02639DF8382013439DF8392024
:109A600043EA0223C3F3150323639DF83F209DF8C7
:109A70003E301B0443EA02639DF83C2013439DF8EB
:109A80003D2043EA0223C3F3150363639DF843209B
:109A90009DF842301B0443EA02639DF840201343C3
:109AA0009DF8412043EA0223C3F31503A3639DF805
:109AB00051209DF8503043EA0223A3879DF861208E
:109AC0009DF8603043EA0223C3F30B03E3879DF85C
:109AD00067209DF866301B0443EA02639DF864200A
:109AE00013439DF8652043EA022323F04043236497
:109AF0009DF86B209DF86A301B0443EA02639DF8D1
:109B0000682013439DF8692043EA0223C3F313033B
:109B100063649DF86F209DF86E301B0443EA026376
:109B20009DF86C2013439DF86D2043EA0223C3F394
:109B30001503A3649DF873209DF872301B0443EA5B
:109B400002639DF8702013439DF8712043EA0223BD
:109B5000C3F31503E3649DF877209DF876301B046A
:109B600043EA02639DF8742013439DF8752043EA8D
:109B70000223C3F3150323659DF885209DF88430E7
:109B800043EA0223C3F30E03A4F854309DF8952052
:109B90009DF8943043EA0223C3F30B03A4F8563034
:109BA0009DF8AF209DF8AE301B0443EA02639DF898
:109BB000AC2013439DF8AD2043EA022323F0404339
:109BC000A3659DF8B3209DF8B2301B0443EA0263FD
:109BD0009DF8B02013439DF8B12043EA0223C3F35C
:109BE0001303E3659DF8B7209DF8B6301B0443EAE4
:109BF00002639DF8B42013439DF8B52043EA022385
:109C0000C3F3150323669DF8BB209DF8BA301B04EF
:109C100043EA02639DF8B82013439DF8B92043EA54
:109C20000223C3F3150363669DF8BF209DF8BE3081
:109C30001B0443EA02639DF8BC2013439DF8BD203A
:109C400043EA0223C3F31503A3669DF8CD209DF8D4
:109C5000CC3043EA0223C3F30E03A4F86C309DF822
:109C6000DD209DF8DC3043EA0223C3F30B03A4F8A4
:109C70006E303CE602AB0093282300224FF44021D3
:109C8000FFF70DFC54E6000000B583B0036D9B7B2D
:109C9000012B0BD0032B10D10091052304224FF48C
:109CA000F011FFF7FCFB03B05DF804FB0091052306
:109CB00000220549FFF7F3FBF5E700910523002299
:109CC0006021FFF7ECFBEEE70400180010B582B04E
:109CD0004FF400440194049C0094FFF762FB02B02F
:109CE00010BD00B585B08DF80C301B0A8DF80D3015
:109CF00003AB0093022392B2FFF7E8FF05B05DF8D3
:109D000004FB000008B5012902D0052907D008BDD1
:109D100041F6220300220549FFF7E3FFF7E74FF47E
:109D2000007300220149FFF7DCFFF0E70400110097
:109D300038B505460C4641F400739BB200224FF43F
:109D40003021FFF7CEFFA3B200224FF43021284686
:109D5000FFF7C7FF38BD000070B504460E460C4D36
:109D6000012300222946FFF7BCFF334600220949A0
:109D70002046FFF7B6FF0223002229462046FFF7C0
:109D8000B0FF002204492046FFF793FB70BD00BFDF
:109D900008000B0004000B0010000B0010B584B08D
:109DA0008DF80C301C0A8DF80D401C0C8DF80E40FF
:109DB0001B0E8DF80F3003AB0093042392B2FFF714
:109DC00085FF04B010BD38B5044689B900222821AA
:109DD000FFF76FFB054601224FF460212046FFF795
:109DE00090FB2B1A002228212046FFF7D7FF38BD11
:109DF00000222821FFF75DFB054601227C21204639
:109E0000FFF77FFB2B1A002228212046FFF7C6FF11
:109E1000EDE738B505460C4600224FF48031FFF7D8
:109E200048FB000D0005C4F31303034300224FF465
:109E300080312846FFF7B2FF38BD38B505460C46DD
:109E400000224FF4A021FFF734FB20F47C3314F000
:109E5000010F18BF43F4803314F0020F18BF43F40E
:109E6000005314F0040F18BF43F4903300224FF452
:109E7000A0212846FFF792FF38BD000038B50546FF
:109E80000C460B6800220B49FFF788FF636800222D
:109E900009492846FFF782FFA368002207492846A0
:109EA000FFF77CFFE368002205492846FFF776FFAD
:109EB00038BD00BF0C0002001000020014000200B8
:109EC0001800020038B505460C460B6800220B4905
:109ED000FFF764FF6368002209492846FFF75EFF29
:109EE000A368002207492846FFF758FFE3680022CD
:109EF00005492846FFF752FF38BD00BF1C0002008D
:109F00002000020024000200280002002DE9F04792
:109F1000044605293AD0234D2E46234FDFF8C4804E
:109F2000DFF8C490DFF8C4A0204B0022204920466F
:109F3000FFF734FF534600221E492046FFF72EFF4D
:109F40004B4600221C492046FFF728FF43460022CB
:109F50001A492046FFF722FF3B46002218492046B7
:109F6000FFF71CFF3346002216492046FFF716FF75
:109F70002B46002214492046FFF710FF134B002206
:109F800013492046FFF70AFFBDE8F087114D124E36
:109F9000124FDFF85C80DFF85C90DFF85CA0104BBC
:109FA000C3E700BFB5AF02007DAF0200FEA802000C
:109FB000380003003C00030040000300440003009D
:109FC000480003004C000300500003004002001052
:109FD0001C000300F5CF0100B5CF010036CF010012
:109FE000FDC001003EAF0200FEA5020036AC02003B
:109FF0007EC70100BEC601003EC4010008B50023B3
:10A000001A460249FFF7CAFE08BD00BF0400070058
:10A0100038B504460D4600231A460A49FFF7BEFE2E
:10A0200000231A464FF4E0212046FFF7B7FE05B99A
:10A0300038BD4FF0E053002203492046FFF7AEFE43
:10A04000F6E700BF4800070014000700F0B583B032
:10A05000046DA47B032C0CBF4FF4981C4FF4901C90
:10A060009C18B4F5806F19DA1D4616460F46044653
:10A070007F2B15D94FEA1C4300220D49FFF78EFEB6
:10A080002B4600220B492046FFF788FE00973346F7
:10A0900000224FF4E8112046FFF701FA03B0F0BDAB
:10A0A000009113462A466146FFF7F9F9F6E700BF2B
:10A0B00004001F0008001F0010B584B004AC04F8B1
:10A0C000013D0094012392B2FFF700FE04B010BDE1
:10A0D00010B50446036D9B7B012B13D0032B1DD1C0
:10A0E000F02300221249FFF7E7FF00224FF4F0119E
:10A0F0002046FFF7F4F9236DDA7AA2B1C0F3090024
:10A10000D88310BD0F2300220949FFF7D5FF002295
:10A110004FF4C0112046FFF7E2F9ECE700224C2192
:10A12000FFF7DDF9E7E700F07F00D883E9E700BF3C
:10A130001800010010B50446036D9B7B012B04D071
:10A14000236D9B7B032B06D010BD0F2300220549F6
:10A15000FFF7B2FFF4E7F023002202492046FFF7A1
:10A16000ABFFF1E71800010038B5044600231A469A
:10A170004FF42021FFF7B5FD00231A460849204679
:10A18000FFF79AFF074D00231A4629462046FFF79E
:10A1900093FF0223002229462046FFF78DFF38BD9A
:10A1A00014000A0004000A0038B505460C460223D4
:10A1B00000224FF47021FFF77FFF04B938BD01235F
:10A1C00000224FF470212846FFF776FFF6E70000E3
:10A1D00038B504460B4600220A49FFF782FD0A4DB6
:10A1E0008823002229462046FFF766FF00231A46EF
:10A1F00029462046FFF760FF002204492046FFF76A
:10A2000080F938BD0C000A0004000A0008000A00AA
:10A2100070B504460B461546B1F5807F34BF002665
:10A22000202600220B49FFF75CFD2B4600220A493D
:10A230002046FFF741FF094D46F0900300222946D2
:10A240002046FFF739FF00231A4629462046FFF72C
:10A2500033FF70BD0C000A0010000A0004000A0061
:10A2600070B504460D461646002240F20B11FFF76A
:10A27000CFFF4FF482712046FFF7AAFF00F01F02C4
:10A280004FF482712046FFF7C3FF236D1A8A1543EE
:10A290001D82236D1B8A00224FF420212046FFF7E8
:10A2A00020FD3346002202492046FFF705FF70BD1E
:10A2B00014000A00F0B583B05C18B4F5806F24DA9E
:10A2C0001C4617460E4605467F2B15D9142300223F
:10A2D0000F49FFF763FD234600220E492846FFF78A
:10A2E0005DFD0097334600224FF4E8112846FFF742
:10A2F000EDFC002003B0F0BD00920B4622464FF467
:10A30000A011FFF7E3FC0020F4E74FF0FF30F1E786
:10A3100004001F0008001F0010B582B0044602238D
:10A3200001930022009213461321FFF73AF8236DA0
:10A330009A7B032A0CBF012203229A7302B010BD3C
:10A340002DE9F041044600224FF4F811FFF7D9F847
:10A350000546002244212046FFF7ABF80646236D50
:10A360000022DA8383F820209A619A835A62236D4F
:10A370005C62236D9F7B002F7FD1236D9E61D4F89B
:10A38000508098F8153003F00303032B00F0908001
:10A3900015F0800F40F0938015F0010F40F0C18060
:10A3A00015F0400F0BD0636A13B1206D1830984739
:10A3B0004FF4C073022244212046FFF792FC15F0AF
:10A3C000080F07D1236D9B7B002B00F0EA80002F44
:10A3D00000F0E780236D002283F8202016F4802F00
:10A3E00000F0AD80226D92F8203043F0080382F82F
:10A3F00020304FF4802716F0805F08D0226D92F84D
:10A40000203043F0100382F8203047F0805716F4D4
:10A41000005F06D0226D537D03F00303032B00F091
:10A420009A8016F4804F40F0A28047F4DE43002269
:10A4300044212046FFF7B2FC2046FFF77BFE206D4B
:10A44000C38B002B40F0A280437D03F00303032B5A
:10A4500000F09C80836923F490438361226D9369AB
:10A4600043F480539361E36913B1206D183098472A
:10A47000236D002283F820208CE06D492046FFF7F1
:10A4800040F80746236D9B7B032B08BFC0F30717DB
:10A4900017F0010F18BF46F4804617F0020F18BFDF
:10A4A00046F4005617F0040F18BF46F4806664E7C0
:10A4B00016F4005F1CBF45F00805EDB268E7002206
:10A4C00048212046FFF70BF8A8F81C00236D1A7DE1
:10A4D0001AB19A6912F0040F03D19B8B03F46063E5
:10A4E0008BB10423002244212046FFF7E5FD4FF401
:10A4F0006063002248212046FFF7F3FB236A13B173
:10A50000206D18309847236D9B8B13F4807F3FF4A8
:10A5100043AF4FF48073002248212046FFF7E1FB50
:10A520003AE7F823002244212046FFF7C5FD2369BE
:10A53000002B3FF435AF206D1830984730E716F404
:10A54000806F1FBF226D92F8203043F0040382F821
:10A55000203000274FE792F8203043F0020382F8C2
:10A560002030236D0022DA8347F400475DE7204660
:10A57000FFF7AEFD10F4004F3FF457AF226D92F895
:10A58000203043F0010382F820304EE763690BB1BD
:10A5900018309847236D9B7B03BB236D002283F803
:10A5A000202015F0100F1DD115F0200F2DD1002205
:10A5B00020492046FEF7A5FF236D83F8210010F007
:10A5C000030309D000221B492046FFF775FDA36A4B
:10A5D00013B1206D18309847BDE8F0812046FFF791
:10A5E0009BFEDAE7144B002244212046FFF7D6FBFE
:10A5F0002046FFF79FFDE36913B1206D183098479F
:10A60000236D002283F82020CEE70C4B002244214A
:10A610002046FFF7C3FB2046FFF78CFDA36913B16B
:10A62000206D18309847236D002283F82020BEE764
:10A6300018000100380011000094053400042210B5
:10A6400030B585B0089C8DF808301D0A8DF809508A
:10A650001D0C8DF80A501B0E8DF80B308DF80C4038
:10A66000230A8DF80D30230C8DF80E30240E8DF852
:10A670000F4048F20303019302AB0093082392B208
:10A68000FEF78FFE05B030BD70B582B004460E46B1
:10A69000134D4FF0082300934FF0FF33002229465B
:10A6A000FFF7CEFF4FF0601300934FF0FF3300220F
:10A6B00029462046FFF7C4FF0A4B00934FF0FF33B3
:10A6C00000224FF4E0212046FFF7BAFF0EB902B096
:10A6D00070BD054B002205492046FFF75FFBF6E7FA
:10A6E00048000700003C00020011010114000700AF
:10A6F00000B583B0054B00934FF0FF3300220449AF
:10A70000FFF79EFF03B05DF804FB00BF003C0002B2
:10A71000040007002DE9F04383B004460D461746B8
:10A72000564E00223146FEF7C4FE81464FF4704378
:10A7300000934FF0FF33002231462046FFF780FFA1
:10A74000DFF83C811823002241462046FFF7C9FA72
:10A7500025212046FFF7ECFA02212046FFF7E8FA10
:10A760004FF4FE712046FFF7E3FAF9B241F480712D
:10A770002046FFF7DDFA4FF480712046FFF7D8FA44
:10A7800000212046FFF7D4FA02212046FFF7D0FA35
:10A790004FF4E0712046FFF7CBFAE9B241F4807143
:10A7A0002046FFF7C5FAC5F3072141F48071204622
:10A7B000FFF7BEFAC5F3074141F480712046FFF769
:10A7C000B7FA290E41F480712046FFF7B1FA002153
:10A7D0002046FFF7ADFA3A212046FFF7A9FA40F2EA
:10A7E000FF112046FFF7A4FA4FF485712046FFF7CA
:10A7F0009FFA00212046FFF79BFA3A212046FFF7F7
:10A8000097FA40F201112046FFF792FA0223002244
:10A810004FF430212046FFF764FA00231A464FF424
:10A8200030212046FFF75DFA0220F4F713FD3A21AC
:10A830002046FFF77DFA4FF481712046FFF778FA42
:10A84000022300224FF430212046FFF74AFA00236A
:10A850001A464FF430212046FFF743FA00231A46E8
:10A8600041462046FFF73DFA4B460022314620463E
:10A87000FFF794FA03B0BDE8F08300BF440007007F
:10A8800008000B00F0B583B00024234601260727FB
:10A8900002E00134092C09D006FA04F50D42F8D083
:10A8A00004EB440507FA05F52B43F2E71A40009242
:10A8B000DB4300224FF4A021FFF7C2FE03B0F0BD3E
:10A8C00010B582B004467F2A12D9803241EAC321F2
:10A8D00041EA024100910C4B00222021FFF7B0FE1B
:10A8E00000224FF400212046FEF70BFE02B010BDFF
:10A8F00041EAC32141EA02410091034B0022202199
:10A90000FFF79EFEF2E700BF00F400FC00B583B045
:10A9100000920B4600224421FFF792FE002003B074
:10A920005DF804FB00B585B08DF80C309DF818304B
:10A930008DF80D3048F20103019303AB009302231D
:10A9400092B2FEF72EFD05B05DF804FB30B583B082
:10A9500004460D4611F0010F15D000230093EF239C
:10A9600002224FF46021FFF7DDFF236D9D75236DFB
:10A970009B7D5B0810D06B0800220E492046FFF734
:10A980009BFB03B030BD10230093FF2302224FF442
:10A990006021FFF7C7FFE8E701230093FF230022B0
:10A9A00004492046FFF7BEFF226D937D43F002036A
:10A9B0009375E6E72000010070B582B004460D46AD
:10A9C0000121FFF79FF900212046FFF75DFE204699
:10A9D000FFF78EFEC5F30B03002215492046FFF753
:10A9E00080F903230093FF23002212492046FFF73A
:10A9F00099FF104E00252A4631462046FEF781FD7C
:10AA000010F0010FF7D12046FFF7F8FA0021204699
:10AA1000FFF7FEFA05212046FFF774F900220649E8
:10AA20002046FEF76EFD00F03F0002B070BD00BF93
:10AA30001C000800100008001C00070038B505467F
:10AA40000C46B1F8051049B1FFF7B6FFD4F8013054
:10AA5000002205492846FFF7A1F938BD23780022D6
:10AA60000249FFF729FBF1E7040001001C00070081
:10AA700030B583B004460D4610230093FF23002217
:10AA80000649FFF74FFF2B46022D38BF0223002255
:10AA900028212046FFF782F903B030BD28000F00BF
:10AAA00030B583B0044601291DD002292FD00123DF
:10AAB0000093FF2300222549FFF734FF244D4FF474
:10AAC000000300936FF48073002229462046FFF7AD
:10AAD000B7FD002300937F23022229462046FFF77B
:10AAE00021FF03B030BD0521FFF70CF902230093CD
:10AAF0004FF0FF33002217492046FFF7A1FD012246
:10AB00000092FF2312492046FFF70CFFE9E70323D9
:10AB10000093FF2300220D49FFF704FF0C4D4FF473
:10AB2000000300936FF48073002229462046FFF74C
:10AB300087FD002300937F23022229462046FFF74A
:10AB4000F1FE05212046FFF7DDF8CAE704001100F9
:10AB5000080011000800090030B583B0054602293D
:10AB60000ED000240094FE2322461021FFF7DAFEC7
:10AB70002346224614212846FFF7B3F803B030BD20
:10AB8000144601230093FF2300221021FFF7CAFE81
:10AB90002346002214212846FFF7A3F8EEE7000021
:10ABA0002DE9F04182B00546294C2A4B002221466E
:10ABB000FFF7F4F810230093FF23002221462846D4
:10ABC000FFF7B0FE03244FF01408234F0026404641
:10ABD000F4F74AFB324639462846FEF792FC012834
:10ABE00034D0631E13F0FF04F1D16FF00204184E4D
:10ABF00000231A4631462846FFF75EFA0123002259
:10AC000015492846FFF758FA01230093FF23022233
:10AC100031462846FFF786FE002210492846FEF7F7
:10AC200048FC6FF06043984208BF6FF003040022B5
:10AC30000B492846FEF73DFC6FF06043984214BF75
:10AC400020466FF0040002B0BDE8F0810024CEE79A
:10AC50000C000400010002002000040014000400A5
:10AC60001C0004002DE9F04383B0054688461746D2
:10AC70001C46F4F7ADFA0646022C19D0042C17D066
:10AC800004F0FD03012B3FD04FF00009CDF80090F8
:10AC90006FEA08034A463C212846FFF7D1FCCDF86D
:10ACA0000090FB434A4640212846FFF7C9FC0BE0D1
:10ACB000434600223C212846FFF770F83B4600221D
:10ACC00040212846FFF76AF8033CE4B2012C2DD955
:10ACD00000223C212846FEF7ECFB034600224421DB
:10ACE0002846FFF75BF8002240212846FEF7E1FBEB
:10ACF0000346002248212846FFF750F83046F4F773
:10AD00007FFA03B0BDE8F083CDF800804FF0FF3349
:10AD100000223C212846FFF793FC00974FF0FF33B9
:10AD2000002240212846FFF78BFCCDE7102100913F
:10AD3000FF2302222846FFF7F5FDC9E700B583B0DF
:10AD400000290BBFFF23F7230022082200920122D3
:10AD50001021FFF7E7FD03B05DF804FB10B584B0E8
:10AD6000BDF818408DF80C301B0A8DF80D308DF8A9
:10AD70000E40240A8DF80F4048F20203019303AB02
:10AD80000093042392B2FEF70CFB04B010BD000048
:10AD900030B583B0044611F0010F1FD00D464FF4BB
:10ADA000107300936FF47C6300224FF4A021FFF72F
:10ADB00047FC4FF4040300934FF0FF33002218497F
:10ADC0002046FFF73DFC15F0020F1AD14FF48873AF
:10ADD000002214492046FEF7E1FF10E0002500950F
:10ADE0006FF47C632A464FF4A021FFF729FC0095FD
:10ADF0004FF6FF632A460B492046FFF7AFFF03B02B
:10AE000030BD084D084B002229462046FEF7C6FFFC
:10AE10004FF48873002229462046FEF7BFFFEEE775
:10AE2000040011001800110010010F00F0B583B0EC
:10AE30000446012909D01420F4F716FA2046FFF73A
:10AE4000AFFE0546284603B0F0BD0F4E0022314646
:10AE5000FEF745FB074640F2071300934FF6FF73DA
:10AE6000002231462046FFF779FF1420F4F7FCF961
:10AE70002046FFF795FE0546002200923B463146EC
:10AE80002046FFF76BFFDDE74800070000B583B001
:10AE9000012A09D0CB43002200929BB20649FFF75A
:10AEA0005DFF03B05DF804FB00914FF6FF730022D5
:10AEB0000149FFF753FFF4E70C000500F0B583B03C
:10AEC00004460F4616461D4648F2400300934FF6CF
:10AED000FF7300221849FFF741FFAA1943F201034B
:10AEE0009A4215DC7F2D1DD91523002213492046D7
:10AEF000FEF754FF2B46002211492046FEF74EFF75
:10AF00000097334600224FF4E8112046FEF7C7FAB7
:10AF10000022009247F6BF7307492046FFF71EFF45
:10AF200003B0F0BD009733462A464FF4A8112046DF
:10AF3000FEF7B5FAECE700BF0400110004001F00A3
:10AF400008001F0070B506460C4615460E4B02223F
:10AF50000E49FEF723FF0F2DA8BF0F25631E032BFD
:10AF600028BF042410232341002209493046FEF75C
:10AF700015FF631E9B0005FA03F3002205493046C6
:10AF8000FEF70CFF70BD00BF7408D2001000110066
:10AF900028000700180008002DE9F04F83B0044690
:10AFA0000D4691F800900B79182B14D8CF78182FF4
:10AFB00094BF00270127FFB2EB79012B0CBF1021B2
:10AFC00000216B78013B062B10D8DFE803F0060F59
:10AFD0000F120C0F09000127EDE74FF0400A0AE0BD
:10AFE0004FF0480A07E04FF0800A04E04FF4807AFF
:10AFF00001E04FF0200A226D138A23F0E003138250
:10B00000236DEA79DA722E7BB31C01269E401FFA6B
:10B0100086F8226DCA4B03FB08F3DB0B5382236DCA
:10B02000EA7A5A752B7A5B0103F020036A7B43EAC4
:10B030000243EA7A120302F4304213430B430093B3
:10B04000C04B002210212046FFF7FAFA002F40F0F3
:10B05000FC80EB7AF3B16B7B012B40F221812A7BE0
:10B06000B94B33F812201201D30AC2F30A0202F5D7
:10B070008062B2F5006F28BF01339BB20AEBC80AA9
:10B0800003F07F0300934FF680730222AF492046FE
:10B09000FFF764FE94230093AD4B0022AD49204698
:10B0A000FFF7CEFABAF1FF0F40F30D81226D138A3C
:10B0B00043F0200313824FF4006300934CF6FF73B8
:10B0C0000022A5492046FFF749FE6B7B012B00F0CB
:10B0D0000581AB7843F010030093FC2300224FF46A
:10B0E000C0212046FFF71EFC731EDBB200224FF486
:10B0F00000312046FEF7E0FF6B78072B0CBF0823DA
:10B100000023012224212046FEF7D6FFEB7A03F02C
:10B110000303032B0CBF914B914B00229149204616
:10B12000FEF73CFE002290492046FEF7C2F920F4CB
:10B13000FF5020F01F00B9F1090F08BF40F00100D7
:10B140002A79120202F4F852EB78DB00DBB21A43E0
:10B150006B795B0003F0060313430343002282492B
:10B160002046FEF71BFEAA796B781B0343EA822375
:10B1700000936FF47443002220212046FFF760FA09
:10B18000B5F8093023B96FF07E036B720023AB7200
:10B19000B5F8093002224FF4C0212046FEF7A1FD88
:10B1A000022272492046FEF7ACF9236DDB7B4B454A
:10B1B00000F09E80032800F09F80B9F1090F00F095
:10B1C000A0806B4B00226B492046FEF7E7FD41F65D
:10B1D0003C7300224FF410212046FEF782FD142319
:10B1E000012265492046FEF767FF0E2302226349CC
:10B1F0002046FEF761FF8123002261492046FEF7C9
:10B200005BFF0223002244212046FEF755FF012167
:10B210002046FFF745FC4FF0320B4FF01408002793
:10B2200044264046F4F720F83A4631462046FEF7D9
:10B2300068F910F0020F40F0B5800BF1FF3313F006
:10B24000FF0BEED16FF00100DEE0226D138A43F0B8
:10B25000600313824FF4C05300936FF440530022F5
:10B260003D492046FFF7ECF940F2063300224549FC
:10B270002046FEF793FD00231A4643492046FEF779
:10B280008DFD424B002231492046FEF787FD9D236C
:10B2900000932F4B00222F492046FFF7D1F914E7E6
:10B2A0002A7B294B33F812304FF4356202FB03F24C
:10B2B000930CC2F3CA1202F58062B2F5006F28BF88
:10B2C00001339BB2DAE64FF4205300934CF6FF7340
:10B2D000002221492046FFF741FDF6E6AB780093B6
:10B2E000EC2300224FF4C0212046FFF71BFBFBE6B6
:10B2F00003287FF462AF58E002212046FFF7D0FB1D
:10B300005BE7234B00221B492046FEF747FD40F632
:10B310003C7300224FF410212046FEF7E2FC5EE76A
:10B320004FF4807300934FF6FF7300220A492046C2
:10B33000FFF714FD226D138A43F00803138246E0E1
:10B3400068660200CF4FFCFF002F030014000E00C0
:10B3500000FFFFBF18000E0008000B00CC355FAFE8
:10B360004C585FAF0C0006000800010030000F00D1
:10B370003411071C1C0007005000070018000700CC
:10B38000080009000C000E0010000E000A5A0C0004
:10B390003400011C00220092FE231D492046FFF7C5
:10B3A000C1FA1EE0236D83F80F902B79093BDBB2C5
:10B3B0000F2BEFD8236D1B7A012BB1D049462046C5
:10B3C000FEF7A4FD226D138A23F0080313824FF4C5
:10B3D000C843009348F2FF1300220D492046FFF7AF
:10B3E000BDFCBAF1400FCCBF4FF000534FF0A0535B
:10B3F00000936FF07F43002206492046FFF720F9B3
:10B4000001212046FFF712FD03B0BDE8F08F00BF19
:10B410001800030010000600F0B583B005460E4684
:10B42000036D002B51D02C6D0023A37302222282C6
:10B4300023756375E3736372A37204212846FEF7D4
:10B440008BFC074605212846FEF786FC0FB1002835
:10B4500040D120212846FEF77FFC354B98420CBF97
:10B4600001230023237216F0100F42D116F0200F93
:10B4700045D116F0400F48D116F0800F4CD1A37A79
:10B480000BB98523A372637A0BB9742363721F21EE
:10B490002846FEF761FC20731E212846FEF75CFC5F
:10B4A00010F03F0012BF60732E236373637B002292
:10B4B00020492846FEF700FE35212846FEF74CFCC1
:10B4C000034678BB002003B0F0BD2820F9F7FEFA50
:10B4D0002865A8E74FF4007300934FF6FF7300222E
:10B4E00015492846FFF73AFC238A43F010032382CC
:10B4F000AFE706212846FEF72FFC2060B6E70721BC
:10B500002846FEF729FC6060B3E708212846FEF7CD
:10B5100023FC000C6072AFE709212846FEF71CFCF3
:10B52000A072ACE7002205492846FEF737FCC9E7C0
:10B53000400200101400090008000B00040009007C
:10B5400030B583B005460C4671B121F00203013BD2
:10B550000F2B62D8DFE803F0116161246161612D76
:10B56000616161616161613A022101910022009291
:10B570001346FDF716FF204610E002230193002238
:10B58000009213460421FDF70CFF032244212846B4
:10B59000FDF7B7FF10F0080F25D1002003B030BD34
:10B5A000022301930022009213460A21FDF7F9FEBF
:10B5B000EBE70021FEF707FC022301930022009233
:10B5C000134608212846FDF7ECFEDEE70121FEF7D1
:10B5D000FAFB02230193002200921346062128461B
:10B5E000FDF7DFFED1E702230193002100910B4616
:10B5F0000A462846FDF7D5FE14F0020F02D04FF0A0
:10B60000FF30CBE702210191002200921346284629
:10B61000FDF7C7FE4FF0FF30C0E74FF0FF30BDE74A
:10B6200070B582B006460225019500240094234699
:10B6300022461921FDF7B5FE336D9C731D821C75E2
:10B640005C75DC7302B070BD70B582B00646022531
:10B65000019500240094234622461821FDF7A1FEFF
:10B66000336D9C731D821C755C75DC7302B070BDFC
:10B670002DE9F04F91B0064615461C469C2900F274
:10B680009F80DFE811F0540A5F0AA300A700C00002
:10B690004C0192016F015601A201AD01B501BD013E
:10B6A000C501CD01D501D901E101720280028502F7
:10B6B0008F0294029902A202A702DD02FA02050398
:10B6C00010031A03520348033E032403310381038A
:10B6D000FC012F023D02450259027D0982096103E6
:10B6E0009F03A303AC03B103DB03E503ED031704DE
:10B6F00023042E0457033904420454046D047E04C9
:10B70000C004CA04F004FF041A05080524056A05EC
:10B710008205A205D105E505EE050A06F7054307F2
:10B720008507D307D907E407FD071D082708310857
:10B730005F0868086E087708840891089B08A408C9
:10B74000AD08B808C308C908EC08F70802090D09D4
:10B750004E09590972098809FD09070A120A670A80
:10B760001C0A490A7707C609E709D50ACA0A740AF2
:10B770007F0A8A0A950AA00AAB0AB60ABF0AB50C64
:10B78000EF0C2A0D4D0DF90D0E0EFD0AC10BF40B39
:10B79000FF0B040C090C140C270C320C470C5C0C2E
:10B7A000980C9D009D009D009D009D009D009D00AA
:10B7B0009D00640D750DC20EBF0DB40DD30DCA0DE5
:10B7C0004FF0FF35284611B0BDE8F08F4368984729
:10B7D0000025F7E70222B449FDF793FE032801D8BC
:10B7E0000025EFE7F3F7F4FC04460223019300255C
:10B7F00000952B462A4629463046FDF7D2FD2046C5
:10B80000F3F7FEFCDEE7002C01F00286247814F04A
:10B810001D0F61D014F0010F23D014F0020F4FF070
:10B82000020301934FF000020092134614BF0D2152
:10B830000321FDF7B6FD032244213046FDF761FEEA
:10B8400010F0080F08BF0025BCD00223019300218F
:10B8500000910B460A463046FDF7A3FD4FF0FF3539
:10B86000B0E714F0080F11D114F0100F21D114F02B
:10B87000020F4FF0020301934FF0000200921346B3
:10B8800014BF10210921FDF78CFDD4E70021FEF73C
:10B890009AFA14F0020F4FF0020301934FF00002E6
:10B8A0000092134614BF0F2107213046FDF779FDA2
:10B8B000C1E70121FEF787FA14F0020F4FF00203EF
:10B8C00001934FF000020092134614BF0E21052190
:10B8D0003046FDF766FDAEE714F0200F0FD014F0F0
:10B8E000020F4FF0020301934FF0000500952B4625
:10B8F0002A4614BF11210B21FDF753FD62E714F016
:10B90000020F4FF0020301934FF0000500952B4604
:10B910002A4614BF0C210121FDF743FD52E7002CFC
:10B9200001F07985236800222821FEF737FA0025E7
:10B9300048E7236800225D49FEF730FA6368002279
:10B940005B493046FEF72AFAA3680022594930467F
:10B95000FEF724FAE368002257493046FEF71EFA44
:10B9600000252FE7002C01F0598523886568032DF9
:10B9700001F25785DFE805F002070D1300224F4959
:10B98000FEF7AFF91EE702224C49FEF7AAF900259F
:10B9900018E700224A49FEF7A4F9002512E702221F
:10B9A0004749FEF79EF900250CE7002C01F03C8585
:10B9B00023785B0003F0060300936FF00603002278
:10B9C0004049FEF73DFE0025FCE64FF4803300932E
:10B9D0004FF0FF3300223C49FEF732FE0025F1E62E
:10B9E000002C01F02485036D1B7B23700025E9E604
:10B9F000002C01F01F85036D5B7A23700025E1E6C2
:10BA0000002C01F01A85036D9B7A23700025D9E67E
:10BA1000002C01F01585036D1B6823600025D1E61D
:10BA2000002C01F01085036D5B6823600025C9E6DA
:10BA3000FEF772FC0025C5E6002C01F007852168A1
:10BA4000FEF7E7F90025BDE6002C01F00285257818
:10BA50005DB1646840230093FF2300221021FEF7AC
:10BA600061FF022D07D1F46005E000220092BF23A0
:10BA70001021FEF757FF336D1D750025A2E6002C3F
:10BA800001F0EA846568237803224FF48031FEF7E1
:10BA900013FBDDB9002200924FF2FF7310213046F4
:10BAA000FFF75CF98EE600BF30000F005400010084
:10BAB000580001005C000100600001000C00010062
:10BAC0001000010008000100040011004FF4812360
:10BAD00000934FF0FF33002210213046FEF7B0FDF7
:10BAE00000256FE600221146FDF7E3FCB2681368FB
:10BAF00043405268134214BF4FF0FF35002561E602
:10BB0000002C01F0AC842178FEF720FF002559E6D7
:10BB10003AB9002200924FF2FF73B849FFF71EF9BD
:10BB200050E64FF4006300934FF6FF730022B349D1
:10BB3000FFF714F9002545E602F001024FF6FF7306
:10BB40004FF2FF71002A08BF0B46D20215F0020F18
:10BB500012BF42F4805223F480539BB20092002221
:10BB6000A649FFF7FBF800252CE62AB9A44B0222D0
:10BB7000A449FEF713F925E6A34B0222A149FEF7DB
:10BB80000DF900251EE61146FEF757F9002519E6C6
:10BB9000002C01F0678400229C49FDF7B2FC207064
:10BBA00000250FE62146FEF769F900250AE6214641
:10BBB000FEF788F9002505E601230093FF23002204
:10BBC0009349FEF7AFFE0025FCE51146FEF79EF90E
:10BBD0000025F7E5182300228E49FEF7DFF8E82359
:10BBE00000228D493046FEF7D9F8336D9B7D5B0806
:10BBF0001AD0002289493046FDF771FCC0F3C40316
:10BC0000093B0F2B01F2318400F0010000280CBF2A
:10BC100005210921336D1B7A012B01F0298430465F
:10BC2000FEF774F90025CDE5012300227C4930465A
:10BC3000FEF742FA326D937D43F002039375D8E725
:10BC4000002C01F018842478036D5C75230303F441
:10BC50003043009344F6FF7300221021FFF77EF873
:10BC600004F00304032C0CBF6E4B6F4B00226F4992
:10BC70003046FEF793F80025A4E5002C01F0FE8382
:10BC8000238800224FF46021FEF72BF8002599E568
:10BC9000002C01F0F68300224FF46021FDF71FFC19
:10BCA000208000258EE5002C01F0EE832388002201
:10BCB0007C21FEF716F8002584E5002C01F0E783CF
:10BCC00000227C21FDF70BFC208000257AE5002C6A
:10BCD00001F0E083A388E288216800914FF4B0115D
:10BCE000FDF7F4FF00256DE5002C01F0D683A38855
:10BCF000E288216800914FF4B011FDF7D0FB0025D8
:10BD000060E5002C01F0CC83E388A2882168FEF76F
:10BD10009DF9002556E5002C01F0C583E3882268D3
:10BD2000A188FEF7C7FA00254CE51146FFF708FC8D
:10BD3000002547E5002C01F0B9832379628821882A
:10BD4000FEF7BEFD00253DE5002C01F0B283036D3A
:10BD50009B7B012B0CD0032B10D10C224FF4F01144
:10BD6000FDF7BDFB00B240F30C032380002529E55D
:10BD700000222F49FDF7B3FB00B2F4E700222D4962
:10BD8000FDF7ADFB00B2EEE7002C01F095830CABA4
:10BD90000093032300222849FDF781FB9DF8322000
:10BDA0009DF8313003EB02229DF8303003EB022383
:10BDB00013F4801F1CBF6FEA03336FEA1333236051
:10BDC0000025FFE4FEF7D0F90025FBE4002C01F08C
:10BDD00076836188FEF7F0FD20700025F2E42146AD
:10BDE000FDF79DFB0025EDE4002C01F06B830122A3
:10BDF0007021FDF75EFB20600025E3E408001100E0
:10BE00007408D200100011007488D2041C000700CE
:10BE1000040002000C001F0010001F0008000100B9
:10BE200020000100CC355FAF4C585FAF0C0006001E
:10BE30000C00180020000C0029000600002C01F066
:10BE4000448300227021FDF734FB20600025B9E413
:10BE50000094052300227021FDF721FB0025B1E4A9
:10BE6000002C01F03583036D9B7B012B14D0032B39
:10BE700019D116224FF4F011FDF731FBC0F30D007C
:10BE800083B213F4005F04D06FEA83436FEA9343F5
:10BE900018B22080002595E40222D649FDF71FFB49
:10BEA000C0F30D00ECE70222D349FDF718FBC0F305
:10BEB0000D00E5E7009406230022D049FDF7EFFAD4
:10BEC000637903F00103637100257BE4002C01F02A
:10BED000028301224FF00811FDF713FB20700025AB
:10BEE00070E4002C01F0FA8200224FF00811FDF7F7
:10BEF00008FB2070002565E4002C01F0F282A28886
:10BF00002168FEF707FC00255CE4002C01F0EC82C0
:10BF10002568A48822462946FEF7FCFB21463046C8
:10BF2000FDF71AFF2D1A18BF4FF0FF354AE4022A19
:10BF30000ED0B34C00231A4621463046FEF7BCF81B
:10BF40000223002221463046FEF7B6F8002539E4E8
:10BF500000230093FE230122AA49FEF7E3FCE8E751
:10BF6000002C01F0C4822488E2B24FF48171FEF704
:10BF70004FF9220A40F203113046FEF749F9002535
:10BF800020E4002C01F0B682DFF8848210230093B5
:10BF9000FF2300224146FEF7C5FC4FF48271304674
:10BFA000FEF716F900F0E0052A464FF4827130469C
:10BFB000FEF72EF945F004024FF482713046FEF789
:10BFC00027F90220F3F746F94FF487713046FEF760
:10BFD000FFF8074640F20F113046FEF7F9F88146A8
:10BFE0002A464FF482713046FEF712F9002500957B
:10BFF000EF232A4641463046FEF794FC47EA0927DC
:10C000002780FFF7DFBB002C01F07782A278218820
:10C01000FEF726F90025FFF7D5BB002C01F0708252
:10C020002468FEF7A1F80120F3F714F90323009325
:10C03000FF23002274493046FEF774FC7CB9304679
:10C04000FFF7EEFA0120F3F705F9336D00259D7334
:10C0500002221A821D755D75DD73FFF7B3BB304692
:10C06000FFF7F2FAEEE7002C01F04D82237803F09F
:10C070003F03026D537300226449FEF71DF800254B
:10C08000FFF7A0BB002C01F04182036D5B7B2370A6
:10C090000025FFF797BB0121FEF7F6FA3046FEF7C1
:10C0A00027FB01213046FDF72DFE0F2201213046EE
:10C0B000FEF748FF0025FFF785BB002C01F0298221
:10C0C00062682168FEF73EFF0025FFF77BBB002C6E
:10C0D00001F022824E4D00222946FDF712FA8046D9
:10C0E00002230093FF23002229463046FEF71AFC64
:10C0F0000423002247493046FDF7DEFF01230022DA
:10C100004FF400213046FDF7D7FF434F00252A4664
:10C1100039463046FDF7F5F910F0010FF7D000224F
:10C120004FF008113046FDF7DAF9054600231A46AC
:10C130004FF400213046FDF7BFFF00231A46354972
:10C140003046FDF7B9FF4346002231493046FDF73E
:10C15000B3FF25800025FFF735BB002C01F0DF8100
:10C160002379026D927A9B1A07EE903AF8EEE77AFD
:10C170009FED2A7A67EE877AB3EE067A77EE877AB2
:10C18000C4ED007A0025FFF71DBB002C01F0CA8129
:10C190002379026D527A9B1A07EE903AF8EEE77A0D
:10C1A0009FED1F7A67EE877AB3EE007A67EE877AA3
:10C1B000DFED1C6A87EEA67AF0EE087A77EE277A32
:10C1C000C4ED007A0025FFF7FDBA002C01F0AD8127
:10C1D00024680121FEF758FA3046FEF789FA01215A
:10C1E0003046FDF78FFD21463046FEF741FC002525
:10C1F000FFF7E8BA140018001C000C0018000C002F
:10C2000004000A00080011000400110014000900D5
:10C210004800070034000700040008006666863FF7
:10C22000CDCCCC3E00007F4300250095EF232A466D
:10C23000C749FEF777FB05213046FDF763FD012175
:10C240003046FDF7E5FE3046FDF7D8FEFFF7BABAF7
:10C2500000250095EF232A46BD49FEF763FBFFF753
:10C26000B1BA002C01F064812168FEF701FC0025C1
:10C27000FFF7A8BA0022B749FDF731F9C0F30B0563
:10C2800010F4006F18BF45F470452DB22580336D52
:10C29000B3F91230ED1AFFF795BA002C01F04B817B
:10C2A000D4F80490237A99F81320FF2A00F0228111
:10C2B000002B36D1D9F8003000930C230022A64978
:10C2C000FDF704FD99F80C30B9F80E20D11899F853
:10C2D0001220002A5FD199F8100000280BBF7F229E
:10C2E0004FF480624FF4B0154FF4A01599F8130085
:10C2F000121A023A914200F20381D9F80420009206
:10C30000002229463046FDF7E1FCB9F80E3099F8D5
:10C310000C20D9F80810009129463046FDF7D6FCCC
:10C320004AE0D9F80030B9F80E109A7A8DF830202A
:10C330005A7A8DF831201A7A8DF83220DA798DF810
:10C3400033209A798DF834205A798DF835201A796E
:10C350008DF83620DA788DF837209A788DF83820E5
:10C360005A788DF839201A788DF83A2000228DF805
:10C370003B208DF83C10090A8DF83D10197B8DF893
:10C380003E10DB7A8DF83F300CAB009310237249DE
:10C39000FDF79CFC96E7012A40F0AF8099F8113038
:10C3A000002B40F2FF3308BF7F2399F813209B1A1C
:10C3B000023B994200F2A78099F81020531EDBB28D
:10C3C000012B40D999F81130591EC9B2012947D91A
:10C3D000042B4CD042EA4333002260493046FDF73B
:10C3E000DDFCB9F80E305E4A02EAC31299F80C304F
:10C3F00003F07F03134300225A493046FDF7CEFC79
:10C400000123002258493046FDF756FEDFF85C81D3
:10C4100000273A4641463046FDF773F810F0050F05
:10C42000F7D005460346002250493046FDF744FE4A
:10C4300005F03F0525F03003012B25D06BB22370AA
:10C440000025FFF7BFB9336D9B7B032B01F02381E0
:10C4500099F811305A1ED2B2012A12D90122B7E737
:10C46000336D9B7B032B0CBF02230123B2E7B9F88A
:10C470000E101029AED96FF00303E0E70222134635
:10C48000A8E701221346A5E799F81230012BD5D170
:10C4900099F81120531EDBB2012B1BD9032A0CBFC4
:10C4A0004FF4A0174FF4B017D9F8042012B199F83F
:10C4B0000C30C3B9D9F808100029BFD0B9F80E3034
:10C4C000002BBBD099F80C20009139463046FCF780
:10C4D000E6FFB3E7336D9B7B032B0CBF4FF498173C
:10C4E0004FF49017E0E70092002239463046FCF7FF
:10C4F000D6FFDFE76FF00203A1E76FF001039EE7CD
:10C500004FF0FF339BE74FF0FF3398E7237AE17951
:10C51000A279D20042EA41021343627943EA8213CC
:10C52000227943EAC213E27843EA0223A27843EA7B
:10C53000C223627843EA0233227843EA42339BB251
:10C5400000220B49FDF7CDFB0025FFF73BB900BFEB
:10C5500028000F0008000200340001004400010020
:10C5600080FF0100480001004C0001005000010064
:10C5700030000100002C00F0E187637833B15B08E4
:10C58000013BDBB223700025FFF71CB90023F9E75C
:10C590000022D049FCF78DFFC0F30B032380C0F3CA
:10C5A0000B4060800022CC493046FCF782FFC0F38C
:10C5B0000B03A380C0F30B40E0800022C749304644
:10C5C000FCF777FF2072000C60720022C4493046ED
:10C5D000FCF76FFFC0F30B43A381C0F30B00608136
:10C5E0000022C0493046FCF764FFC0F30B43A4F8B7
:10C5F0000F30A0730022BC493046FCF75AFF60742C
:10C60000000CA0740022B9493046FCF752FFC0F379
:10C610000B00A4F8130000256575A5752A46B449DA
:10C620003046FCF76EFFE075FFF7CCB81146FDF71A
:10C63000BBFD0025FFF7C6B8002C00F082872388D9
:10C640000022AC49FDF74DFB0025FFF7BBB8002CDD
:10C6500000F07A87256835B900231A46A649FDF708
:10C6600040FBFFF7AFB86279237943EA022323F056
:10C67000F0030022A049FDF734FB0025FFF7A2B824
:10C68000002C00F0648723684BB9002500954FF615
:10C69000FF532A461021FEF761FBFFF793B80022F3
:10C6A0003421FDF77BFB4FF4007300934FF6FF73CB
:10C6B000002210213046FEF751FB0025FFF782B81B
:10C6C000002C00F047876188FDF782FD207000256F
:10C6D000FFF778B8002C00F04087A2782188FDF79A
:10C6E00097FD0025FFF76EB8844B854A012D18BFD2
:10C6F0001346012D834918BF4FF00C11026D927B38
:10C70000012A12D0032A17D1A2F5C012013A1A4405
:10C710004FF4F011FCF7E3FEC009208025880035B6
:10C7200018BF01256D42FFF74DB802221946FCF7EC
:10C73000D6FEC0092080F1E70222FCF7D0FEC00936
:10C740002080EBE7002C00F00B872178FEF720FB20
:10C750000025FFF737B81146FEF7A2F90025FFF7CD
:10C7600031B80094042300221C21FCF798FE002518
:10C77000FFF728B8002C00F0F68602224421FCF7CF
:10C78000AEFEC0F3002020700025FFF71BB8002C80
:10C7900000F0EC8600224421FCF7B3FE00F001001B
:10C7A00020700025FFF70EB8002C00F0E2866288AA
:10C7B0002188FEF7D1F90025FFF704B8009408237B
:10C7C00000220421FDF782FA0025FEF7FBBF00944A
:10C7D000082300220421FCF762FE0025FEF7F2BFC9
:10C7E000002C00F0C986238802220C21FDF779FA7B
:10C7F0000025FEF7E7BF002C00F0C1862388002249
:10C800000C21FDF76EFA0025FEF7DCBF2146FDF78F
:10C810003BFA0025FEF7D6BF036D9B7B012B0BD0A7
:10C82000032B12D10094052320224FF4F011FCF7C2
:10C8300036FE0025FEF7C6BF0094052300223249CC
:10C84000FCF72DFE0025FEF7BDBF00940523002256
:10C850004FF44021FCF723FE0025FEF7B3BF00256F
:10C8600004F8015B009404232A466C21FCF717FEB0
:10C87000FEF7A8BF002C00F0858601226021FCF79E
:10C8800018FE20600025FEF79DBF002C00F07D867D
:10C8900000226021FCF70DFE20600025FEF792BF0C
:10C8A000036D9B7B012B0BD0032B31D1009405230F
:10C8B00028224FF4F011FCF7F2FD0025FEF782BFAD
:10C8C0000094052300221149FCF7E9FD0025FEF73D
:10C8D00079BF00BF04000F0008000F000C000F001C
:10C8E00010000F0014000F0018000F001C000F00B4
:10C8F00020000F00040006001C0011003400180086
:10C900002C00180014000C0020001800280018004B
:10C91000009405230022CE49FCF7C1FD0025FEF757
:10C9200051BF002C00F0348600221C21FCF7C1FD11
:10C9300020600025FEF746BF002C00F02C862588DD
:10C940006768237A002B00F029863C4607EB8307B3
:10C9500029463046FDF700FA44F8040B0135ADB224
:10C96000BC42F5D10025FEF72DBF002C00F0198642
:10C97000237801222421FDF79FFB0025FEF722BF2B
:10C98000FEF70EF90546FEF71DBF1146FEF74EFAFB
:10C990000546FEF717BF002C00F00686A57801219A
:10C9A000FDF7B0F900213046FDF76EFE3046FDF789
:10C9B0009FFE05F03F030022A6493046FDF77CFBB1
:10C9C00001230093FF230022A3493046FDF7AAFF6D
:10C9D000A14F00252A4639463046FCF792FD10F05B
:10C9E000010FF7D100229D493046FCF778FD05463E
:10C9F0003046FDF703FB00213046FDF709FB05211A
:10CA00003046FDF77FF9C5F30B0525800025FEF7BD
:10CA1000D9BE0221FEF744F801213046FEF740F866
:10CA200032244FF01408002744254046F2F71CFC3E
:10CA30003A4629463046FCF764FD10F0020F05D156
:10CA4000631E13F0FF04F0D1012500E000256D42C4
:10CA5000FEF7B8BE002C00F0AA8523781B0303F470
:10CA6000E0436278012A08BF43F4807300936FF4B7
:10CA7000E24300227A49FDF7E3FD0025FEF7A2BE5E
:10CA8000002C00F0978562682168FDF7FBFE002509
:10CA9000FEF798BE002C00F0908523880022714993
:10CAA000FDF71FF90025FEF78DBE002C00F08885EC
:10CAB00062682188FEF7EAF90025FEF783BE002CA4
:10CAC00000F08185657823788BB1036D00229A731D
:10CAD0004FF0FF330822E5B123F480630092002277
:10CAE00010213046FDF7ACFD0025FEF76BBE036D4F
:10CAF00001229A73182300225B49FDF74FF9E823BE
:10CB000000225A493046FDF749F96FF00803002228
:10CB1000E1E742F48062E1E7002C00F057852368EA
:10CB200000223021FDF73AF90025FEF74BBE002C1C
:10CB300000F04F8500222946FCF7BBFC2060002551
:10CB4000FEF740BE234600222946FDF727F90025BF
:10CB5000FEF738BE002C00F03F8503224449FCF765
:10CB6000D0FCC0F3021020700025FEF72BBE002C75
:10CB700000F03585236800224421FDF70FF90025D8
:10CB8000FEF720BE002C00F02D85238800224821CE
:10CB9000FDF7A7F80025FEF715BE002C00F025854F
:10CBA00000224421FCF785FC20600025FEF70ABE28
:10CBB000002C00F01D8500224821FCF790FC20602D
:10CBC0000025FEF7FFBD002C00F01585237800221C
:10CBD0002849FDF771FA0025FEF7F4BD002C00F09E
:10CBE0000D8500224421FCF78CFC20700025FEF707
:10CBF000E9BD002C00F00585FDF76AFA20600025EC
:10CC0000FEF7E0BD002C00F0FF8400221A49FCF77B
:10CC100066FC20800025FEF7D5BD002C00F0F784CF
:10CC200000221649FCF745FC20600025FEF7CABD2E
:10CC3000002C00F0EF842388C3F30D0300934FF41E
:10CC4000404300220D49FEF789F80025FEF7BABDE2
:10CC500008000C001C000700100008001400080069
:10CC600014000700080005000C001F0010001F0042
:10CC700060000300180001002C0005001C000E00DD
:10CC8000002C00F0CA84A788D4F808B0237B069350
:10CC900022690492626905920BF00302CBF38500CE
:10CCA000052B45D1B7F5B17F28BF4FF4B177DFF839
:10CCB0003893042F05D809EB00035B78053B9F42AE
:10CCC0003EDB012A7CD8C44B995C3E46B94279DAF6
:10CCD000551C53FA85F500230B449BB20132D2B2A6
:10CCE000022A05D015F8011BA6EB030C6145F3DB06
:10CCF0009F4208BF039069D007F105081FFA88F822
:10CD0000802500210791039108910E460521BE461A
:10CD10008F4238BF8E46AEF1050E1FFA8EFEDFF849
:10CD2000B8A2CDF824B08B46BC46374600F0ECBC28
:10CD300040F231139F4228BF1F46DFF8B092B8E798
:10CD40000023059A1380049AC2F800B04DE0DDF884
:10CD500024B00023059A1380049BC3F800B04FF061
:10CD6000FF3342E01FFA81FB0792039008930127EB
:10CD700000F0DBBC002F40F09B84984500F2B084AB
:10CD8000002E39D03F2800F0D584002719F8001074
:10CD90005B1A9BB2461E06F03F0016F03F0618BF16
:10CDA000012600F0A9BC0699092940F0C9843F2159
:10CDB00003910BE0B3B20132D2B23F21039105E0FF
:10CDC000002395E7002393E70390634605990B80C2
:10CDD000039B42EA8302D2B2130443EA0263134381
:10CDE00043EA0223049A1360002323600025FEF720
:10CDF000E9BC079A089BE9E70390E7E7079A089BD5
:10CE0000E4E73F210391E1E7002C00F00984277853
:10CE10006478F2F7DDF90546022C0ED0042C0CD014
:10CE200004F0FD04012C1AD0FB4300220092DBB277
:10CE30006A493046FDF776FD05E03B46002267492A
:10CE40003046FDF739F93B46002265493046FCF78C
:10CE5000A5FF2846F2F7D4F90025FEF7B3BC0097EA
:10CE6000FF2300225D493046FDF75CFDEBE702231E
:10CE70000193002500952B462A461A21FCF791FACA
:10CE8000FEF7A0BCFEF7E0FB0025FEF79BBCFEF71B
:10CE9000C7FB0025FEF796BC0223019300250095F1
:10CEA0002B462A461421FCF77CFAFEF78BBC0224A1
:10CEB0000194002500952B462A461521FCF771FAAE
:10CEC000019400952B462A4615213046FCF769FA55
:10CED000FEF778BC02230193002500952B462A46D5
:10CEE0001621FCF75EFAFEF76DBC002C00F09B8368
:10CEF0003AB900224FF4D011FCF703FB2070FEF783
:10CF000061BC01224FF4D011FCF7FBFA2070002520
:10CF1000FEF758BC002C00F08983247800224FF4DF
:10CF2000D011FCF7EEFA00F09F03234300224FF4E8
:10CF3000D0113046FDF7C0F80025FEF743BC002CA9
:10CF400000F07783247812F0FF051ED0012D40F009
:10CF50007383022501224FF4D0113046FCF7D1FA39
:10CF6000ACB920EA0503DBB201224FF4D011304600
:10CF7000FDF7A2F8002210213046FCF79AFA10F4CF
:10CF8000801F0BD00025FEF71DBC0425E2E7012C15
:10CF900040F0568340EA0503DBB2E5E74FF4801327
:10CFA00000934FF0FF33002210213046FDF748FB7D
:10CFB0000025FEF707BC002C00F0468323785B03B6
:10CFC00003F4005300934DF6FF7300220549FDF76B
:10CFD000C5FE0025FEF7F6BBF42E03001C00010081
:10CFE000180001000C000E00742E0300B42E030084
:10CFF000002C00F02C8325786268012A15BF6FF49D
:10D0000060336FF4E043DF27EF2714BF4FF02008B1
:10D010004FF010080024009422464FF4A021FDF7A1
:10D020000FFB00943B462246BE493046FDF77AFC92
:10D03000012D03D065B10025FEF7C4BB2546009441
:10D040003B462246B8493046FDF76CFCFEF7BABBBA
:10D05000CDF80080FF230022B3493046FDF762FC83
:10D06000FEF7B0BB002C00F0F582227812F0010F21
:10D070002DD0570107F0400740244FF4E01312F081
:10D08000040F28D043F4600344F08004120102F03E
:10D09000800217434FF400120092DB4300224FF44A
:10D0A000A0213046FDF7CCFAE443A4B20025009558
:10D0B00023462A469B493046FDF750FE00972346FB
:10D0C0002A4699493046FDF749FEFEF77BBB00270B
:10D0D0003C463B46D3E70022DEE708230093FF23CC
:10D0E00001224FF48021FDF71DFC904C0223009398
:10D0F000FF23032221463046FDF714FC002500954E
:10D10000F72301224FF480213046FDF70BFC0095F8
:10D11000FD23032221463046FDF704FCFEF752BBF7
:10D12000002C00F09A826388DB0003F4FF6322780E
:10D130000AB143F4006300934FF2070300224FF457
:10D1400080213046FDF70AFE0025FEF73BBB002C90
:10D1500000F08682E3B29A1C01239340013BDBB2CC
:10D1600000224FF40031FCF7A7FF0025FEF72ABB91
:10D17000002C00F07882E37A002B00F07782637B4A
:10D18000012B21D9227B6A4B33F812201201D30ADA
:10D19000C2F30A0202F58062B2F5006F28BF0133C4
:10D1A0009BB203F07F0300934FF680730222614924
:10D1B0003046FDF7D3FD942300225F493046FCF74B
:10D1C0007BFF0025FEF7FEBA227B594B33F8123065
:10D1D0004FF4356202FB03F2930CC2F3CA1202F55C
:10D1E0008062B2F5006F28BF01339BB2D9E7002CF3
:10D1F00000F03F8200225149FCF75BF920600025D6
:10D20000FEF7E0BA002C00F0378200224C49FCF710
:10D2100050F920600025FEF7D5BA002C00F02F82CF
:10D220004FF4A81323600025FEF7CCBA002C00F0C1
:10D23000298200250B9510AF192347F8103D009760
:10D2400004232A463F49FCF741FD41F648730C93FD
:10D25000009704232A463C493046FCF737FD0BABC8
:10D26000009304232A464FF4E8113046FCF717F9DF
:10D270000B9B2360FEF7A6BA002C00F0068200226A
:10D280003249FCF716F980B220600022304930465E
:10D29000FCF70FF9430D9B019BB263600025FEF77D
:10D2A00091BA002C00F0F481637D33B1012B5BD087
:10D2B000022B00F08280FF232FE000222549FCF79B
:10D2C000F8F8C0F30B002060002223493046FCF739
:10D2D000F0F8C0F315006060002220493046FCF7EA
:10D2E000E8F8C0F31500A06000221D493046FCF7A5
:10D2F000E0F8C0F31500E06000221A493046FCF760
:10D30000D8F8C0F31300206103220C493046FCF723
:10D31000F8F8C0F3021020750023A3750025FEF76E
:10D3200051BA00BF080005000C00050008001100FC
:10D33000002F030014000E0018000E006000030010
:10D340004C000F0004001F0008001F0048000C00E4
:10D3500028000C0058000C0030000C0034000C00B9
:10D3600038000C002C000C000022D449FCF7A1F876
:10D37000C0F30B0020600022D1493046FCF799F839
:10D38000C0F3150060600022CE493046FCF791F8EA
:10D39000C0F31500A06000224FF450213046FCF786
:10D3A00088F8C0F31500E0600022C7493046FCF75A
:10D3B00080F8C0F313002061A6E70022C349FCF700
:10D3C00078F8C0F30B0020600022C1493046FCF71A
:10D3D00070F8C0F3150060600022BE493046FCF7CB
:10D3E00068F8C0F31500A0600022BB493046FCF786
:10D3F00060F8C0F31500E0600022B8493046FCF741
:10D4000058F8C0F3130020617EE70025FEF7DAB973
:10D410000025FEF7D7B90025FEF7D4B90025FEF7A1
:10D42000D1B90025FEF7CEB90025FEF7CBB900250E
:10D43000FEF7C8B90025FEF7C5B90025FEF7C2B949
:10D440000025FEF7BFB90025FEF7BCB90025FEF7A1
:10D45000B9B90025FEF7B6B90025FEF7B3B9002526
:10D46000FEF7B0B90025FEF7ADB90025FEF7AAB961
:10D470000025FEF7A7B90025FEF7A4B90025FEF7A1
:10D48000A1B90025FEF79EB90025FEF79BB900253E
:10D49000FEF798B90025FEF795B90025FEF792B979
:10D4A0000025FEF78FB90025FEF78CB90025FEF7A1
:10D4B00089B90025FEF786B90025FEF783B9002556
:10D4C000FEF780B90025FEF77DB90025FEF77AB991
:10D4D0000025FEF777B90025FEF774B90025FEF7A1
:10D4E00071B90025FEF76EB90025FEF76BB900256E
:10D4F000FEF768B90025FEF765B90025FEF762B9A9
:10D500000025FEF75FB90025FEF75CB90025FEF7A0
:10D5100059B90025FEF756B90025FEF753B9002585
:10D52000FEF750B90025FEF74DB90025FEF74AB9C0
:10D530000025FEF747B90025FEF744B90025FEF7A0
:10D5400041B90025FEF73EB90025FEF73BB900259D
:10D55000FEF738B90025FEF735B90025FEF732B9D8
:10D560000025FEF72FB90025FEF72CB90025FEF7A0
:10D5700029B90025FEF726B90025FEF723B90025B5
:10D58000FEF720B90025FEF71DB90025FEF71AB9F0
:10D590000025FEF717B90025FEF714B90025FEF7A0
:10D5A00011B90025FEF70EB90025FEF70BB90025CD
:10D5B000FEF708B90025FEF705B90025FEF702B908
:10D5C0000025FEF7FFB80025FEF7FCB80025FEF7A2
:10D5D000F9B80025FEF7F6B80025FEF7F3B80025E8
:10D5E000FEF7F0B80025FEF7EDB80025FEF7EAB823
:10D5F0000025FEF7E7B80025FEF7E4B80025FEF7A2
:10D60000E1B80025FEF7DEB80025FEF7DBB80025FF
:10D61000FEF7D8B80025FEF7D5B80025FEF7D2B83A
:10D620000025FEF7CFB80025FEF7CCB80025FEF7A1
:10D63000C9B80025FEF7C6B84FF0FF35FEF7C2B8EF
:10D640004FF0FF35FEF7BEB80025FEF7BBB800254A
:10D65000FEF7B8B80025FEF7B5B80025FEF7B2B85A
:10D660000025FEF7AFB80025FEF7ACB80025FEF7A1
:10D67000A9B80025FEF7A6B80025FEF7A3B8002537
:10D68000FEF7A0B80025FEF79DB80025FEF79AB872
:10D690000025FEF797B899F811305A1ED2B2012A28
:10D6A0007EF6ECAE0222FEF793BE002F3FF468AB8D
:10D6B00019F800105B1A9BB2FFF788BB20000D0021
:10D6C00064000C0068000C0060000C0068000D0095
:10D6D00040000D0044000D0048000D003C000D000E
:10D6E0003F2827D0002E7FF451AB013000F03F00DF
:10D6F00019F800100B449BB29C453FF465AB013D0B
:10D7000015F0FF053FF423AB9E45BFF433AB9845BE
:10D71000CBD9ACEB030109B20029B8BF4942594546
:10D720007FF720AB002F7FF464AB3F28DAD1002FC6
:10D730007FF464AB032A3FF464AB022A3FF433ABBB
:10D740001AF802105E1866457FF734AB0B449BB2A3
:10D750000132D2B20027FFF719BB00BFF0B585B088
:10D760000446436B1968FDF757FE064623681B699C
:10D77000984703AB002211462046FDF779FF636B03
:10D780009B6A19682046FDF707FC636B9B6A596822
:10D790002046FDF753F9636B9B6ADB8900224FF447
:10D7A00060212046FCF79DFA636B9B6A9B890022EF
:10D7B0007C212046FCF795FA00212046FCF729FB46
:10D7C000002500954FF6FF532A4610212046FDF70D
:10D7D000C5FA636B9B6A5A8919892046FDF7BCF923
:10D7E000636B9B6A1B8A02220C212046FCF779FAA4
:10D7F000636B9B6A5B8A2A460C212046FCF771FA10
:10D80000636B197A2046FDF7C3FA636BD96820462B
:10D81000FCF713FB616B0B7E4A6909692046FDF733
:10D8200021FA636B9A7F998B2046FCF719FD226DD4
:10D83000537B2E2B05D0636B93F82C3033F03F03D2
:10D840000AD0636B93F82C3003F03F03537300222C
:10D850002A492046FCF730FC636B93F82D102046D4
:10D86000FDF774F8636B196A2046FCF707FB636BDE
:10D87000596A2046FCF726FB636B93F82E309BBB5E
:10D88000636B93F82F102046FCF78EFC94F94C50F4
:10D89000002D26DB012303FA05F5AFB2184A3946FD
:10D8A0002046FCF7EFFF0DF10A030093022300224C
:10D8B0004FF4A0212046FBF7F2FDBDF80A3023EA21
:10D8C0000503ADF80A3000220E492046FCF709FA9C
:10D8D00094F94D20B2FA82F2520939462046FDF7FA
:10D8E000D5FA304605B0F0BD01230093FF23002296
:10D8F00005492046FDF716F8C2E700BF14000900ED
:10D9000092042001080005000400020008B54368E5
:10D91000984708BD01FB00F1032A0AD0C80AC1F3E9
:10D920000A0101F58061B1F5006F28BF013080B2B6
:10D930007047B52000FB01F1C909EFE798290248BB
:10D9400018BF0020704700BF0830030070472DE962
:10D95000F04184B005460F461E46BDF82C30591ED6
:10D9600089B201291CD9D01900F07F003A44C2F3D2
:10D970000441820042EA412243EA0201090A8DF889
:10D980000C1020B9B3F5004F18D0002B37D041F060
:10D9900040018DF80C101A438DF80D20022405E08B
:10D9A0007A0062F07E028DF80C200124022B06D052
:10D9B00026D3A3F50043032B01D9FEE701242B6DE9
:10D9C0001B7D4BB92B685D680A9B324603A9204634
:10D9D000A84704B0BDE8F0810022214603A8F7F76C
:10D9E0006FFB024631460A98F7F76AFB2B680090F6
:10D9F0009D680A9B324603A92046A847E9E701240F
:10DA00002B68D3F800800A9B324603A92046C04702
:10DA10002B6D1B7D022BDCD1182FDAD00022214682
:10DA200003A8F7F74DFB024631460A98F7F748FB83
:10DA3000044600221821284600F066F88442C8D027
:10DA4000EB68002BC5D09847C3E710B582B000241F
:10DA50000194049C0094FFF77AFF02B010BD00B55A
:10DA600085B003AB0093042392B2FFF7EEFF0DF1F4
:10DA70000F030DF10B01002013F8012902EB002028
:10DA80008B42F9D105B05DF804FB00B585B003AB5E
:10DA90000093022392B2FFF7D8FF9DF80D309DF856
:10DAA0000C0000EB032080B205B05DF804FB08B564
:10DAB00000224FF46021FFF7E8FF08BD08B50022FF
:10DAC0007C21FFF7E2FF08BD08B5036D9B7B012BAE
:10DAD0000AD0032B0ED10C224FF4F011FFF7D5FF23
:10DAE00000B240F30C0008BD00220549FFF7CDFF4E
:10DAF00000B2F6E700220349FFF7C7FF00B2F0E7E4
:10DB00000C00180020000C0000B585B00DF10F03CB
:10DB10000093012392B2FFF798FF9DF80F0005B024
:10DB20005DF804FB00B585B003AB0093032300222E
:10DB30000B49FFF78AFF9DF80E309DF80D0000EBB2
:10DB400003239DF80C0000EB032010F4801F1CBF82
:10DB50006FEA00306FEA103005B05DF804FB00BFDB
:10DB60002900060030B5BDB005460C46036D9A7B12
:10DB7000012A1CD0032A40F0F1819B7D13F0080F8D
:10DB80000CD113F0040F02AB009314BF38232023F1
:10DB900000224FF4F011FFF758FF19E002AB009399
:10DBA000E82300224FF4F011FFF74FFF10E09B7DB8
:10DBB00013F0080F40F0C98113F0040F02AB00937B
:10DBC00014BF3823202300224FF4C011FFF73DFF7C
:10DBD0000DF1170204F11A0304F1200012F8011FDD
:10DBE00003F8011B8342F9D19DF815209DF81430EC
:10DBF00043EA0223C3F30C0363849DF81F209DF8BE
:10DC00001E3043EA0223C3F30D0313F4005F1CBF6D
:10DC10006FEA83436FEA934323849DF825209DF8A0
:10DC2000243043EA0223C3F30B03E3872B6D9B7D70
:10DC300013F0020F40F07E810AAA631E201D12F825
:10DC4000011B03F8011FD1791972D17B59748342EA
:10DC5000F5D19DF82F3063719DF82E209DF82D3061
:10DC600043EA0223E3809DF837209DF8363003EB2A
:10DC70000223C3F3CF13A4F80D309DF832209DF892
:10DC8000313043EA0223A4F80F309DF83F209DF87D
:10DC90003E3003EB0223C3F3CF13E3829DF83A2017
:10DCA0009DF8393043EA022323832B6D9B7D13F0CB
:10DCB000040F40F03F819DF843209DF842301B0443
:10DCC00043EA02639DF8402013439DF8412043EA54
:10DCD000022323F0604363629DF847209DF846309D
:10DCE0001B0443EA02639DF8442013439DF845203A
:10DCF00043EA022323F00043A3629DF84B209DF8E2
:10DD00004A301B0443EA02639DF8482013439DF800
:10DD1000492043EA0223C3F31303E3629DF84F2033
:10DD20009DF84E301B0443EA02639DF84C201343D8
:10DD30009DF84D2043EA0223C3F3150323639DF8A6
:10DD400053209DF852301B0443EA02639DF8502093
:10DD500013439DF8512043EA0223C3F31503636381
:10DD60009DF857209DF856301B0443EA02639DF846
:10DD7000542013439DF8552043EA0223C3F31503AF
:10DD8000A3639DF865209DF8643043EA0223A387CE
:10DD90009DF877209DF876301B0443EA02639DF8D6
:10DDA000742013439DF8752043EA022323F0404377
:10DDB00023649DF87B209DF87A301B0443EA0263BC
:10DDC0009DF8782013439DF8792043EA0223C3F39A
:10DDD000130363649DF87F209DF87E301B0443EAA3
:10DDE00002639DF87C2013439DF87D2043EA0223C3
:10DDF000C3F31503A3649DF883209DF882301B04B0
:10DE000043EA02639DF8802013439DF8812043EA92
:10DE10000223C3F31503E3649DF887209DF8863041
:10DE20001B0443EA02639DF8842013439DF8852078
:10DE300043EA0223C3F3150323659DF895209DF85B
:10DE4000943043EA0223C3F30E03A4F854309DF840
:10DE5000A5209DF8A43043EA0223C3F30B03A4F8E2
:10DE600056309DF8BF209DF8BE301B0443EA026384
:10DE70009DF8BC2013439DF8BD2043EA022323F004
:10DE80004043A3659DF8C3209DF8C2301B0443EABC
:10DE900002639DF8C02013439DF8C12043EA02238A
:10DEA000C3F31303E3659DF8C7209DF8C6301B0438
:10DEB00043EA02639DF8C42013439DF8C52043EA5A
:10DEC0000223C3F3150323669DF8CB209DF8CA30C7
:10DED0001B0443EA02639DF8C82013439DF8C92040
:10DEE00043EA0223C3F3150363669DF8CF209DF830
:10DEF000CE301B0443EA02639DF8CC2013439DF807
:10DF0000CD2043EA0223C3F31503A3669DF8DD2069
:10DF10009DF8DC3043EA0223C3F30E03A4F86C300F
:10DF20009DF8ED209DF8EC3043EA0223C3F30B0388
:10DF3000A4F86E3094F91B30002BC0F2D081E37F3F
:10DF400003F00103E3773DB030BD02AB0093E8235B
:10DF500000224FF4C011FFF778FD39E69B7D13F0E6
:10DF6000010F00F0B38102AB00936C2300224FF449
:10DF70004021FFF76AFD1DAB00936C2300224FF494
:10DF800050212846FFF761FD02AA631E201D12F8EA
:10DF9000011B03F8011FD1791972D17B5974D17D0E
:10DFA00099768342F3D19DF82530E3779DF80F30C1
:10DFB00063719DF80E209DF80D3043EA0223E38043
:10DFC0009DF816309DF8172043EA0222C2F3CF12C3
:10DFD000A4F80D209DF8152042EA0322A4F80F2092
:10DFE0009DF81F2043EA0223C3F3CF13E3829DF879
:10DFF0001E209DF81D3043EA022323839DF827202D
:10E000009DF8263043EA0223C3F30D0313F4005FA7
:10E010001CBF6FEA83436FEA934323849DF8292052
:10E020009DF8283043EA0223C3F30C0363849DF870
:10E030002F209DF82E301B0443EA02639DF82C200C
:10E0400013439DF82D2043EA022323F060436362CB
:10E050002B6D9B7D13F0010F3FF46CAF9DF83320C7
:10E060009DF832301B0443EA02639DF830201343CD
:10E070009DF8312043EA022323F00043A3629DF878
:10E0800037209DF836301B0443EA02639DF83420A4
:10E0900013439DF8352043EA0223C3F31303E362DD
:10E0A0009DF83B209DF83A301B0443EA02639DF83B
:10E0B000382013439DF8392043EA0223C3F31503A4
:10E0C00023639DF83F209DF83E301B0443EA026322
:10E0D0009DF83C2013439DF83D2043EA0223C3F3FF
:10E0E000150363639DF843209DF842301B0443EA07
:10E0F00002639DF8402013439DF8412043EA022328
:10E10000C3F31503A3639DF851209DF8503043EAF3
:10E110000223A3879DF861209DF8603043EA022323
:10E12000C3F30B03E3879DF867209DF866301B045B
:10E1300043EA02639DF8642013439DF8652043EA97
:10E14000022323F0404323649DF86B209DF86A303E
:10E150001B0443EA02639DF8682013439DF869207D
:10E1600043EA0223C3F3130363649DF86F209DF811
:10E170006E301B0443EA02639DF86C2013439DF844
:10E180006D2043EA0223C3F31503A3649DF87320B3
:10E190009DF872301B0443EA02639DF8702013431C
:10E1A0009DF8712043EA0223C3F31503E3649DF84D
:10E1B00077209DF876301B0443EA02639DF87420B3
:10E1C00013439DF8752043EA0223C3F31503236527
:10E1D0009DF885209DF8843043EA0223C3F30E03A3
:10E1E000A4F854309DF895209DF8943043EA02231A
:10E1F000C3F30B03A4F856309DF8AF209DF8AE3062
:10E200001B0443EA02639DF8AC2013439DF8AD2044
:10E2100043EA022323F04043A3659DF8B3209DF811
:10E22000B2301B0443EA02639DF8B02013439DF80B
:10E23000B12043EA0223C3F31303E3659DF8B7203B
:10E240009DF8B6301B0443EA02639DF8B4201343E3
:10E250009DF8B52043EA0223C3F3150323669DF816
:10E26000BB209DF8BA301B0443EA02639DF8B82036
:10E2700013439DF8B92043EA0223C3F315036366F1
:10E280009DF8BF209DF8BE301B0443EA02639DF851
:10E29000BC2013439DF8BD2043EA0223C3F31503BA
:10E2A000A3669DF8CD209DF8CC3043EA0223C3F34A
:10E2B0000E03A4F86C309DF8DD209DF8DC3043EAB5
:10E2C0000223C3F30B03A4F86E3033E602AB0093D2
:10E2D000282300224FF44021FFF7B7FB54E6FF2329
:10E2E00023776377A377E37729E6000000B583B04F
:10E2F000036D9B7B012B0BD0032B10D100910523C9
:10E3000004224FF4F011FFF7A0FB03B05DF804FB0B
:10E310000091052300220549FFF797FBF5E70091DF
:10E32000052300226021FFF790FBEEE704001800B0
:10E3300010B582B04FF400440194049C0094FFF7A0
:10E3400006FB02B010BD00B585B08DF80C301B0A7D
:10E350008DF80D3003AB0093022392B2FFF7E8FF74
:10E3600005B05DF804FB08B50B4600224FF46021B0
:10E37000FFF7E9FF08BD08B50B4600227C21FFF737
:10E38000E2FF08BD08B5012902D0052907D008BD64
:10E3900041F6220300220549FFF7D5FFF7E74FF4C6
:10E3A000007300220149FFF7CEFFF0E704001100DF
:10E3B00038B505460C4641F400739BB200224FF479
:10E3C0003021FFF7C0FFA3B200224FF430212846CE
:10E3D000FFF7B9FF38BD000070B504460E460C4D7E
:10E3E000012300222946FFF7AEFF334600220949E8
:10E3F0002046FFF7A8FF0223002229462046FFF708
:10E40000A2FF002204492046FFF729FB70BD00BF90
:10E4100008000B0004000B0010000B0010B584B0C6
:10E420008DF80C301C0A8DF80D401C0C8DF80E4038
:10E430001B0E8DF80F3003AB0093042392B2FFF74D
:10E4400077FF04B010BD38B5044689B900222821F1
:10E45000FFF705FB054601224FF460212046FFF738
:10E4600053FB2B1A002228212046FFF7D7FF38BD87
:10E4700000222821FFF7F3FA054601227C212046DD
:10E48000FFF742FB2B1A002228212046FFF7C6FF88
:10E49000EDE738B505460C4600224FF48031FFF712
:10E4A000DEFA000D0005C4F31303034300224FF40A
:10E4B00080312846FFF7B2FF38BD000008B529B902
:10E4C000054B02220549FFF7A9FF08BD044B0222B4
:10E4D0000249FFF7A3FFF8E77408D200100011000B
:10E4E0007488D20438B505460C4600224FF4A021AA
:10E4F000FFF7B5FA20F47C3314F0010F18BF43F492
:10E50000803314F0020F18BF43F4005314F0040FCB
:10E5100018BF43F4903300224FF4A0212846FFF7A0
:10E520007DFF38BD38B505460C460B6800220B4907
:10E53000FFF774FF6368002209492846FFF76EFF62
:10E54000A368002207492846FFF768FFE368002216
:10E5500005492846FFF762FF38BD00BF0C000200E6
:10E5600010000200140002001800020038B5054631
:10E570000C460B6800220B49FFF750FF636800222E
:10E5800009492846FFF74AFFA368002207492846A1
:10E59000FFF744FFE368002205492846FFF73EFFE6
:10E5A00038BD00BF1C000200200002002400020051
:10E5B000280002002DE9F84F0446354D354B05295A
:10E5C00018BF1D46344EA3F50273052918BF1E4619
:10E5D000324F03F5A073052918BF1F46304AA3F533
:10E5E000807305290CBF9046984602F51062A3F58A
:10E5F000885305290CBF914699462A4AA3F5AF6373
:10E6000005290CBF92469A46274B284A05290CBF7C
:10E610009B4693464FF4107300222549FFF7FEFEF8
:10E62000244B002224492046FFF7F8FE234B00220A
:10E6300023492046FFF7F2FE5B460022214920468F
:10E64000FFF7ECFE534600221F492046FFF7E6FE87
:10E650004B4600221D492046FFF7E0FE43460022BC
:10E660001B492046FFF7DAFE3B46002219492046A7
:10E67000FFF7D4FE3346002217492046FFF7CEFEAF
:10E680002B46002215492046FFF7C8FEBDE8F88F4B
:10E69000F69F0300FE5F0500FE9D03007E9C0300C5
:10E6A000FE8E03006E8703003E8003007E4005005F
:10E6B0001C0003004812491A20000300DB48B22D59
:10E6C000240003002C00030030000300340003008A
:10E6D000380003003C000300400003004400030036
:10E6E00008B500231A460249FFF798FE08BD00BF8F
:10E6F0000400070038B504460D4600231A460A49AF
:10E70000FFF78CFE00231A464FF4E0212046FFF766
:10E7100085FE05B938BD4FF0E0530022034920467D
:10E72000FFF77CFEF6E700BF480007001400070073
:10E7300070B506460C4615460021FFF7BFFE0F2DAB
:10E74000A8BF0F25631E032B28BF042410232341D9
:10E75000002207493046FFF761FE631E9B0005FA61
:10E7600003F3002203493046FFF758FE70BD00BF97
:10E770002800070018000800F0B583B0046DA47BE2
:10E78000032C0CBF4FF4981C4FF4901C9C18B4F54C
:10E79000806F19DA1D4616460F4604467F2B15D9A1
:10E7A0004FEA1C4300220D49FFF738FE2B4600229A
:10E7B0000B492046FFF732FE0097334600224FF404
:10E7C000E8112046FFF741F903B0F0BD0091134670
:10E7D0002A466146FFF739F9F6E700BF04001F003B
:10E7E00008001F0010B584B004AC04F8013D00948B
:10E7F000012392B2FFF79CFD04B010BD10B5044692
:10E80000036D9B7B012B13D0032B1DD1F023002222
:10E810001249FFF7E7FF00224FF4F0112046FFF7FF
:10E8200034F9236DDA7AA2B1C0F30900D88310BDA0
:10E830000F2300220949FFF7D5FF00224FF4C01132
:10E840002046FFF722F9ECE700224C21FFF71DF9E3
:10E85000E7E700F07F00D883E9E700BF1800010078
:10E8600010B50446036D9B7B012B04D0236D9B7B6D
:10E87000032B06D010BD0F2300220549FFF7B2FF7E
:10E88000F4E7F023002202492046FFF7ABFFF1E74F
:10E890001800010038B5044600231A464FF4202121
:10E8A000FFF751FD00231A4608492046FFF79AFF5B
:10E8B000074D00231A4629462046FFF793FF0223FF
:10E8C000002229462046FFF78DFF38BD14000A00BC
:10E8D00004000A0038B505460C46022300224FF416
:10E8E0007021FFF77FFF04B938BD012300224FF4E8
:10E8F00070212846FFF776FFF6E7000038B504469A
:10E900000B4600220A49FFF71EFD0A4D882300220C
:10E9100029462046FFF766FF00231A46294620466F
:10E92000FFF760FF002204492046FFF7EDF838BDED
:10E930000C000A0004000A0008000A0070B5044632
:10E940000B461546B1F5807F34BF002620260022F5
:10E950000B49FFF7F8FC2B4600220A492046FFF737
:10E9600041FF094D46F09003002229462046FFF75B
:10E9700039FF00231A4629462046FFF733FF70BDB2
:10E980000C000A0010000A0004000A0070B50446DA
:10E990000D461646002240F20B11FFF7CFFF4FF451
:10E9A00082712046FFF7AAFF00F01F024FF4827128
:10E9B0002046FFF7C3FF236D1A8A15431D82226D7F
:10E9C000138A13F4006F1CBF23F400631382236DBA
:10E9D0001B8A00224FF420212046FFF7B4FC334667
:10E9E000002202492046FFF7FDFE70BD14000A0018
:10E9F00008B50B4601222421FFF7F4FE08BD0000F4
:10EA000000B583B000910C2300220349FFF790FC6E
:10EA100003B05DF804FB00BF3400010000B587B00F
:10EA200013468A7A8DF808204A7A8DF809200A7AE6
:10EA30008DF80A20CA798DF80B208A798DF80C2080
:10EA40004A798DF80D200A798DF80E20CA788DF854
:10EA50000F208A788DF810204A788DF811200A78D6
:10EA60008DF8122000228DF813208DF814301B0A27
:10EA70008DF815300B7B8DF81630CB7A8DF817306A
:10EA800002AB009310230349FFF752FC07B05DF877
:10EA900004FB00BF34000100F0B583B05C18B4F58E
:10EAA000806F24DA1C4617460E4605467F2B15D983
:10EAB000142300220F49FFF7B1FC234600220E4920
:10EAC0002846FFF7ABFC0097334600224FF4E811CD
:10EAD0002846FFF72DFC002003B0F0BD00920B4646
:10EAE00022464FF4A011FFF723FC0020F4E74FF07B
:10EAF000FF30F1E704001F0008001F0010B582B0CE
:10EB00000446022301930022009213461321FEF7CC
:10EB10001EFF236D9A7B032A0CBF012203229A73E6
:10EB200002B010BD2DE9F041044600224FF4F81167
:10EB3000FEF7EAFF0546002244212046FEF78FFF3C
:10EB40000646236D0022DA8383F820209A619A8397
:10EB500083F821205A62236D5C62236D9F7B002F16
:10EB60007FD1236D9E61D4F8508098F8153003F062
:10EB70000303032B00F0908015F0800F40F093808A
:10EB800015F0010F40F0C18015F0400F0BD0636A03
:10EB900013B1206D183098474FF4C07302224421FE
:10EBA0002046FFF7D0FB15F0080F07D1236D9B7BA4
:10EBB000002B00F0EA80002F00F0E780236D002298
:10EBC00083F8202016F4802F00F0AD80226D92F89B
:10EBD000203043F0080382F820304FF4802716F0ED
:10EBE000805F08D0226D92F8203043F0100382F845
:10EBF000203047F0805716F4005F06D0226D537D19
:10EC000003F00303032B00F09A8016F4804F40F0CA
:10EC1000A28047F4DE43002244212046FFF7FEFB9A
:10EC20002046FFF71DFE206DC38B002B40F0A28015
:10EC3000437D03F00303032B00F09C80836923F4DE
:10EC400090438361226D936943F480539361E36938
:10EC500013B1206D18309847236D002283F82020CF
:10EC60008CE06D492046FEF74FFF0746236D9B7BE6
:10EC7000032B08BFC0F3071717F0010F18BF46F4A6
:10EC8000804617F0020F18BF46F4005617F0040F25
:10EC900018BF46F4806664E716F4005F1CBF45F0B9
:10ECA0000805EDB268E7002248212046FEF7EDFE98
:10ECB000A8F81C00236D1A7D1AB19A6912F0040F8E
:10ECC00003D19B8B03F460638BB1042300224421A6
:10ECD0002046FFF787FD4FF460630022482120465D
:10ECE000FFF731FB236A13B1206D18309847236D6D
:10ECF0009B8B13F4807F3FF443AF4FF4807300226B
:10ED000048212046FFF71FFB3AE7F8230022442161
:10ED10002046FFF767FD2369002B3FF435AF206DD8
:10ED20001830984730E716F4806F1FBF226D92F8B5
:10ED3000203043F0040382F8203000274FE792F898
:10ED4000203043F0020382F82030236D0022DA8362
:10ED500047F400475DE72046FFF750FD10F4004FF1
:10ED60003FF457AF226D92F8203043F0010382F850
:10ED700020304EE763690BB118309847236D9B7BB9
:10ED800003BB236D002283F8202015F0100F1DD146
:10ED900015F0200F2DD1002220492046FEF7B4FEA9
:10EDA000236D83F8210010F0030309D000221B49D2
:10EDB0002046FFF717FDA36A13B1206D183098475E
:10EDC000BDE8F0812046FFF799FEDAE7144B0022F8
:10EDD00044212046FFF722FB2046FFF741FDE3696F
:10EDE00013B1206D18309847236D002283F820203E
:10EDF000CEE70C4B002244212046FFF70FFB2046B4
:10EE0000FFF72EFDA36913B1206D18309847236DCD
:10EE1000002283F82020BEE718000100380011000E
:10EE2000009405340004221030B585B0089C8DF89C
:10EE300008301D0A8DF809501D0C8DF80A501B0E64
:10EE40008DF80B308DF80C40230A8DF80D30230C13
:10EE50008DF80E30240E8DF80F4048F20303019315
:10EE600002AB0093082392B2FEF771FD05B030BDEE
:10EE700000B583B04FF4803300934FF0FF3300228E
:10EE80000249FFF7D1FF03B05DF804FB0400110055
:10EE900070B582B004460E46134D4FF00823009320
:10EEA0004FF0FF3300222946FFF7BEFF4FF06013FB
:10EEB00000934FF0FF33002229462046FFF7B4FFAE
:10EEC0000A4B00934FF0FF3300224FF4E02120461D
:10EED000FFF7AAFF0EB902B070BD054B002205492D
:10EEE0002046FFF79BFAF6E748000700003C0002C7
:10EEF000001101011400070000B583B0054B009319
:10EF00004FF0FF3300220449FFF78EFF03B05DF896
:10EF100004FB00BF003C0002040007002DE9F043A1
:10EF200083B004460D461746564E00223146FEF782
:10EF300096FD81464FF4704300934FF0FF3300225B
:10EF400031462046FFF770FFDFF83C81182300228E
:10EF500041462046FFF7F7F925212046FFF728FA1A
:10EF600002212046FFF724FA4FF4FE712046FFF7F6
:10EF70001FFAF9B241F480712046FFF719FA4FF4F5
:10EF800080712046FFF714FA00212046FFF710FA9F
:10EF900002212046FFF70CFA4FF4E0712046FFF7FC
:10EFA00007FAE9B241F480712046FFF701FAC5F390
:10EFB000072141F480712046FFF7FAF9C5F30741B4
:10EFC00041F480712046FFF7F3F9290E41F4807176
:10EFD0002046FFF7EDF900212046FFF7E9F93A2135
:10EFE0002046FFF7E5F940F2FF112046FFF7E0F970
:10EFF0004FF485712046FFF7DBF900212046FFF72B
:10F00000D7F93A212046FFF7D3F940F20111204603
:10F01000FFF7CEF9022300224FF430212046FFF7FC
:10F0200092F900231A464FF430212046FFF78BF95E
:10F030000220F0F70FF93A212046FFF7B9F94FF413
:10F0400081712046FFF7B4F9022300224FF43021EA
:10F050002046FFF778F900231A464FF43021204666
:10F06000FFF771F900231A4641462046FFF76BF976
:10F070004B46002231462046FFF7D0F903B0BDE8E9
:10F08000F08300BF4400070008000B00F0B583B018
:10F09000002423460126072702E00134092C09D069
:10F0A00006FA04F50D42F8D004EB440507FA05F51D
:10F0B0002B43F2E71A400092DB4300224FF4A021D9
:10F0C000FFF7B2FE03B0F0BD00B583B07F2A88BF62
:10F0D000803241EAC32141EA02410091034B002200
:10F0E0002021FFF7A1FE03B05DF804FB00F400FC53
:10F0F00000B583B000920B4600224421FFF794FE36
:10F10000002003B05DF804FB00B585B08DF80C302D
:10F110009DF818308DF80D3048F20103019303ABD0
:10F120000093022392B2FEF712FC05B05DF804FBD7
:10F1300070B582B004460D4659B11646402300937F
:10F14000FF2300221021FFF7DFFF022D07D1E66029
:10F1500005E000220092BF231021FFF7D5FF236DA9
:10F160001D7502B070BD000030B583B004460D4679
:10F1700011F0010F15D000230093EF2302224FF46A
:10F180006021FFF7C1FF236D9D75236D9B7D5B089B
:10F1900010D06B0800220E492046FFF723FB03B076
:10F1A00030BD10230093FF2302224FF46021FFF7AC
:10F1B000ABFFE8E701230093FF2300220449204628
:10F1C000FFF7A2FF226D937D43F002039375E6E7FC
:10F1D0002000010000B583B001230093FF2300222B
:10F1E0000249FFF791FF03B05DF804FB0400020041
:10F1F0002DE9F04F8BB00746DFF820820022414610
:10F20000FEF72DFC04907D4C002221463846FEF787
:10F2100026FC05907A4D002229463846FEF774FCFC
:10F220000690784E002231463846FEF718FC82469A
:10F230000790002274493846FEF711FC8146734B53
:10F2400000936FF07C53002241463846FFF7ECFDF7
:10F250004B46002231463846FFF7E0F85346DB00C4
:10F2600003F0380343F04003009386230022214635
:10F270003846FFF749FF0023032221463846FFF7AF
:10F28000B1FA4FF00009CDF80090FE234A46294616
:10F290003846FFF739FF4A463C213846FEF7DFFB88
:10F2A00008904A4640213846FEF7D9FB09904B4664
:10F2B0004A463C213846FFF7B1F84B464A464021C2
:10F2C0003846FFF7ABF8F5F7E1FE4FF0020B4C467E
:10F2D0004D464E46C846CDF80C90CA460EE0F5F7AE
:10F2E000D5FE039B002B00F08280BBF1010F00F0E4
:10F2F000818001230393BBF1010B43D05046F5F706
:10F30000D3FE1420EFF7B0FF4FF00409CDF800A0B2
:10F31000FE2352464FF440313846FFF7F5FE0123F5
:10F320000093FE2352464FF440313846FFF7ECFE7F
:10F33000524637493846FEF792FB58FA80F81FFAD2
:10F3400088F8C0F307231E44B6B2C0F307431D4438
:10F35000ADB204EB1064A4B2B9F10109D6D1C8F37F
:10F360008708C6F38706C5F38705C4F387045246AA
:10F3700044213846FEF773FB264B1842AFD0F5F711
:10F3800085FEB2E74FF00009089B00223C21384679
:10F39000FFF744F8099B002240213846FFF73EF86A
:10F3A0002B0403EB046303EB0623434400221A49B6
:10F3B0003846FFF733F8049B002218493846FFF718
:10F3C0002DF8059B00220D493846FFF727F8069BCC
:10F3D00000220B493846FFF705FA079B002209492E
:10F3E0003846FFF71BF848460BB0BDE8F08F4FF0EA
:10F3F0000009C9E76FF00509C6E700BF1400030064
:10F40000180003002C000300440003000000013832
:10F410004C00030000FF2734100003001400070015
:10F4200010B50446036D9B7D5B081AD0002212497B
:10F430002046FEF72AFBC0F3C403093B0F2B0CD870
:10F4400000F0010000280CBF05210921236D1B7A63
:10F45000012B02D02046FFF7ADF82046FFF7C8FE8B
:10F4600010BD012300220549FFF7BCF9226D937DF1
:10F4700043F002039375D9E7080001002000010062
:10F4800070B582B004460D460121FEF77BFF0021D6
:10F490002046FFF7FDFC2046FFF72EFDC5F30B03CA
:10F4A000002215492046FEF74EFF03230093FF2359
:10F4B000002212492046FFF727FE104E00252A465B
:10F4C00031462046FEF720FB10F0010FF7D1204611
:10F4D000FFF706F900212046FFF70CF90521204629
:10F4E000FEF750FF002206492046FEF70DFB00F014
:10F4F0003F0002B070BD00BF1C00080010000800F3
:10F500001C00070038B505460C46B1F8051049B196
:10F51000FFF7B6FFD4F80130002205492846FEF770
:10F520007DFF38BD237800220249FFF75BF9F1E740
:10F53000040001001C00070030B583B004460D46EE
:10F5400010230093FF2300220649FFF7DDFD2B4621
:10F55000022D38BF0223002228212046FEF75EFF3D
:10F5600003B030BD28000F0030B583B00446012938
:10F570001DD0022930D001230093FF230022264909
:10F58000FFF7C2FD254D4FF4000300936FF4807325
:10F59000002229462046FFF747FC002300937F23E3
:10F5A000022229462046FFF7AFFD03B030BD0521FA
:10F5B000FEF7E8FE4FF4817300934FF0FF33002213
:10F5C00017492046FFF730FC01220092FF23134920
:10F5D0002046FFF799FDE8E703230093FF2300226D
:10F5E0000D49FFF791FD0D4D4FF4000300936FF4AB
:10F5F0008073002229462046FFF716FC0023009363
:10F600007F23022229462046FFF77EFD0521204662
:10F61000FEF7B8FEC9E700BF0400110008001100A2
:10F620000800090030B583B0054602290ED0002439
:10F630000094FE2322461021FFF766FD2346224652
:10F6400014212846FEF77FFE03B030BD1446012387
:10F650000093FF2300221021FFF756FD23460022CE
:10F6600014212846FEF76FFEEEE700002DE9F04179
:10F6700082B005462A4C01230093FF230022214635
:10F68000FFF742FD10230093FF2300222146284666
:10F69000FFF73AFD03244FF01408224F002640469E
:10F6A000EFF7E2FD324639462846FEF72DFA0128EB
:10F6B00034D0631E13F0FF04F1D16FF00204184E32
:10F6C00000231A4631462846FFF78CF80123002212
:10F6D00014492846FFF786F801230093FF230222EE
:10F6E00031462846FFF710FD00220F492846FEF755
:10F6F000B6F96FF06043984208BF6FF00304002230
:10F700000A492846FEF7ABF96FF06043984214BFF0
:10F7100020466FF0040002B0BDE8F0810024CEE77F
:10F720000C00040020000400140004001C0004006D
:10F730002DE9F04383B00546884617461C46EFF78F
:10F7400047FD0646022C19D0042C17D004F0FD0307
:10F75000012B3FD04FF00009CDF800906FEA08036D
:10F760004A463C212846FFF75FFBCDF80090FB435B
:10F770004A4640212846FFF757FB0BE0434600224C
:10F780003C212846FEF74AFE3B46002240212846FF
:10F79000FEF744FE033CE4B2012C2DD900223C21AB
:10F7A0002846FEF75CF90346002244212846FEF76E
:10F7B00035FE002240212846FEF751F9034600227B
:10F7C00048212846FEF72AFE3046EFF719FD03B020
:10F7D000BDE8F083CDF800804FF0FF3300223C21DC
:10F7E0002846FFF721FB00974FF0FF33002240210E
:10F7F0002846FFF719FBCDE710210091FF230222D5
:10F800002846FFF781FCC9E700B583B000290BBF8C
:10F81000FF23F72300220822009201221021FFF784
:10F8200073FC03B05DF804FB10B584B0BDF818405C
:10F830008DF80C301B0A8DF80D308DF80E40240A1F
:10F840008DF80F4048F20203019303AB00930423A9
:10F8500092B2FEF77CF804B010BD000030B583B062
:10F8600005460C46036D59750B0303F430430093B2
:10F8700044F6FF7300221021FFF7D6FF04F00304C3
:10F88000032C0CBF044B054B002205492846FEF70C
:10F89000C5FD03B030BD00BFCC355FAF4C585FAF86
:10F8A0000C00060030B583B0044611F0010F1FD0E4
:10F8B0000D464FF4107300936FF47C6300224FF4F5
:10F8C000A021FFF7B1FA4FF4040300934FF0FF3388
:10F8D000002218492046FFF7A7FA15F0020F1AD1A7
:10F8E0004FF48873002214492046FEF797FD10E07C
:10F8F000002500956FF47C632A464FF4A021FFF7A2
:10F9000093FA00954FF6FF632A460B492046FFF70E
:10F910008BFF03B030BD084D084B0022294620461E
:10F92000FEF77CFD4FF48873002229462046FEF73F
:10F9300075FDEEE7040011001800110010010F0022
:10F94000F0B583B00446012909D01420EFF78CFCF0
:10F950002046FFF78BFE0546284603B0F0BD0F4E4C
:10F9600000223146FEF791F8074640F20713009354
:10F970004FF6FF73002231462046FFF755FF142053
:10F98000EFF772FC2046FFF771FE05460022009259
:10F990003B4631462046FFF747FFDDE748000700BA
:10F9A00000B583B0012A09D0CB43002200929BB25C
:10F9B0000649FFF739FF03B05DF804FB00914FF6ED
:10F9C000FF7300220149FFF72FFFF4E70C00050049
:10F9D000F0B583B004460F4616461D4648F2400374
:10F9E00000934FF6FF7300221849FFF71DFFAA1975
:10F9F00043F201039A4215DC7F2D1DD91523002205
:10FA000013492046FEF70AFD2B46002211492046E5
:10FA1000FEF704FD0097334600224FF4E81120461C
:10FA2000FEF713F80022009247F6BF7307492046FD
:10FA3000FFF7FAFE03B0F0BD009733462A464FF4B5
:10FA4000A8112046FEF701F8ECE700BF0400110002
:10FA500004001F0008001F002DE9F04F83B004468A
:10FA60000D4691F800900B79182B14D8CF78182FE9
:10FA700094BF00270127FFB2EB79012B0CBF1021A7
:10FA800000216B78013B062B10D8DFE803F0060F4E
:10FA90000F120C0F09000127EDE74FF0400A0AE0B2
:10FAA0004FF0480A07E04FF0800A04E04FF4807AF4
:10FAB00001E04FF0200A226D138A23F0E003138245
:10FAC000236DEA79DA722E7BB31C01269E401FFA61
:10FAD00086F8226DCA4B03FB08F3DB0B5382236DC0
:10FAE000EA7A5A752B7A5B0103F020036A7B43EABA
:10FAF0000243EA7A120302F4304213430B430093A9
:10FB0000C04B002210212046FFF78EF9002F40F055
:10FB1000FE80EB7ABBB16B7B012B287B94BF032269
:10FB200004221021B84B33F81000FDF7F3FE0AEB66
:10FB3000C80A00F07F0000904FF680730222B3499C
:10FB40002046FFF771FE94230093B14B0022B14988
:10FB50002046FFF769F9BAF1FF0F40F30381226DE8
:10FB6000138A43F0200313824FF4006300934CF692
:10FB7000FF730022A8492046FFF756FE6B7B012B3E
:10FB800000F0FB80AB7843F010030093FC230022CD
:10FB90004FF4C0212046FFF7B7FA731EDBB20022F4
:10FBA0004FF400312046FEF71DFE6B78072B0CBF8B
:10FBB000082100212046FEF71BFFEB7A03F0030328
:10FBC000032B0CBF954B964B002296492046FEF71F
:10FBD00025FC002294492046FDF741FF20F4FF5008
:10FBE00020F01F00B9F1090F08BF40F001002A7989
:10FBF000120202F4F852EB78DB00DBB21A436B79A5
:10FC00005B0003F0060313430343002286492046AA
:10FC1000FEF704FCAA796B781B0343EA8223009366
:10FC20006FF47443002220212046FFF7FDF8B5F859
:10FC3000093023B96FF07E036B720023AB72B5F805
:10FC4000093002224FF4C0212046FEF77CFB02223D
:10FC500076492046FDF758FF236DDB7B4B4500F0CE
:10FC60009680032800F09780B9F1090F00F0988082
:10FC70006F4B00934FF0004300226E492046FFF780
:10FC8000D3F841F63C7300224FF410212046FEF7D2
:10FC90005AFB1423012268492046FEF7A3FD0E23D8
:10FCA000022266492046FEF79DFD81230022644919
:10FCB0002046FEF797FD00260096FC2303226149AB
:10FCC0002046FFF721FA0223324644212046FEF760
:10FCD00089FD01212046FFF747FC4FF0320B4FF022
:10FCE0001408374644264046EFF7BEFA3A463146F6
:10FCF0002046FDF709FF10F0020F40F0AF800BF136
:10FD0000FF3313F0FF0BEED16FF00100E6E0226D40
:10FD1000138A43F0600313824FF4C05300936FF4CF
:10FD2000405300223C492046FFF77EF840F206335C
:10FD3000002245492046FEF771FB00231A4643493D
:10FD40002046FEF76BFB424B002230492046FEF76F
:10FD500065FB9D2300932E4B00222E492046FFF782
:10FD600063F80BE74FF4205300934CF6FF73002227
:10FD700029492046FFF758FD00E7AB780093EC23B4
:10FD800000224FF4C0212046FFF7BEF905E7032803
:10FD90007FF46AAF65E002212046FFF7E5FB63E7E9
:10FDA0002C4B00934FF00043002222492046FFF7DE
:10FDB0003BF840F63C7300224FF410212046FEF73A
:10FDC000C2FA66E74FF4807300934FF6FF73002288
:10FDD00011492046FFF728FD226D138A43F00803DE
:10FDE000138250E000220092FE231B492046FFF7B9
:10FDF0008BF952E001212046FFF7A2FD6BE000BF26
:10FE000068660200CF4FFCFF1030030014000E00A4
:10FE100000FFFFBF18000E0008000B00CC355FAFDD
:10FE20004C585FAF0C0006000800010030000F00C6
:10FE30003411071C1C0007005000070018000700C1
:10FE400008000900040009000C000E0010000E005C
:10FE50000A5A0C003400011C18000300236D83F8BB
:10FE60000F902B79093BDBB20F2BBBD8236D1B7A8C
:10FE7000012BA7D049462046FEF79CFB226D138A32
:10FE800023F0080313824FF4C843009348F2FF1392
:10FE9000002214492046FFF7C7FCBAF1400FCCBF3F
:10FEA0004FF000534FF0A05300936FF07F430022B8
:10FEB0000D492046FEF7B8FF01230093FF230222DD
:10FEC0000A492046FFF720F9002209492046FDF79C
:10FED000C6FD00288ED02046FFF78AF903B0BDE8A2
:10FEE000F08F00BF18000300100006000C00040093
:10FEF000140004002DE9F04182B005460E46036D62
:10FF0000002B5BD02C6D0023A37302222282237569
:10FF10006375E3736372A37204212846FEF75CFAEB
:10FF2000074605212846FEF757FA80460A2128464B
:10FF3000FEF752FA2FB1B8F1000F02D080B20028BC
:10FF400041D120212846FEF747FAB0F5107F0CBFBB
:10FF500001230023237216F0100F43D116F0200F57
:10FF600046D116F0400F49D116F0800F4DD1A37A3B
:10FF70000BB98523A372637A0BB9742363721F21B3
:10FF80002846FEF729FA20731E212846FEF724FA98
:10FF900010F03F0012BF60732E236373637B002257
:10FFA00020492846FEF71EFC35212846FEF714FAA4
:10FFB000034680BB002002B0BDE8F0812820F4F7A2
:10FFC00085FD28659EE74FF4C06300934FF6FF73ED
:10FFD000002215492846FFF727FC238A43F0140323
:10FFE0002382AEE706212846FEF7F6F92060B5E742
:10FFF00007212846FEF7F0F96060B2E7082128469D
:020000023000CC
:10000000FEF7EAF9000C6072AEE709212846FEF718
:10001000E3F9A072ABE7002204492846FEF7FEF997
:10002000C8E700BF1400090008000B000400090025
:1000300030B583B005460C4671B121F00203013B97
:100040000F2B62D8DFE803F0116161246161612D3B
:10005000616161616161613A022101910022009256
:100060001346FDF774FC204610E0022301930022A2
:10007000009213460421FDF76AFC0322442128461E
:10008000FDF742FD10F0080F25D1002003B030BD70
:10009000022301930022009213460A21FDF757FC28
:1000A000EBE70021FEF7CFF9022301930022009233
:1000B000134608212846FDF74AFCDEE70121FEF73A
:1000C000C2F902230193002200921346062128461A
:1000D000FDF73DFCD1E702230193002100910B467F
:1000E0000A462846FDF733FC14F0020F02D04FF009
:1000F000FF30CBE7022101910022009213462846EF
:10010000FDF725FC4FF0FF30C0E74FF0FF30BDE7B3
:1001100070B582B00646022501950024009423465E
:1001200022461921FDF713FC336D9C731D821C754B
:100130005C75DC7302B070BD70B582B006460225F6
:10014000019500240094234622461821FDF7FFFB69
:10015000336D9C731D821C755C75DC7302B070BDC1
:100160002DE9F04F8DB0064615461C469C2900F23D
:100170009F80DFE811F0B909C409A100A600C10001
:1001800051019D0176015C01AE01B301BC01C501C5
:10019000CE01D701E001E501EE01720278027E0294
:1001A00089028F0295029A02A002A502AE02B7024E
:1001B000C002C9020403F902EE02D202E0021E03E9
:1001C000F8011A02390242025802BA08BF081503A0
:1001D00027032C0336033C03470352035B038603C8
:1001E0009D03A9030A03B503BF03D203F9030B045C
:1001F0004D0457047D048C04A7049504B104F7044E
:100200000F052F054405580561057D056A05920611
:10021000C1061107170722073B075B0765078F0712
:10022000BD07C607CC07D507E207EF07F9070208A5
:100230000B081608210827084A08550860086B08AB
:100240008D089808B108C5084F0959096409CC09F7
:100250006E09AE09B306030924093A0A2F0AD9091F
:10026000E409EF09FA09050A100A1B0A240A320CEC
:10027000690CA30CC50C2D0E410E4A0A570B890BB5
:10028000930B970B9B0BA50BB70BC10BD40BE80B78
:10029000220CDB0CE50CFD0C180D2D0D4D0D890D00
:1002A000A10DB70DC70DFC0EF60DEC0D080E000EDE
:1002B0004FF0FF3501F05CBEFDF728FB002501F093
:1002C00057BE0222C049FDF71FFC032802D80025B3
:1002D00001F04EBEEEF77CFF044602230193002599
:1002E00000952B462A4629463046FDF730FB20462E
:1002F000EEF786FF01F03CBE002C01F03D8624782D
:1003000014F01D0F63D014F0010F25D014F0020F6C
:100310004FF0020301934FF000020092134614BF06
:100320000D210321FDF713FB032244213046FDF785
:10033000EBFB10F0080F08BF002501F0198602231F
:100340000193002100910B460A463046FDF7FFFA63
:100350004FF0FF3501F00CBE14F0080F11D114F06E
:10036000100F21D114F0020F4FF0020301934FF050
:1003700000020092134614BF10210921FDF7E7FA8D
:10038000D2E70021FEF75FF814F0020F4FF00203EE
:1003900001934FF000020092134614BF0F21072172
:1003A0003046FDF7D4FABFE70121FEF74CF814F010
:1003B000020F4FF0020301934FF000020092134628
:1003C00014BF0E2105213046FDF7C1FAACE714F049
:1003D000200F10D014F0020F4FF0020301934FF0E2
:1003E000000500952B462A4614BF11210B21FDF76D
:1003F000AEFA01F0BDBD14F0020F4FF002030193FD
:100400004FF0000500952B462A4614BF0C21012110
:10041000FDF79DFA01F0ACBD002C01F0AF8523681B
:1004200000222821FDF7FAFF002501F0A1BD236875
:1004300000226649FDF7F2FF6368002264493046F6
:10044000FDF7ECFFA368002262493046FDF7E6FFA6
:10045000E368002260493046FDF7E0FF002501F027
:1004600087BD002C01F08C8523886568032D01F27F
:100470008985DFE805F002080F1600225749FDF7CD
:1004800062FF01F075BD02225449FDF75CFF0025B3
:1004900001F06EBD00225249FDF755FF002501F025
:1004A00067BD02224E49FDF74EFF002501F060BDF9
:1004B000002C01F0698523785B0003F006030093AC
:1004C0006FF0060300224749FEF7AEFC002501F05D
:1004D0004FBDFEF7CDFC002501F04ABD002C01F018
:1004E0005585036D1B7B2370002501F041BD002C59
:1004F00001F04E85036D5B7A2370002501F038BD55
:10050000002C01F04785036D9B7A2370002501F0D4
:100510002FBD002C01F04085036D1B682360002572
:1005200001F026BD002C01F03985036D5B68236066
:10053000002501F01DBDFEF7E1FA002501F018BD10
:10054000002C01F02D852168FDF7A3FF002501F0A7
:100550000FBD002C01F0268562682178FEF7E8FDCA
:10056000002501F005BD002C01F01E85656823788B
:1005700003224FF48031FEF735F94DB90022009285
:100580004FF2FF7310213046FFF74EF901F0F0BC37
:100590004FF4812300934FF0FF33002210213046A7
:1005A000FEF742FC002501F0E3BC00221146FDF7F6
:1005B00056FAB268136843405268134214BF4FF0B2
:1005C000FF35002501F0D4BC30000F0054000100BD
:1005D000580001005C000100600001000C000100F7
:1005E0001000010008000100002C01F0DF842178D8
:1005F000FEF7BAFD002501F0BBBC42B90022009213
:100600004FF2FF73D249FFF70FF901F0B1BC4FF47D
:10061000006300934FF6FF730022CD49FFF704F902
:10062000002501F0A5BC02F001024FF6FF734FF266
:10063000FF71002A08BF0B46D20215F0020F12BF4D
:1006400042F4805223F480539BB200920022C049AE
:10065000FFF7EAF8002501F08BBC1146FDF72EFFED
:10066000002501F085BC1146FDF73CFF002501F097
:100670007FBC002C01F09C840022B649FDF744FAAF
:100680002070002501F074BC2146FDF74BFF0025CA
:1006900001F06EBC2146FDF769FF002501F068BC42
:1006A000FEF798FD002501F063BC1146FDF782FFBF
:1006B000002501F05DBCFEF7B3FE002501F058BC3B
:1006C000002C01F077842178FFF7C8F8002501F0AD
:1006D0004FBC002C01F070842188FDF744FE0025FA
:1006E00001F046BC002C01F06984FDF7E0F92080A0
:1006F000002501F03DBC002C01F062842188FDF74B
:100700003AFE002501F034BC002C01F05B84FDF7BB
:10071000D5F92080002501F02BBC002C01F0548479
:10072000A388E288216800914FF4B011FDF700FE24
:10073000002501F01DBC002C01F04884A388E2884C
:10074000216800914FF4B011FDF77FF9002501F009
:100750000FBC002C01F03C84E388A2882168FEF7DE
:100760000BF8002501F004BC002C01F03384E38871
:100770002268A188FEF790F9002501F0F9BB114627
:10078000FFF756FC002501F0F3BB002C01F0248498
:10079000237962882188FEF797FC002501F0E8BBE9
:1007A000002C01F01B84FDF78FF92080002501F05B
:1007B000DFBB002C01F01484FDF7B4F920600025A4
:1007C00001F0D6BBFEF766F8002501F0D1BB002C86
:1007D00001F008846188FEF753FE2070002501F0C7
:1007E000C7BB2146FDF7BEF9002501F0C1BB002CB7
:1007F00001F0FA8301227021FDF731F92060002514
:1008000001F0B6BB002C01F0F18300227021FDF74E
:1008100026F92060002501F0ABBB009405230022DF
:100820007021FDF712F9002501F0A2BB002C01F0A8
:10083000DF83036D9B7B012B15D0032B1AD116226E
:100840004FF4F011FDF721F9C0F30D0083B213F45A
:10085000005F04D06FEA83436FEA934318B22080AD
:10086000002501F085BB02223B49FDF70EF9C0F3DC
:100870000D00EBE702223949FDF707F9C0F30D003F
:10088000E4E70094062300223549FDF7DEF894F9E9
:100890000130002B06DB637903F00103637100254F
:1008A00001F066BBFF23A370E37023716371F2E76D
:1008B000002C01F09F8301224FF00811FDF724F96D
:1008C0002070002501F054BB002C01F0958300221C
:1008D0004FF00811FDF718F92070002501F048BB12
:1008E000002C01F08B83A2882168FEF717FB0025FE
:1008F00001F03EBB002C01F083832568A4882246CA
:100900002946FEF70BFB21463046FDF765FD2D1A03
:1009100018BF4FF0FF3501F02BBB022A0FD0114C4E
:1009200000231A4621463046FDF75CFF02230022D1
:1009300021463046FDF756FF002501F019BB002384
:100940000093FE2301220249FEF7DEFBE7E700BF2A
:10095000080011001C000700140018001C000C0007
:1009600018000C0004000A00002C01F04B832488BE
:10097000E2B24FF48171FDF7E1FF220A40F2031168
:100980003046FDF7DBFF002501F0F2BA002C01F044
:100990003B83DFF8708310230093FF23002241463E
:1009A000FEF7B2FB4FF482713046FDF7A7FF00F06F
:1009B000E0052A464FF482713046FDF7BFFF45F04F
:1009C00004024FF482713046FDF7B8FF0220EEF7C3
:1009D00041FC4FF487713046FDF790FF074640F227
:1009E0000F113046FDF78AFF81462A464FF4827187
:1009F0003046FDF7A3FF00250095EF232A46414628
:100A00003046FEF781FB47EA0927278001F0B0BA9C
:100A1000002C01F0FB82A2782188FDF7B7FF0025AA
:100A200001F0A6BA002C01F0F3822468FDF732FF32
:100A30000120EEF70FFC03230093FF230022AF49B0
:100A40003046FEF761FB7CB93046FFF761FB0120C1
:100A5000EEF700FC336D00259D7302221A821D758E
:100A60005D75DD7301F084BA3046FFF765FBEEE794
:100A7000002C01F0CF82237803F03F03026D537303
:100A800000229F49FDF7AEFE002501F071BA002C4F
:100A900001F0C282036D5B7B2370002501F068BA10
:100AA0000121FEF7F5F93046FEF726FA012130461E
:100AB000FDF768FC0F2201213046FDF739FE0025C5
:100AC00001F056BA002C01F0A98262682168FDF796
:100AD0002FFE002501F04CBA002C01F0A182894DB7
:100AE00000222946FDF710F8804602230093FF23D9
:100AF000002229463046FEF707FB042300228249E4
:100B00003046FDF76FFE012300224FF400213046EE
:100B1000FDF768FE7D4F00252A4639463046FCF732
:100B2000F3FF10F0010FF7D000224FF0081130460C
:100B3000FCF7ABFF054600231A464FF40021304670
:100B4000FDF750FE00231A466F493046FDF74AFE76
:100B5000434600226B493046FDF744FE25800025C0
:100B600001F006BA002C01F05D822379026D927AC1
:100B70009B1A07EE903AF8EEE77A9FED657A67EEFA
:100B8000877AB3EE067A77EE877AC4ED007A00258D
:100B900001F0EEB9002C01F047822379026D527A00
:100BA0009B1A07EE903AF8EEE77A9FED5A7A67EED5
:100BB000877AB3EE007A67EE877ADFED576A87EEC1
:100BC000A67AF0EE087A77EE277AC4ED007A00254F
:100BD00001F0CEB9002C01F0298224680121FEF732
:100BE00057F93046FEF788F901213046FDF7CAFB78
:100BF00021463046FEF7A0FC002501F0B9B90025DA
:100C00000095EF232A464549FEF77EFA0521304636
:100C1000FDF7B8FB01213046FDF76CFD3046FDF7CE
:100C20005FFD01F0A5B900250095EF232A463B4959
:100C3000FEF76AFA01F09CB9002C01F0F9812168F5
:100C4000FEF77AFC002501F093B900223449FCF745
:100C50001CFFC0F30B0510F4006F18BF45F470457E
:100C60002DB22580336DB3F91230ED1A01F080B941
:100C7000002C01F0DF81D4F80490237A99F8132036
:100C8000FF2A00F0FE8093BBD9F80010FDF7B8FEF4
:100C900099F80C30B9F80E20D11899F81220002AD2
:100CA00040D199F8100000280BBF7F224FF48062DA
:100CB0004FF4B0154FF4A01599F81300121A023A28
:100CC000914200F2E780D9F80420009200222946E0
:100CD0003046FDF72DFBB9F80E3099F80C20D9F805
:100CE0000810009129463046FDF722FB2BE0B9F8A9
:100CF0000E20D9F80010FDF791FEC9E7040011009D
:100D00001400090048000700340007000400080030
:100D10006666863FCDCCCC3E00007F4328000F00A6
:100D200008000200012A40F0AF8099F81130002B32
:100D300040F2FF3308BF7F2399F813209B1A023B30
:100D4000994200F2A48099F81020531EDBB2012BC7
:100D500040D999F81130591EC9B2012947D9042B3D
:100D60004CD042EA43330022BA493046FDF756FBE5
:100D7000B9F80E30B84A02EAC31299F80C3003F001
:100D80007F0313430022B5493046FDF747FB01239B
:100D90000022B3493046FDF725FDDFF8C882002761
:100DA0003A4641463046FCF7AFFE10F0050FF7D04B
:100DB000054603460022AB493046FDF713FD05F01A
:100DC0003F0525F03003012B25D06BB223700025A1
:100DD00001F0CEB8336D9B7B032B01F0AF8199F806
:100DE00011305A1ED2B2012A12D90122B7E7336D4F
:100DF0009B7B032B0CBF02230123B2E7B9F80E1033
:100E00001029AED96FF00303E0E702221346A8E7EA
:100E100001221346A5E799F81230012BD5D199F894
:100E20001120531EDBB2012B1BD9032A0CBF4FF438
:100E3000A0174FF4B017D9F8042012B199F80C306C
:100E4000C3B9D9F808100029BFD0B9F80E30002B6B
:100E5000BBD099F80C20009139463046FCF7F5FDDF
:100E6000B3E7336D9B7B032B0CBF4FF498174FF404
:100E70009017E0E70092002239463046FCF7E5FD86
:100E8000DFE76FF00203A1E76FF001039EE74FF089
:100E9000FF339BE74FF0FF3398E7237AE179A2799C
:100EA000D20042EA41021343627943EA8213227973
:100EB00043EAC213E27843EA0223A27843EAC22358
:100EC000627843EA0233227843EA42339BB200223B
:100ED0006549FDF738FA002501F04AB8002C01F009
:100EE000AB80637833B15B08013BDBB22370002534
:100EF00001F03EB80023F9E700225C49FCF7AFFDA2
:100F0000C0F30B032380C0F30B40608000225849DC
:100F10003046FCF7A4FDC0F30B03A380C0F30B40E5
:100F2000E080002253493046FCF799FD2072000C06
:100F30006072002250493046FCF791FDC0F30B432C
:100F4000A381C0F30B00608100224C493046FCF7BE
:100F500086FDC0F30B43A4F80F30A073002248496C
:100F60003046FCF77CFD6074000CA07400224549FB
:100F70003046FCF774FDC0F30B03A4F81330C0F344
:100F80000B40A4F8150000223F493046FCF7BCFD99
:100F9000E075002500F0ECBF1146FDF79BFC002535
:100FA00000F0E6BF002C01F0498023880022374979
:100FB000FDF7C9F9002500F0DBBF002C01F04080EF
:100FC000256835B900231A463149FDF7BCF900F010
:100FD000CFBF6279237943EA022323F0F003002292
:100FE0002B49FDF7B0F9002500F0C2BF002C01F03D
:100FF000298023684BB9002500954FF6FF532A46F8
:101000001021FEF711FC00F0B3BF00223421FDF7E0
:1010100005FA4FF4007300934FF6FF73002210217E
:101020003046FEF701FC002500F0A2BF002C01F0C5
:101030000B806188FDF762FC2070002500F098BFEE
:10104000002C01F00380A2782188FDF777FC0025B1
:1010500000F08EBF4400010080FF01004800010045
:101060004C000100500001003000010004000F009E
:1010700008000F000C000F0010000F0014000F00FC
:1010800018000F001C000F0020000F0004000600D5
:101090001C001100D54BD64A012D18BF1346012D57
:1010A000D44918BF4FF00C11026D927B012A12D067
:1010B000032A17D1A2F5C012013A1A444FF4F011D5
:1010C000FCF7E3FCC00920802588003518BF012506
:1010D0006D4200F04DBF02221946FCF7D6FCC00954
:1010E0002080F1E70222FCF7D0FCC0092080EBE76A
:1010F000002C00F0AD872178FEF7D4FB002500F02E
:1011000037BF1146FEF730FA002500F031BF0094DA
:10111000042300221C21FCF798FC002500F028BFC6
:10112000002C00F0978702224421FCF7AEFCC0F3AC
:1011300000202070002500F01BBF002C00F08C87E1
:1011400000224421FCF7E0FC00F0010020700025A3
:1011500000F00EBF002C00F0818762882188FEF726
:1011600061FA002500F004BF009408230022042146
:10117000FDF7DEF8002500F0FBBE009408230022F6
:101180000421FCF762FC002500F0F2BE002C00F008
:101190006787238802220C21FDF7D5F8002500F08F
:1011A000E7BE002C00F05E87238800220C21FDF7AB
:1011B000CAF8002500F0DCBE2146FDF797F80025AF
:1011C00000F0D6BE036D9B7B012B0BD0032B12D1FD
:1011D0000094052320224FF4F011FCF736FC002583
:1011E00000F0C6BE0094052300228349FCF72DFCC5
:1011F000002500F0BDBE0094052300224FF44021DD
:10120000FCF723FC002500F0B3BE002504F8015BC9
:10121000009404232A466C21FCF717FC00F0A8BEBA
:10122000002C00F0218701226021FCF718FC2060CF
:10123000002500F09DBE002C00F0188700226021E0
:10124000FCF70DFC2060002500F092BE036D9B7B37
:10125000012B0BD0032B12D10094052328224FF42D
:10126000F011FCF7F2FB002500F082BE009405238C
:1012700000226249FCF7E9FB002500F079BE0094EA
:10128000052300225E49FCF7E0FB002500F070BE5C
:10129000002C00F0ED8600221C21FCF7E0FB206012
:1012A000002500F065BE002C00F0E4862588676804
:1012B000237A002B00F0E0863C4607EB83072946A3
:1012C0003046FDF789F844F8040B0135ADB2BC4255
:1012D000F5D1002500F04CBE002C00F0CF8621781F
:1012E000FDF786FB002500F043BEFEF7BFF905467B
:1012F00000F03EBE1146FEF723FB054600F038BE67
:10130000002C00F0BD86A5780121FDF73BF80021F7
:101310003046FDF7BDFD3046FDF7EEFD05F03F031D
:10132000002238493046FDF75DFA01230093FF2380
:10133000002235493046FDF7E7FE334F00252A46A7
:1013400039463046FCF7E0FB10F0010FF7D10022E0
:101350002E493046FCF799FB05463046FDF7C0F9AB
:1013600000213046FDF7C6F905213046FDF70AF8A1
:10137000C5F30B052580002500F0FABD0221FEF71C
:10138000F3F801213046FEF7EFF832244FF014084D
:10139000002744254046EDF767FF3A462946304688
:1013A000FCF7B2FB10F0020F05D1631E13F0FF042F
:1013B000F0D1012500E000256D4200F0D9BD002CE0
:1013C00000F0608623781B0303F4E0436278012A6F
:1013D00008BF43F4807300936FF4E24300220C498A
:1013E000FDF722FD002500F0C3BD00BF340018004A
:1013F0002C00180014000C00200018002800180011
:1014000008000C001C000700100008001400080071
:1014100014000700002C00F0378662682168FDF791
:1014200035FE002500F0A4BD002C00F02F86238897
:101430000022C449FCF787FF002500F099BD002C6D
:1014400000F0268662682188FEF7AAFA002500F0DF
:101450008FBD002C00F01E86657823788BB1036D5C
:1014600000229A734FF0FF3308227DB323F4806388
:101470000092002210213046FDF7D6FC002500F036
:1014800077BD036D01229A7318230022AE49FCF741
:10149000C5FFE8230022AD493046FCF7BFFF336D9E
:1014A0009B7D5B0803D06FF008030022DDE701237A
:1014B0000022A7493046FDF795F9326D937D43F040
:1014C000020393756FF008030022CEE742F48062B6
:1014D000CEE7002C00F0E085236800223021FCF7E5
:1014E0009DFF002500F044BD002C00F0D7850022B0
:1014F0002946FCF7B4FA2060002500F039BD2346E8
:1015000000222946FCF78AFF002500F031BD002C9F
:1015100000F0C68503228F49FCF7F6FAC0F30210EB
:101520002070002500F024BD002C00F0BB8523684E
:1015300000224421FCF772FF002500F019BD002CA9
:1015400000F0B285238800224821FCF7FCFE00252C
:1015500000F00EBD002C00F0A98500224421FCF70C
:101560007EFA2060002500F003BD002C00F0A0856D
:1015700000224821FCF789FA2060002500F0F8BC21
:10158000002C00F09785237800227349FDF72AF993
:10159000002500F0EDBC002C00F08E8500224421D7
:1015A000FCF7B2FA2070002500F0E2BC002C00F03D
:1015B0008585FDF723F92060002500F0D9BC002CBB
:1015C00000F07E8500226549FCF75FFA2080002547
:1015D00000F0CEBC002C00F0758500226049FCF7BD
:1015E0003EFA2060002500F0C3BC002C00F06C85A2
:1015F0002388C3F30D0300934FF44043002258495E
:10160000FEF712F9002500F0B3BC002C00F05E8557
:10161000A788D4F808B0237B0693226904926269F4
:1016200005920BF00302CBF38505052B47D1B7F5E7
:10163000B17F28BF4FF4B177DFF82C91042F05D884
:1016400009EB05035B78053B9F4240DB012A00F272
:10165000C880444B995C3E46B94280F2C480501C1D
:1016600053FA80F000230B449BB20132D2B2022A1B
:1016700005D010F8011BA6EB030C6145F3DB9F427C
:1016800008BF039500F0B48007F1050C1FFA8CFC2D
:10169000802600210791039108910520B8468742D2
:1016A00038BF8046A8F105081FFA88F8DFF8B4A013
:1016B000CDF824B0834620460C46864631E040F201
:1016C00031139F4228BF1F46DFF8A090B6E70023E2
:1016D000059A1380049AC2F800B098E0DDF824B0AF
:1016E00074460023059A1380049BC3F800B04FF0A2
:1016F000FF338CE01FFA80FB0792039508930124C7
:101700003F2D50D0002939D1013505F03F0519F89A
:10171000050003449BB29F4267D0013E16F0FF06CE
:10172000DCD0434524D9634522D2F81A00B2002800
:10173000B8BF40425845DDDD002CE1D07446079A21
:10174000089B55E0080005000C001F0010001F005A
:101750002000010054000300180001002C000500C7
:101760001C000E0004300300842F0300C42F03006C
:1017700084B96345C4D399B13F2D14D019F805102D
:101780005B1A9BB2691E01F03F0511F03F0118BFC3
:101790000121C0E7744619F805105B1A9BB227E0D7
:1017A0007446039524E0002C34D1032A36D0022A53
:1017B00009D01AF802105818B8420BDD0B449BB23E
:1017C0000132D2B2DAE706990929F2D174463F21F3
:1017D00003910DE0744683B20132D2B23F210391EE
:1017E00006E000234BE7002349E7744603953B4698
:1017F00005990B80039B42EA8303DBB21A0442EA99
:1018000003621A4342EA0323049A1360002323600D
:101810000025ADE37446079A089BE9E774463F212B
:101820000391E5E7002C00F0538427786478EDF706
:10183000CFFC0546022C0ED0042C0CD004F0FD0485
:10184000012C19D0FB4300220092DBB2C149304683
:10185000FDF75AFC05E03B460022BE493046FCF746
:10186000C1FF3B460022BC493046FCF7D7FD284665
:10187000EDF7C6FC00257BE30097FF230022B54966
:101880003046FDF741FCECE702230193002500956B
:101890002B462A461A21FCF75AF869E3FEF74CFC5E
:1018A000002565E3FEF734FC002561E30223019384
:1018B000002500952B462A461421FCF748F857E3EB
:1018C00002240194002500952B462A461521FCF799
:1018D0003EF8019400952B462A4615213046FCF728
:1018E00036F845E302230193002500952B462A464E
:1018F0001621FCF72CF83BE3002C00F0EB8332B907
:1019000000224FF4D011FCF7FFF8207030E30122E1
:101910004FF4D011FCF7F8F82070002528E3002CD4
:1019200000F0DA83247800224FF4D011FCF7ECF8B1
:1019300000F09F03234300224FF4D0113046FCF700
:1019400051FF002514E3002C00F0C883247812F026
:10195000FF051DD0012D40F0C383022501224FF465
:10196000D0113046FCF7D0F8A4B920EA0503DBB269
:1019700001224FF4D0113046FCF734FF0022102131
:101980003046FCF76CF810F4801F0AD00025EFE217
:101990000425E3E7012C40F0A68340EA0503DBB20F
:1019A000E6E74FF4801300934FF0FF33002210213D
:1019B0003046FDF739FA0025DAE2002C00F0968374
:1019C00023785B0303F4005300934DF6FF7300226A
:1019D0006249FDF729FF0025CAE2002C00F0888348
:1019E00025786268012A15BF6FF460336FF4E04315
:1019F000DF27EF2714BF4FF020084FF01008002416
:101A0000009422464FF4A021FDF70EFA00943B46C5
:101A1000224653493046FDF777FB012D02D055B1E0
:101A20000025A5E2254600943B4622464D49304616
:101A3000FDF76AFB9CE2CDF80080FF2300224949B4
:101A40003046FDF761FB93E2002C00F053832278CF
:101A500012F0010F2CD0570107F0400740244FF43B
:101A6000E01312F0040F27D043F4600344F0800425
:101A7000120102F0800217434FF400120092DB4380
:101A800000224FF4A0213046FDF7CEF9E443A4B282
:101A90000025009523462A4631493046FDF7C4FE0D
:101AA000009723462A462F493046FDF7BDFE5FE2E8
:101AB00000273C463B46D4E70022DFE7082300939B
:101AC000FF2301224FF48021FDF71EFB264C022349
:101AD0000093FF23032221463046FDF715FB002526
:101AE0000095F72301224FF480213046FDF70CFBCF
:101AF0000095FD23032221463046FDF705FB37E222
:101B0000002C00F0F9826388DB0003F4FF63227885
:101B10000AB143F4006300934FF2070300224FF42D
:101B200080213046FDF780FE002521E2002500954A
:101B30004FF6FF332A464FF48811FDF775FE17E282
:101B4000002C00F0DB8200220849FBF79EFF20807A
:101B500000250DE21C000100180001000C000E0021
:101B6000080005000C0005000800110048001100E5
:101B7000002C00F0C5822378012B6278A3784FEA0D
:101B8000C32343EA0223E27843EA4233227943EA59
:101B9000823303F47F430CBF02220022B649FCF7D4
:101BA000D2FB0025E4E1002C00F0AC8263682278CF
:101BB0003AB1C3F315030022B049FCF72FFC00250E
:101BC000D6E1C3F31503AE49FCF728FC0025CFE1AD
:101BD000002C00F09982237801249C40E4B2102369
:101BE0000093FF230022A749FDF78EFAE343A24F9B
:101BF00000250095DBB22A4639463046FDF784FAC7
:101C00000094FF232A4639463046FDF77DFAAFE1BE
:101C1000002C00F07B82227863789BB1002A40F090
:101C20009782002400946FF0C07322461021FDF7C4
:101C3000FBF80094944B22464FF4A0213046FDF768
:101C4000F3F817E0002A00F085824FF400450024E5
:101C500000946FF0C073224610213046FDF7E4F87F
:101C60000095894B22464FF4A0213046FDF7DCF861
:101C70004FF0C07400944FF0FF3300221021304623
:101C8000FDF7D2F8002573E1002C00F041822378A3
:101C90003BB900250095DF2303227C49FDF734FA88
:101CA00066E14FF0005300934FF0FF330022774975
:101CB000FDF7BAF800255BE1002C00F02B822378B9
:101CC0003BB9002500957F2303227149FDF71CFADB
:101CD0004EE180230093FF2303226D49FDF714FAA0
:101CE000002545E1002C00F01782E3B29A1C012385
:101CF0009340013BDBB200224FF40031FCF772FD50
:101D0000002535E1002C00F00982E37A002B00F079
:101D10000782637B012B207B94BF032204221021C6
:101D20005C4B33F81000FBF7F5FD00F07F000090EE
:101D30004FF68073022258493046FDF775FD942313
:101D4000002256493046FCF74DFD002510E1002CDD
:101D500000F0E88100225249FBF781FE2060002557
:101D600006E1002C00F0E08100224E49FBF777FEEF
:101D700020600025FCE0002C00F0D8814FF4A8136F
:101D800023600025F4E0002C00F0D28100250A95A4
:101D90000CAF192347F8043D009704232A46424913
:101DA000FCF7C6FA41F648730B93009704232A46C2
:101DB0003E493046FCF7BCFA0AAB009304232A469E
:101DC0004FF4E8113046FBF740FE0A9B2360CFE05A
:101DD000002C00F0AF8100223549FBF740FE80B2B5
:101DE0002060002233493046FBF739FE430D9B014A
:101DF0009BB263600025BBE0002C00F09D81637DF9
:101E000033B1012B62D0022B00F08980FF232FE039
:101E100000222949FBF723FEC0F30B0020600022BB
:101E200026493046FBF71BFEC0F315006060002218
:101E300023493046FBF713FEC0F31500A0600022D3
:101E400020493046FBF70BFEC0F31500E06000228E
:101E50001D493046FBF703FEC0F313002061032247
:101E60000F493046FBF750FEC0F3021020750023E7
:101E7000A37500257CE000BF3C0011004400110068
:101E80004000110048000700FF0FFCF728000F007A
:101E90001C0007001030030014000E0018000E0094
:101EA000540003004C000F0004001F0008001F0036
:101EB00048000C0028000C0058000C0030000C00FA
:101EC00034000C0038000C002C000C000022AA4941
:101ED000FBF7C5FDC0F30B0020600022A749304688
:101EE000FBF7BDFDC0F3150060600022A449304639
:101EF000FBF7B5FDC0F31500A06000224FF45021A0
:101F00003046FBF7ACFDC0F31500E06000229D49B0
:101F10003046FBF7A4FDC0F3130020619FE70022C9
:101F20009949FBF79CFDC0F30B0020600022974904
:101F30003046FBF794FDC0F3150060600022944921
:101F40003046FBF78CFDC0F31500A06000229149DC
:101F50003046FBF784FDC0F31500E06000228E4997
:101F60003046FBF77CFDC0F31300206177E70025C6
:101F700028460DB0BDE8F08F0025F9E70025F7E70A
:101F80000025F5E70025F3E70025F1E70025EFE759
:101F90000025EDE70025EBE70025E9E70025E7E769
:101FA0000025E5E70025E3E70025E1E70025DFE779
:101FB0000025DDE70025DBE70025D9E70025D7E789
:101FC0000025D5E70025D3E70025D1E70025CFE799
:101FD0000025CDE70025CBE70025C9E70025C7E7A9
:101FE0000025C5E70025C3E70025C1E70025BFE7B9
:101FF0000025BDE70025BBE70025B9E70025B7E7C9
:102000000025B5E70025B3E70025B1E70025AFE7D8
:102010000025ADE70025ABE70025A9E70025A7E7E8
:102020000025A5E70025A3E70025A1E700259FE7F8
:1020300000259DE700259BE7002599E7002597E708
:10204000002595E7002593E7002591E700258FE718
:1020500000258DE700258BE7002589E7002587E728
:10206000002585E7002583E7002581E700257FE738
:1020700000257DE700257BE7002579E7002577E748
:10208000002575E7002573E7002571E700256FE758
:1020900000256DE700256BE7002569E7002567E768
:1020A000002565E7002563E7002561E700255FE778
:1020B00000255DE700255BE7002559E7002557E788
:1020C000002555E7002553E7002551E700254FE798
:1020D00000254DE700254BE7002549E7002547E7A8
:1020E0004FF0FF3544E74FF0FF3541E700253FE76C
:1020F00000253DE700253BE7002539E7002537E7C8
:10210000002535E7002533E7002531E700252FE7D7
:1021100000252DE700252BE7002529E7002527E7E7
:10212000002525E7002523E7002521E700251FE7F7
:1021300000251DE700251BE7002519E799F8113058
:102140005A1ED2B2012A7EF660AE0222FEF707BE08
:10215000124D7CE5002400946FF0C07322461021DC
:10216000FCF762FE00940E4B22464FF4A02130464D
:10217000FCF75AFE7EE500BF20000D0064000C0055
:1021800068000C0060000C0068000D0040000D00AD
:1021900044000D0048000D003C000D000010000838
:1021A000FF0FFCF7F0B585B00446436B1968FDF7E7
:1021B000A1FE064623681B69984703AB002211461F
:1021C0002046FDF7CDFF636B9B6A19682046FDF73B
:1021D00043FC636B9B6A59682046FDF793F9636B78
:1021E0009B6AD9892046FCF7BEF8636B9B6A998984
:1021F0002046FCF7C0F800212046FCF74AF90025EC
:1022000000954FF6FF532A4610212046FDF70CFBA0
:10221000636B9B6A5A8919892046FDF703FA636B41
:102220009B6A1B8A02220C212046FCF78CF8636B08
:102230009B6A5B8A2A460C212046FCF784F8636B74
:10224000197A2046FDF72EFB636BD9682046FCF710
:1022500049F9616B0B7E4A6909692046FDF768FA06
:10226000636B9A7F998B2046FCF790FB226D537B22
:102270002E2B05D0636B93F82C3033F03F030AD03C
:10228000636B93F82C3003F03F035373002228490B
:102290002046FCF7A7FA636B93F82D102046FCF755
:1022A00063FF636B196A2046FCF73CF9636B596A5C
:1022B0002046FCF75BF9636B93F82E309BBB636B96
:1022C00093F82F102046FCF705FB94F94C50002D95
:1022D00026DB012303FA05F5AFB2164A394620463C
:1022E000FCF7D4FE0DF10A030093022300224FF401
:1022F000A0212046FBF7A9FBBDF80A3023EA05031D
:10230000ADF80A3000220C492046FCF71CF894F97D
:102310004D20B2FA82F2520939462046FDF740FBC1
:10232000304605B0F0BD2046FCF754FFC7E700BFBC
:0C233000140009009204200108000500C0
:10233C001203CADE0FFFFFFFC02D0300C82D0300E0
:10234C00FC2C0300C02C0300070006001303CADE9C
:10235C000FFFFFFFC02D0300C82D03003C2E030010
:10236C00002E0300070006001403CADE0FFFFFFF58
:10237C00C02D0300C82D03004C2F0300102F0300A9
:04238C000700060040
:10239000A02B030000000000902B030000000000B1
:1023A0007C2B030000000000802B030000000000D5
:1023B000A82B030000000000B42B03000000000065
:1023C000F825030000000303982B03000000000021
:1023D0000338FDD870470000030101002F70726FB1
:1023E0006A6563742F5372632F706C6174666F72C9
:1023F0006D2F646563615F7370692E630000000078
:102400002F70726F6A6563742F5372632F706C61E3
:1024100074666F726D2F706F72742E63000000000F
:1024200001000200000000000000000000000000A9
:102430000338FDD8704700000D0A00003D3D3D20E7
:102440004649524D57415245205354415254494EEA
:1024500047203D3D3D0D0A00000000000000000047
:102460000338FDD8704700005465726D696E616C69
:1024700000000000525454005345474745520000A5
:1024800050494E47000000005541525420494E49E2
:1024900054204641494C45440000000055415254E7
:1024A00020494E495420535543434553530000009F
:1024B0000F0000001B0000000400000005000000E9
:1024C000000000000000D601554152542050494EF2
:1024D00047205445535400005374617274696E6709
:1024E00020554152542070696E6720746573742EB4
:1024F0002E2E000050726573732053573220746F74
:102500002073656E642048656C6C6F20576F726C29
:10251000642E2E2E0000000048656C6C6F20576FF3
:10252000726C640D0A00000053656E743A204865B1
:102530006C6C6F20576F726C642028535732207078
:10254000726573736564290050494E472072656354
:10255000656976656421204F72616E6765204C4520
:1025600044204F4E000000004F72616E6765204CA2
:102570004544204F464600000000000000000000D7
:102580000338FDD870470000415353455254494F1A
:102590004E204641494C45442061742025733A251C
:1025A000750000004552524F52202575205B25735F
:1025B0005D2061742025733A25750D0A5043206112
:1025C000743A20307825303878000000456E642059
:1025D0006F66206572726F72207265706F72740020
:1025E000554E4B4E4F574E204641554C542061742A
:1025F0002030782530385800617070004261636B7C
:10260000656E647320666C75736865640000000015
:10261000556E6B6E6F776E206572726F7220636F8E
:10262000646500004E52465F535543434553530083
:102630004E52465F4552524F525F5356435F484198
:102640004E444C45525F4D495353494E470000009C
:102650004E52465F4552524F525F534F4654444587
:10266000564943455F4E4F545F454E41424C4544A9
:10267000000000004E52465F4552524F525F494E95
:102680005445524E414C00004E52465F4552524F07
:10269000525F4E4F5F4D454D000000004E52465F69
:1026A0004552524F525F4E4F545F464F554E440075
:1026B0004E52465F4552524F525F4E4F545F5355F4
:1026C00050504F52544544004E52465F4552524F6F
:1026D000525F494E56414C49445F504152414D0072
:1026E0004E52465F4552524F525F494E56414C49F9
:1026F000445F5354415445004E52465F4552524F39
:10270000525F494E56414C49445F4C454E475448F0
:10271000000000004E52465F4552524F525F494EF4
:1027200056414C49445F464C414753004E52465F28
:102730004552524F525F494E56414C49445F4441C5
:10274000544100004E52465F4552524F525F444141
:1027500054415F53495A45004E52465F4552524FCD
:10276000525F54494D454F55540000004E52465F4C
:102770004552524F525F4E554C4C00004E52465FF0
:102780004552524F525F464F5242494444454E00D3
:102790004E52465F4552524F525F494E56414C4948
:1027A000445F4144445200004E52465F4552524FEE
:1027B000525F4255535900004E52465F4552524FA8
:1027C000525F4D4F44554C455F4E4F545F494E4903
:1027D0005449414C495A4544000000004E52465F5E
:1027E0004552524F525F4D555445585F494E4954DA
:1027F0005F4641494C4544004E52465F4552524F58
:10280000525F4D555445585F4C4F434B5F464149CD
:102810004C4544004E52465F4552524F525F4D5513
:102820005445585F554E4C4F434B5F4641494C45CC
:10283000440000004E52465F4552524F525F4D5584
:102840005445585F434F4E445F494E49545F46419B
:10285000494C4544000000004E52465F4552524FDD
:10286000525F4D4F44554C455F414C524541445990
:102870005F494E495449414C495A454400000000C3
:102880004E52465F4552524F525F53544F5241474A
:10289000455F46554C4C00004E52465F4552524FE4
:1028A000525F4150495F4E4F545F494D504C454D2A
:1028B000454E5445440000004E52465F4552524F2B
:1028C000525F464541545552455F4E4F545F454E09
:1028D00041424C45440000004E52465F4552524F23
:1028E000525F494F5F50454E44494E47000000003B
:1028F0004E52465F4552524F525F4452565F5457B4
:10290000495F4552525F4F56455252554E000000A6
:102910004E52465F4552524F525F4452565F545793
:10292000495F4552525F414E41434B004E52465F14
:102930004552524F525F4452565F5457495F455279
:10294000525F444E41434B004E52465F4552524FF8
:10295000525F424C455F495053505F52585F504B55
:10296000545F5452554E4341544544004E52465FC5
:102970004552524F525F424C455F495053505F435E
:1029800048414E4E454C5F414C52454144595F458C
:1029900058495354530000004E52465F4552524F1F
:1029A000525F424C455F495053505F4C494E4B5F1C
:1029B000444953434F4E4E454354454400000000A4
:1029C0004E52465F4552524F525F424C455F49500E
:1029D00053505F504545525F52454A454354454424
:1029E0000000000000000000242603000100000099
:1029F0003026030002000000502603000300000000
:102A0000742603000400000088260300050000006F
:102A10009C26030006000000B0260300070000000B
:102A2000C826030008000000E0260300090000009B
:102A3000F82603000A000000142703000B00000022
:102A40002C2703000C000000442703000D000000A9
:102A5000582703000E0000006C2703000F00000041
:102A60007C270300100000009027030011000000E5
:102A7000A827030080000000B827030081000000A1
:102A8000DC27030082000000F82703008300000019
:102A9000142803008400000034280300850000008F
:102AA00058280300860000008028030090000000E2
:102AB0009828030091000000B8280300920000004D
:102AC000D828030000820000F028030001820000E3
:102AD00010290300028200002C290300008400005A
:102AE00048290300018400006C29030002840000CF
:102AF0009829030003840000C0290300FFFFFFFFA3
:102B0000FFFFFFFFFFFFFFFFFFFFFFFF00000000D1
:102B1000000000000000D601070100002F7573724D
:102B20002F6C6F63616C2F6E5246355F53444B5F61
:102B300031372E312E305F646464653536302F6353
:102B40006F6D706F6E656E74732F6C6962726172F7
:102B50006965732F756172742F6170705F75617232
:102B6000745F6669666F2E6300000000000000005D
:102B70000338FDD8704700000405160E505253006C
:102B80005350494D00000000000000500003005069
:102B90004750494F54450000636C6F636B00000061
:102BA000434C4F434B00000055415254000000007D
:102BB0001D3E020055415254450000005549020097
:102BC00000070E091C1B1215383F363124232A2D0D
:102BD00070777E796C6B6265484F464154535A5DFD
:102BE000E0E7EEE9FCFBF2F5D8DFD6D1C4C3CACDED
:102BF00090979E998C8B8285A8AFA6A1B4B3BABDDD
:102C0000C7C0C9CEDBDCD5D2FFF8F1F6E3E4EDEACC
:102C1000B7B0B9BEABACA5A28F88818693949D9ABC
:102C20002720292E3B3C35321F18111603040D0AAC
:102C30005750595E4B4C45426F68616673747D7A9C
:102C4000898E878095929B9CB1B6BFB8ADAAA3A48C
:102C5000F9FEF7F0E5E2EBECC1C6CFC8DDDAD3D47C
:102C6000696E676075727B7C51565F584D4A43446C
:102C7000191E171005020B0C21262F283D3A33345C
:102C80004E49404752555C5B7671787F6A6D64634C
:102C90003E39303722252C2B0601080F1A1D14133C
:102CA000AEA9A0A7B2B5BCBB9691989F8A8D84832C
:102CB000DED9D0D7C2C5CCCBE6E1E8EFFAFDF4F31C
:102CC000E1910200F9500200CD4D0200954E020044
:102CD000814E02005F4E02006D50020000000000B5
:102CE000000000000000000079670200D56A0200C1
:102CF00079660200BD710200C55C0200696D0200C8
:102D0000596302002D670200256202008D6C0200EB
:102D100099590200A96802007966020091620200D6
:102D2000BD900200FB500200BD710200C55C0200B4
:102D3000E950020000201D1C14120C0D0A0A07089D
:102D40000607050605050404040403030303020340
:102D50000203020303020202010201020102010155
:102D60000101010101010101010101010101010153
:102D700001010101000B0E120F0F0A0C09090708CF
:102D800006070506050504050404030403030303FD
:102D90000303020303020202020201020202020210
:102DA0000102010201010102010101010101010110
:102DB00000010101200D05000000000000000000DE
:102DC00044573358585800004457335858582044F3
:102DD000657669636520447269766572205665720E
:102DE00073696F6E2030362E30302E303700000081
:102DF0000004A8050008500B0010A11600200000D8
:102E00005DD70200A1930200CD4D0200954E020055
:102E1000814E02005F4E02006D5002000000000073
:102E200000000000000000000DA902003DAD0200FE
:102E300065AC020071B6020041A3020099AF020026
:102E4000B5A20200C1A802004DA00200BDAE020062
:102E5000899C02003DAA020065AC020041B5020057
:102E600019B40200A393020071B6020041A302004C
:102E70009193020000201D1C14120C0D0A0A070871
:102E800006070506050504040404030303030203FF
:102E90000203020303020202010201020102010114
:102EA0000101010101010101010101010101010112
:102EB00001010101000B0E120F0F0A0C090907088E
:102EC00006070506050504050404030403030303BC
:102ED00003030203030202020202010202020202CF
:102EE00001020102010101020101010101010101CF
:102EF00000010101200D050000000000000000009D
:102F00000004A8050008500B0010A11600200000C6
:102F1000A52103004DD90200CD4D0200954E0200BF
:102F2000814E02005F4E02006D5002000000000062
:102F30000000000000000000F1F0020009F80200AB
:102F400031F702006101030025EB020059FA02008B
:102F500099EA0200C9F0020079E70200D1F9020003
:102F6000EDE2020005F5020031F702003100030036
:102F7000F5FE02004FD902006101030025EB0200BB
:102F80003DD9020000201D1C14120C0D0A0A07086E
:102F900006070506050504040404030303030203EE
:102FA0000203020303020202010201020102010103
:102FB0000101010101010101010101010101010101
:102FC00001010101000B0E120F0F0A0C090907087D
:102FD00006070506050504050404030403030303AB
:102FE00003030203030202020202010202020202BE
:102FF00001020102010101020101010101010101BE
:1030000000010101200D050000000000000000008B
:0E3010000004A8050008500B0010A1160020B7
:103020002200000022001900330026003800002092
:103030000400002001000000FF000000000000006C
:1030400000200040000000000020004000000000C0
:083050000090D003640D002084
:040000031000F17583
:00000001FF
