:100000000000022075F101005DF101005FF10100C7
:1000100061F1010063F1010065F1010000000000E1
:1000200000000000000000000000000067F1010077
:1000300069F10100000000006BF101006DF10100A9
:100040006FF101006FF10100E9380200DD420200AA
:100050006FF101006FF10100615102006FF10100C9
:100060006FF101006FF101006FF101006FF101000C
:100070006FF101006FF101006FF101006FF10100FC
:100080006FF10100613002006FF101006FF10100BA
:10009000A13002006FF101006FF101006FF101006A
:1000A0006FF101006FF101006FF101006FF10100CC
:1000B0006FF101006FF1010000000000000000007E
:1000C0006FF101006FF101006FF10100F5420200D4
:1000D0006FF101006FF101006FF101006FF101009C
:1000E0006FF10100000000000000000000000000AF
:1000F000000000006FF10100000000000D4302004D
:1001000000000000000000000000000000000000EF
:1001100000000000000000000000000000000000DF
:1001200000000000000000000000000000000000CF
:1001300000000000000000000000000000000000BF
:1001400000000000000000000000000000000000AF
:10015000000000000000000000000000000000009F
:10016000000000000000000000000000000000008F
:10017000000000000000000000000000000000007F
:10018000000000000000000000000000000000006F
:10019000000000000000000000000000000000005F
:1001A000000000000000000000000000000000004F
:1001B000000000000000000000000000000000003F
:1001C000000000000000000000000000000000002F
:1001D000000000000000000000000000000000001F
:1001E000000000000000000000000000000000000F
:1001F00000000000000000000000000000000000FF
:020000021000EC
:10F00000354936480A1A02D0072291438D463449C1
:10F0100034480A1A06D00722914381F30988022254
:10F0200082F3148830483149314A00F044F83148BD
:10F030003149324A00F03FF831483249324A00F053
:10F040003AF832483249334A00F035F83248334909
:10F05000334A00F030F833483349344A00F02BF893
:10F0600033483449344A00F026F834483449002201
:10F0700000F02CF833483449002200F027F83348D8
:10F080003349091A082902DB002202604160314A33
:10F0900090471F481F49884205D00268043003B4D6
:10F0A000904703BCF7E700208646EC46002000218D
:10F0B000294A9047FEE7884207D0521A05D00378C4
:10F0C00001300B700131013AF9D17047884202D00A
:10F0D00002700130FAE770470000022000E00120D2
:10F0E0000000022000000220A07C0300000000209D
:10F0F0006C000020D0F10100D0F101008066030017
:10F10000A07C030000000020000000201467030022
:10F1100014670300146703001467030014670300F7
:10F120001467030014670300146703009E7C030048
:10F130000C7D03006C0000206C0000206C0000209F
:10F14000E0120020E0120020E8120020FC12002053
:10F15000FC3200209DF1010021FC0100FEE7FEE7EA
:10F16000FEE7FEE7FEE7FEE7FEE7FEE7FEE7FEE777
:10F1700000F002B8FFF7FCBF0F484FF007018843CB
:10F1800085460E4880470E48016841F470010160D1
:10F19000BFF34F8FBFF36F8FFFF732BF09480A49A4
:10F1A0000A4A884207D0521A05D0037801300B7002
:10F1B0000131013AF9D1704700000220B533020055
:10F1C00088ED00E01467030000000020000000202C
:10F1D00000B583B0094B1B88184605F01FFF034696
:10F1E0000193019B002B04D0044B1B88184605F0AB
:10F1F000EDFE019B184603B05DF804FB06000020FD
:10F2000000B583B00190019B002B05D0044B1B88F7
:10F210000121184605F06EFE00BF03B05DF804FB47
:10F220000600002000B585B00190019B002B0AD09C
:10F23000074B43F001030393019B9B010293039B44
:10F240000298984700E000BF05B05DF804FB00BFDE
:10F250002067030000B583B00190019800F003FC23
:10F2600000BF03B05DF804FB00B583B001900198C6
:10F27000FFF7D8FF00BF03B05DF804FB00B585B011
:10F280000190019B002B0AD0074B43F0010303932D
:10F29000019B9B010293039B0298984700E000BFEB
:10F2A00005B05DF804FB00BF5067030082B0019019
:10F2B000019B1B681F2B02D84FF0A04306E0019B67
:10F2C0001B6803F01F02019B1A60024B184602B034
:10F2D000704700BF0003005000B585B0019008469C
:10F2E00011461A4603468DF803300B468DF802305E
:10F2F00013468DF8013001AB1846FFF7D7FF039096
:10F300009DF803209DF802305B001A439DF8013000
:10F310009B001A439DF818301B0242EA03019DF836
:10F320001C301B04019A1943039B02F5E07243F859
:10F33000221000BF05B05DF804FB82B00190019B74
:10F340000722C3F8002500BF02B0704782B00190C9
:10F35000019B0022C3F8002500BF02B0704700B532
:10F360008FB003900291009313468DF8073000236D
:10F370000D93029B09939DF807300A93009B0B9312
:10F380009DF840300C93039B043309A900221846D2
:10F3900004F036FF0D900D9B18460FB05DF804FB8E
:10F3A00000B583B00190019B002B0AD04FF47A7016
:10F3B000FFF764FF019B013B0193019B002BF5D1FB
:10F3C00000E000BF03B05DF804FB000000B585B0AD
:10F3D000264B1B689B680393039B4FF080421A6186
:10F3E000039B4FF0A0525A61039B002283F82C200C
:10F3F000039B0293039B1C330193029B03221A700D
:10F40000029B01221A73029B194A5A60029B022234
:10F410001A72019B03221A70019B08225A70019BE9
:10F420001D229A70019BFF22DA70019B02221A7141
:10F43000019BFF225A71019B4FF080429A60019B11
:10F4400000221A73019B00225A730A4A6B46126803
:10F45000114619800233120C1A706B461946262089
:10F4600005F084FC00BF05B05DF804FB140000202B
:10F4700000F002402867030000B585B00190019BB1
:10F480005B6803930398FFF758FF0023184605B005
:10F490005DF804FB00B585B00190019B5B680393A8
:10F4A0000398FFF753FF0023184605B05DF804FBEF
:10F4B00000B583B0104B1B681A690F4B1B685A626A
:10F4C0000D4B1B6818460C4B1B6803F11C010023F5
:10F4D000002204F0B3F90190019B002B04D0074AED
:10F4E0008421019801F0FEFD0220FFF759FF00BFC3
:10F4F00003B05DF804FB00BF000000202C67030090
:10F5000000B585B01D4B1B685A691C4B1B685A62BD
:10F510001A4B1B681846194B1B6803F11C0100238A
:10F52000002204F08BF90390039B002B04D0144AB3
:10F530009621039801F0D6FD104B1B681B7F1846DF
:10F540000023019303230093002300220121FFF7EE
:10F55000C3FE0A4B1B685B7F1846002301930323FD
:10F560000093002301220121FFF7B6FE0220FFF7DE
:10F5700017FF00BF05B05DF804FB00BF00000020CE
:10F580002C67030000B589B0049103930346ADF8DE
:10F5900016301346ADF81430BDF81620BDF81430FF
:10F5A000134401330793079BC82B01D904235BE065
:10F5B00000BF2F4B1B6893F82C30002BF9D12C4B3C
:10F5C0001B6893F82C30112B01D111234CE0284BF0
:10F5D0001B68112283F82C20254B1B681846FFF767
:10F5E0004BFF244B0693BDF816301A460499069833
:10F5F00007F0A9FDBDF81630069A13440693BDF82E
:10F6000014301A460399069807F09DFDBDF8143092
:10F61000069A1344069301220AA9069807F093FD5F
:10F62000154B1B88184605F0EAFB144B00221A7094
:10F630000F4B1B681846079BDAB2079BDBB200939F
:10F640000F4B0C49FFF78BFE094B1B681846FFF761
:10F6500021FF094B1B88184605F0D1FB044B1B68A2
:10F66000002283F82C200023184609B05DF804FB23
:10F6700000000020A0000020040000209C000020CA
:10F680006801002000B589B0049103930346ADF8EA
:10F6900016301346ADF81430BDF81620BDF81430FE
:10F6A00013440793079BC82B01D9042351E000BFE3
:10F6B0002A4B1B6893F82C30002BF9D1274B1B6881
:10F6C00093F82C30112B01D1112342E0234B1B68FE
:10F6D000112283F82C20214B1B681846FFF7CCFE23
:10F6E0001F4B0693BDF816301A460499069807F08A
:10F6F0002AFDBDF81630069A13440693BDF814305F
:10F700001A460399069807F01EFD164B1B881846EB
:10F7100005F075FB144B00221A70104B1B6818463D
:10F72000079BDAB2079BDBB20093104B0C49FFF743
:10F7300016FE0A4B1B681846FFF7ACFE094B1B88E8
:10F74000184605F05CFB054B1B68002283F82C2053
:10F750000023184609B05DF804FB00BF000000203C
:10F76000A0000020040000209C0000206801002070
:10F7700000B589B0049103930346ADF816301346E3
:10F78000ADF81430BDF81620BDF8143013440793BB
:10F79000079BC82B01D9042363E000BF334B1B68D0
:10F7A00093F82C30002BF9D1304B1B6893F82C3098
:10F7B000112B01D1112354E02C4B1B68112283F82B
:10F7C0002C202A4B1B681846FFF756FE284B069341
:10F7D000BDF816301A460499069807F0B4FCBDF837
:10F7E0001630069A13440693BDF814301A460021C9
:10F7F000069807F0D1FCBDF81620BDF8143013446C
:10F8000007931C4B1B88184605F0F9FA1A4B002287
:10F810001A70164B1B681846079BDAB2079BDBB2BF
:10F820000093164B1249FFF79AFDBDF81630134AA4
:10F8300013440693BDF814301A460699039807F04E
:10F8400082FC0A4B1B681846FFF724FE094B1B88F5
:10F85000184605F0D4FA054B1B68002283F82C20CB
:10F860000023184609B05DF804FB00BF000000202B
:10F87000A0000020040000209C000020680100205F
:10F8800000B585B00190019B002B0AD0074B43F0D7
:10F8900001030393019B9B010293039B02989847EA
:10F8A00000E000BF05B05DF804FB00BF8067030007
:10F8B00082B00190019B1B681F2B02D84FF0A04320
:10F8C00006E0019B1B6803F01F02019B1A60024BBC
:10F8D000184602B0704700BF0003005000B585B065
:10F8E0000190084611461A4603468DF803300B4630
:10F8F0008DF8023013468DF8013001AB1846FFF742
:10F90000D7FF03909DF803209DF802305B001A4357
:10F910009DF801309B001A439DF818301B0242EA03
:10F9200003019DF81C301B04019A1943039B02F547
:10F93000E07243F8221000BF05B05DF804FB00B58B
:10F9400085B003900023019300230093002301223C
:10F9500001210398FFF7C2FF00BF05B05DF804FB6B
:10F9600000B585B003900B468DF80B309DF80B3039
:10F970000022019200220092002200210398FFF74A
:10F98000ADFF00BF05B05DF804FB00B585B0019088
:10F9900001AB1846FFF78CFF0390019B012202FA8E
:10F9A00003F31946039800F035F800BF05B05DF881
:10F9B00004FB00B585B0019001AB1846FFF778FF56
:10F9C0000390019B012202FA03F31946039800F009
:10F9D0002BF800BF05B05DF804FB00B585B00190C1
:10F9E00001AB1846FFF764FF0390039800F00AF894
:10F9F0000246019B22FA03F303F00103184605B007
:10FA00005DF804FB82B00190019BD3F810351846D5
:10FA100002B0704782B001900091019B009AC3F838
:10FA2000082500BF02B0704782B001900091019B91
:10FA3000009AC3F80C2500BF02B0704700B583B030
:10FA40000190019B002B0AD04FF47A70FFF718FF4A
:10FA5000019B013B0193019B002BF5D100E000BF0E
:10FA600003B05DF804FB00B583B001900198FFF787
:10FA7000E5FF00BF03B05DF804FB000000B583B0F4
:10FA800005F010F90190019B0093009B002B04D01E
:10FA9000044A4121009801F025FB00BF03B05DF846
:10FAA00004FB00BF5867030000B583B001900B460C
:10FAB0008DF8033000F054F800BF03B05DF804FB8C
:10FAC00000B585B0134A01AB1268114619800233A4
:10FAD000120C1A7001238DF8053001AB0E4A19463D
:10FAE000222005F097F90390039B0293029B002BC1
:10FAF00004D00A4A5721029801F0F4FA002122208A
:10FB000005F0F8F93320FFF71AFF00BF05B05DF8E4
:10FB100004FB00BF78670300A9FA010058670300DF
:10FB200008B51920FFF70BFF1920FFF742FF02204D
:10FB3000FFF784FF00211920FFF712FF0220FFF7D3
:10FB40007DFF00BF08BD08B53320FFF71EFFC820AA
:10FB5000FFF796FE3320FFF72CFF00BF08BD000023
:10FB600008B506E0074B1B68002B02D0054B1B684D
:10FB7000984700F009F80346002BF3D100BF00BFFF
:10FB800008BD00BF3002002008B5044B1B88184692
:10FB9000FFF723FF0346184608BD00BF06000020FC
:10FBA00000B585B00190019B002B0AD0074B43F0B4
:10FBB00001030393019B9B010293039B02989847C7
:10FBC00000E000BF05B05DF804FB00BFD067030094
:10FBD00000B583B00190019B002B0AD04FF47A70DE
:10FBE000FFF7DEFF019B013B0193019B002BF5D149
:10FBF00000E000BF03B05DF804FB000000B583B077
:10FC000001900199002000F099F90449002000F0CA
:10FC100095F900BF03B05DF804FB00BFA8670300BF
:10FC200008B500F09DF90949002000F087F903208C
:10FC300003F0C1FDFFF722FFFFF7C8FBFFF740FF0E
:10FC40000220FFF7C5FF01F037F9FEE7AC670300BC
:10FC500000B583B01F4B0193019B02221A61019BE7
:10FC600002225A61019B1C4A9A61019B1B4ADA617C
:10FC7000019B4FF480621A62019B00229A62019BF1
:10FC800000225A62019B0022DA62019B124A9A64A6
:10FC9000019B134ADA64019B10221A65019B002222
:10FCA0009A65019B00225A65019B0022DA65019B3F
:10FCB00007330C49184607F0A2FA019B0A49184677
:10FCC00007F09DFA019B20229A7100BF03B05DF8F6
:10FCD00004FB00BF34020020D8670300AC02002000
:10FCE000AC060020E4670300E867030000B589B0B4
:10FCF00003900291019200230693039BDB68059316
:10FD0000039B1B690493049A059B9A4205D9049AA4
:10FD1000059BD31A013B079307E0039B9A6804995C
:10FD2000059BCB1A1344013B0793039B9A68059BE1
:10FD3000D31A079A934228BF13460793079A019B49
:10FD4000934228BF13460793039B5A68059B1344AD
:10FD5000079A0299184607F0F6F9069A079B13448A
:10FD60000693029A079B13440293019A079BD31AA6
:10FD70000193059A079B13440593039B9B68059A7F
:10FD80009A4201D100230593039B059ADA60019BF7
:10FD9000002BB5D1069B184609B05DF804FB00B5F1
:10FDA00089B0039002910192039BDB680793039B48
:10FDB0009A68079BD31A0693069A019B9A420ED91A
:10FDC000039B5A68079B1344019A0299184607F04F
:10FDD000BAF9079A019B1A44039BDA601AE0069B62
:10FDE0000593039B5A68079B1344059A029918468A
:10FDF00007F0A9F9019A069BD31A0593039B58684B
:10FE0000029A069B1344059A194607F09CF9039B36
:10FE1000059ADA6000BF09B05DF804FB86B0019076
:10FE2000019B1B690493019BDB680393049A039B6A
:10FE30009A4208D8019B9A68039BD21A049B1344E8
:10FE4000013B059304E0049A039BD31A013B0593FD
:10FE5000059B184606B0704700B589B00390029123
:10FE60000192029B0693039B5A1C13465B001344AA
:10FE7000DB00204A13440593059B5B69022B29D0C4
:10FE8000022B2ED8002B02D0012B13D029E005988D
:10FE9000FFF7C4FF0490049A019B9A4202D2002308
:10FEA000079321E0019B0793019A06990598FFF7B4
:10FEB00076FF19E00598FFF7B1FF0490019A049BC3
:10FEC000934228BF13460793079A06990598FFF7B0
:10FED00066FF09E0019A06990598FFF707FF07906A
:10FEE00002E00023079300BF079B184609B05DF8A6
:10FEF00004FB00BF3402002000B587B003900291DC
:10FF000001920D4B1B78002B01D1FFF7A1FEEFF3FF
:10FF100011834FF0200181F311880593019A029912
:10FF20000398FFF799FF0490059B83F31188049BC6
:10FF3000184607B05DF804FB3402002000B585B018
:10FF400001900091009807F0A3F90390039A00999B
:10FF50000198FFF7D1FF0346184605B05DF804FB92
:10FF600008B5FFF775FE00BF08BD000000B585B0FD
:10FF70000190019B002B0AD0074B43F00103039330
:10FF8000019B9B010293039B0298984700E000BFEE
:10FF900005B05DF804FB00BF606E030082B0019005
:10FFA000019B1B681F2B02D84FF0A04306E0019B6A
:10FFB0001B6803F01F02019B1A60024B184602B037
:10FFC000704700BF0003005000B585B0019008469F
:10FFD00011461A4603468DF803300B468DF8023061
:10FFE00013468DF8013001AB1846FFF7D7FF039099
:10FFF0009DF803209DF802305B001A439DF8013004
:020000022000DC
:100000009B001A439DF818301B0242EA03019DF839
:100010001C301B04019A1943039B02F5E07243F85C
:10002000221000BF05B05DF804FB00B585B0039059
:100030000B468DF80B309DF80B3000220192002208
:100040000092002200210398FFF7BEFF00BF05B019
:100050005DF804FB00B585B00390002301930023F5
:1000600000930023012200210398FFF7ADFF00BF9A
:1000700005B05DF804FB00B585B0019001AB1846F2
:10008000FFF78CFF0390019A039B02F5E07253F88F
:100090002230DBB203F00103DBB2184605B05DF895
:1000A00004FB00B583B00190019B002B0AD04FF4F4
:1000B0007A70FFF75BFF019B013B0193019B002BD3
:1000C000F5D100E000BF03B05DF804FB84B00190FF
:1000D000019B002B02D16FF07F0312E0019B1B0CF0
:1000E0000293029B643B0393039B13F1800F02DA9C
:1000F0006FF07F030393039B002B01DD0023039329
:10010000039B184604B070472DE9F04F8DB009905D
:10011000099BDB6A1846FFF7D9FF0B90099B93F800
:100120003E2093F83F301B021343ADF82A30099B61
:100130009B8F9BB29B09ADF82830474BD3E908232E
:100140000B99C8170C460546161943EB0507424B99
:10015000C3E90867404BD3E90A230999C96A00201B
:1001600000910190DDE90045214651180291294690
:1001700043EB01010391384BDDE90212C3E90A1296
:10018000354BD3E90C23BDF82A1000208A4683465C
:1001900012EB0A01049143EB0B0305932E4BDDE9AF
:1001A0000412C3E90C122C4BD3E90E23BDF828101E
:1001B00000208846814612EB0801069143EB0903B3
:1001C0000793254BDDE90612C3E90E12224B1B6C87
:1001D0000133214A1364204B1B6C012B10D11E4AA2
:1001E0000B9B53641C4A0B9B93641B4ABDF82A303B
:1001F000A2F84C30184ABDF82A30A2F84E3027E059
:10020000154B5B6C0B9A9A4202DA134A0B9B5364B0
:10021000114B9B6C0B9A9A4202DD0F4A0B9B936425
:100220000D4BB3F84C30BDF82A209A4204D20A4A4A
:10023000BDF82A30A2F84C30074BB3F84E30BDF869
:100240002A209A4204D9044ABDF82A30A2F84E3036
:1002500000BF0DB0BDE8F08FC006002000B585B02E
:100260000190019B1B78022B4FD0022B5FDC002BEF
:1002700002D0012B52D05AE00DF10B03184602F0C8
:100280000BF90390039B002B53D1022003F02CFAAF
:100290000A20FFF706FF022003F038FA9DF80B3022
:1002A0000D2B03D09DF80B300A2B19D1234B1B8843
:1002B000002B29D0214B1B881A46214B0021995431
:1002C000012003F011FA6420FFF7EBFE012003F098
:1002D0001DFA1B4800F052FB184B00221A8013E055
:1002E000164B1B88FE2B0BD8144B1B885A1C91B243
:1002F000124A11801A469DF80B10114B995418E0C0
:100300000E4B00221A8014E013E00E4B4FF0FF3228
:10031000C3F88024094B00221A800BE0094B4FF0F0
:10032000FF32C3F88024054B00221A8002E000BF90
:1003300000E000BF00BF05B05DF804FBCC07002063
:10034000D00700200020004030B5CFB041AB4C9327
:1003500021A84FF0FF3302934FF0FF3301931B238B
:1003600000930F23AA4A802106F0E8FD21AB18462E
:10037000FFF744FCA748FFF741FC1B20FFF77BFE7B
:1003800003464B930F20FFF776FE03464A934FF048
:10039000A043D3F86C3749934FF0A043D3F83C37D0
:1003A000489321A8489B0493499B03934A9B02933B
:1003B0000F2301934B9B00931B23974A802106F048
:1003C000BDFD21AB1846FFF719FC944B0022C3F882
:1003D00000250A20FFF765FE0F20FFF73BFE1B20DC
:1003E000FFF738FE1420FFF75CFE03210F20FFF714
:1003F0001CFE0520FFF755FE1B20FFF73CFE0346C1
:100400004B930F20FFF737FE03464A934FF0A0436C
:10041000D3F86C3749934FF0A043D3F83C37489357
:1004200021A8489B0493499B03934A9B02930F2363
:1004300001934B9B00931B23794A802106F07EFD9C
:1004400021AB1846FFF7DAFB764B1BAC1D460FCDF0
:100450000FC495E8030084E803001D9A1E9B9DF8D5
:100460007C1021A80191009313466F4A802106F069
:1004700065FD21AB1846FFF7C1FB6C4B17934FF49A
:10048000807318936A4B19934FF480731A9317A9CA
:100490001BA80623674A01F06FFF03464C93419B5C
:1004A000002B20D15D4B4FF0FF32C3F880245B4B13
:1004B0000422C3F800250A20FFF7F3FD574B04225E
:1004C000C3F80423554BD3F80433479321A8479B23
:1004D000594A802106F032FD21AB1846FFF78EFB0A
:1004E0000A20FFF7DEFD6420FFF7DBFD419B21A81A
:1004F000524A802106F022FD21AB1846FFF77EFB11
:10050000419B002B48D1454BD3F814354693434BC0
:10051000D3F80C354593414BD3F8083544933F4B02
:10052000D3F8103543933D4BD3F80035429321A8BF
:10053000429B0393439B0293449B0193459B0093EF
:10054000469B3F4A802106F0F9FC21AB1846FFF795
:1005500055FB469B0F2B02D1459B1B2B0FD021A88F
:10056000459B0293469B01931B2300930F23354A1F
:10057000802106F0E3FC21AB1846FFF73FFB429BCE
:10058000042B09D021A8429B2F4A802106F0D6FCDB
:1005900021AB1846FFF732FB419B002B2FD0419B2C
:1005A00007A82A4A402106F0C9FC07AB1846FFF706
:1005B00025FB419A419B21A800931346244A8021A0
:1005C00006F0BCFC21AB1846FFF718FB00234D9347
:1005D0000EE0002003F088F83220FFF762FD0020D3
:1005E00003F094F83220FFF75CFD4D9B01334D93EF
:1005F0004D9B132BEDDD002003F076F805E0154848
:10060000FFF7FCFA1448FFF7F9FA00BF4FB030BD0E
:10061000F4670300286803007068030000200040AE
:10062000D06803000C6B030030690300D008002081
:10063000D00900205D020200686903009C69030084
:10064000CC690300086A0300546A0300986A030037
:10065000B46A0300E06A0300F06A030000B59BB0CF
:100660000390039806F014FE15900023189305A834
:10067000159B0093039B4E4A402106F05FFC05AB9F
:100680001846FFF7BBFA022003F02EF80023179359
:100690002CE04FF47A73199305E0199B013B1993F1
:1006A0000120FFF7E0F9039A179B13441B781846C3
:1006B00001F024FF0346002B02D0199B002BECD144
:1006C000199B002B0CD1022003F020F8002003F02E
:1006D0000BF83220FFF7E5FC002003F017F863E089
:1006E000189B01331893179B01331793179A159B87
:1006F0009A42CED34FF47A73199305E0199B013BCC
:1007000019930120FFF7AFF90D2001F0F7FE034622
:10071000002B02D0199B002BF0D1199B002B02D08B
:10072000189B013318934FF47A73199305E0199BC2
:10073000013B19930120FFF796F90A2001F0DEFE34
:100740000346002B02D0199B002BF0D1199B002BE4
:1007500002D0189B013318930520FFF7A2FC02205A
:1007600002F0D4FF05A8189B124A402106F0E6FBD0
:1007700005AB1846FFF742FA189B002B14D1002353
:1007800016930EE0002002F0AFFF6420FFF789FC13
:10079000002002F0BBFF6420FFF783FC169B0133AF
:1007A0001693169B022BEDDD1BB05DF804FB00BF1A
:1007B000246B0300486B030000B585B001906349CA
:1007C000019806F027FC039001238DF80B30A4E07C
:1007D00003225F49039806F0D4FB0346002B0DD19A
:1007E000039B0333184606F09EFC0346DAB2594BCE
:1007F0001A70584B1A78584B1A7089E005225749DD
:10080000039806F0BEFB0346002B1FD1039B053364
:100810005349184606F015FD0346002B06D14D4BF3
:1008200001225A704C4B01229A7171E0039B0533EF
:100830004C49184606F005FD0346002B68D1454B90
:1008400000225A70444B00229A7161E0032246490B
:10085000039806F096FB0346002B36D1039B033327
:10086000184606F060FC0346ADF80830394ABDF87A
:1008700008305380BDF80830402B03D1364B01229D
:100880005A7045E0BDF80830802B03D1324B052269
:100890005A703DE0BDF80830B3F5807F03D12E4B90
:1008A00009225A7034E0BDF80830B3F5007F03D157
:1008B000294B0D225A702BE0BDF80830B3F5806F3C
:1008C00026D1254B02225A7022E0042227490398A0
:1008D00006F057FB0346002B09D1039B043318464F
:1008E00006F021FC03469AB21A4B9A8110E00822C6
:1008F0001F49039806F045FB0346002B08D1039BD4
:100900000833184606F00FFC03461A46114B9A604E
:100910000E49002006F07EFB0390039B002B7FF422
:1009200057AF9DF80B30002B08D000F0F1F9094BC0
:1009300001229A730F48FFF791FE02E00E48FFF77D
:100940008DFE00BF05B05DF804FB00BF6C6B0300BB
:10095000706B03001800002028000020746B030057
:100960007C6B0300806B0300886B03008C6B0300BF
:10097000946B0300A06B0300AC6B03002DE9F04FF8
:10098000ADF52B7DAAABA3F517731860AAABA3F541
:10099000177394A83F22196806F011FB00238DF805
:1009A0008F320023A99319E094AAA99B13441B78C2
:1009B000602B10D994AAA99B13441B787A2B0AD8D0
:1009C00094AAA99B13441B78203BD9B294AAA99B53
:1009D00013440A461A70A99B0133A99394AAA99BB0
:1009E00013441B78002BDFD194ABAA49184606F0BC
:1009F00028FC0346002B07D094ABA749184606F005
:100A000020FC0346002B09D1A448FFF7F7F8A448BF
:100A1000FFF724FEA348FFF7F1F872E194AB092237
:100A2000A149184606F0ADFA0346002B03D19F48B2
:100A3000FFF714FE65E194AB04229D49184606F0C9
:100A4000A0FA0346002B08D094AB0B229949184614
:100A500006F097FA0346002B14D1AAABA3F517733F
:100A60002021186806F07EFAA890A89B002B03D0DE
:100A7000A89B0133A89301E08F4BA893A898FFF798
:100A80009BFE3EE194AB8D49184606F0DAFB034627
:100A9000002B07D094AB8A49184606F0D2FB0346D8
:100AA000002B1CD1874B9B7B002B03D18648FFF783
:100AB000D5FD26E1854B01221A7050220021844881
:100AC00006F06AFB012008F04BFC012008F028FC2E
:100AD000002008F0E3FB7F48FFF7C0FD11E194AB75
:100AE0007D49184606F0ADFB0346002B07D094ABBA
:100AF0007A49184606F0A5FB0346002B08D1734B34
:100B000000221A7008F0BCFB7548FFF7A7FDF8E05B
:100B100094AB7449184606F094FB0346002B08D0AA
:100B200094AB7149184606F08CFB0346002B40F04D
:100B30008F806E4808F022FC0023A7930023A49323
:100B40000023A6930023A593614B1B6C002B3FD081
:100B50005F4BD3E908015E4B1B6C00229A4693461B
:100B600052465B4606F00FF802460B461346A79323
:100B7000574BD3E90A01564B1B6C0022984691460D
:100B800042464B4605F0FFFF02460B461346A49330
:100B90004F4BD3E90C014E4B1B6C00221E461746EF
:100BA00032463B4605F0EFFF02460B461346A6933E
:100BB000474BD3E90E01464B1B6C00221C461546E1
:100BC00022462B4605F0DFFF02460B461346A5934F
:100BD0003F4B1B680F933E4B5B683D4A92683C4914
:100BE000C9683B4800693A4C6469394D6D6C384EB0
:100BF000B66C374FB7F84C701097354FB7F84E704A
:100C000011973A4FBF881297384FFF880DF1500C5B
:100C10000D97129F0C97A59F0B97119F0A97109FF6
:100C20000997A69F089707960695A79D0595049492
:100C300003900291019200930F9B2D4A4FF4007193
:100C4000604606F07BF914AB1846FFF707FD58E045
:100C500094AB2849184606F0F4FA0346002B07D057
:100C600094AB2549184606F0ECFA0346002B45D113
:100C700050220021164806F08FFA182200211B4846
:100C800006F08AFA012008F06BFB0548FFF7E6FC46
:100C900037E000BFB86B0300BC6B0300C46B0300FC
:100CA000EC6B0300F06B0300086C0300146C030092
:100CB000286C0300306C03003C6C0300406C0300A4
:100CC000486C030018000020546C0300100700203B
:100CD000C0060020686C0300746C03007C6C030089
:100CE000886C0300906C0300986C0300940700204C
:100CF000A46C0300706D0300746D03000348FFF7DC
:100D0000ADFC0DF52B7DBDE8F08F00BF806D0300BD
:100D100008B5084808F0A8FA0346002B03D0064897
:100D2000FEF76CFF05E0012008F01AFB012008F037
:100D3000F7FA08BD28000020906D030000B583B0CD
:100D400001900348FFF78AFC00BF03B05DF804FB85
:100D5000A06D030000B5A1B008F042FB1F901F9AE0
:100D6000504B1340002B00F099801F9B03F48043ED
:100D7000002B5AD008F046FB0346ADF87A30BDF898
:100D80007A307F2B00F28B80BDF87A30023B9BB229
:100D900000221946444808F0B5FA4FF4804008F0A4
:100DA0000DFB414B1D93414B1B78DBB2002B37D021
:100DB0003F4B1B6801333E4A13603D4B1B7F002BAA
:100DC00007D11D9B1B683A4A9361394B01221A7760
:100DD0001AE0374B9B6901331C931D9B1B681C9ABF
:100DE0009A420DD01D9B1B681C9A9A4208D2304B28
:100DF0005A681D9B19681C9BCB1A13442C4A5360DC
:100E00001D9B1B682A4A93616B46184608F09AFAA4
:100E10006B461846FFF778F9002008F03FFA3EE0ED
:100E20004FF4804008F0CAFA39E0204B1B78DBB25F
:100E3000002B27D01F9B03F40043002B04D01C4B36
:100E40009B6801331A4A93601F9B03F48053002B65
:100E500004D0174BDB680133154AD3601F9B03F4A2
:100E60000033002B04D0124B1B690133104A13616D
:100E70001F9B03F48013002B04D00D4B5B690133DF
:100E80000B4A53610B4808F099FA084B1B78DBB208
:100E9000002B04D0002008F001FA00E000BF21B0D0
:100EA0005DF804FB00D00534140700201007002073
:100EB000C00600200090053400B587B07B48FEF7DF
:100EC0009DFE002002F022FC012002F01FFC022007
:100ED00002F01CFC032002F019FC002002F004FCCC
:100EE0006420FFF7DEF8002002F010FC6420FFF71A
:100EF000D8F8002002F0F8FB6420FFF7D2F80020B9
:100F000002F004FC03210F20FFF78FF8FFF71CFA13
:100F1000012002F0E9FB022002F0E6FBC820FFF707
:100F2000C0F8012002F0F2FB022002F0EFFB642087
:100F3000FFF7B7F8012002F0D7FB022002F0D4FB44
:100F4000C820FFF7AEF8012002F0E0FB022002F01B
:100F5000DDFB4FF49670FEF786FD5548FEF74EFE1A
:100F60006420FEF780FD02F0A1F80290029B002BA6
:100F700016D1504A0121504802F0CCF80290029B51
:100F8000002B0DD14D4B00224FF4A031184602F03A
:100F9000F1F80290029B002B02D14948FEF72EFE89
:100FA000FEF7AEFAFEF7BCFD0220FEF75CFD4548F9
:100FB00008F0F0F808F03AF901900023059305E0F5
:100FC000059B013305930120FEF74DFD08F072F9F2
:100FD0000346002B03D1059BB3F57A7FF0D3059B25
:100FE000B3F57A7F1DD33848FFF738FB3748FEF753
:100FF00005FE002304930EE0002002F075FB322072
:10100000FFF74FF8002002F081FB3220FFF749F88C
:10101000049B01330493049B132BEDDD002002F0AD
:1010200063FB002008F014F90346B3F1FF3F1ED123
:101030002748FFF713FB2748FEF7E0FD0023039343
:101040000EE0002002F050FB3220FFF72AF80020CB
:1010500002F05CFB3220FFF724F8039B013303937B
:10106000039B132BEDDD002002F03EFB02E01A484B
:10107000FEF7C4FD032008F08FF9FFF749FE08F0E2
:10108000FFF86420FEF7EFFC1448FEF7B7FD144BA1
:101090001B78DBB2002B05D0FFF75CFE0120FEF7CA
:1010A000E2FCF4E76420FEF7DEFCF0E7A86D030045
:1010B000C06D03003D0D0200F0670300AC07002087
:1010C000D06D03009C670300F46D0300086E0300FD
:1010D000186E0300306E03003C6E03004C6E03007C
:1010E0001007002000B583B002900091019244F2F5
:1010F000010071466A4600F003F803B000BD00BF6E
:1011000030B58BB007900691059272B600BF00F023
:10111000DBFC00BF00F008FB0346002BFAD1079B65
:1011200044F20102934216D0079B44F2020293421A
:101130003ED1059B09932C4A2C4BD31ADB081B0488
:1011400043F00100099B5B681A46099B1B6828490C
:1011500000F0ADFA39E0059B0893234A234BD31ADC
:10116000DB081B0443F00104089B9D68089B9B68F7
:10117000184600F0C7FC03461846089B5B681946F2
:10118000089B1B68069A02920193009103462A4627
:101190001849204600F09FFA134A144BD31ADB0873
:1011A0001B0443F001031449184600F061FA0CE0F7
:1011B0000D4A0E4BD31ADB081B0443F00103069AB9
:1011C0000E49184600F062FA00BF0D4B1B6803F091
:1011D0000103002B00D000BE059A0699079800F085
:1011E000D9FC00BF0BB030BD04670300D466030018
:1011F000686E0300846E0300AC6E0300C06E0300D3
:10120000F0ED00E000B583B001900091019B1B68F8
:101210001B6800990198984700BF03B05DF804FB74
:1012200000B583B00190019B1B685B6801989847EB
:1012300000BF03B05DF804FB00B583B00190019BD3
:101240001B689B680198984700BF03B05DF804FBDA
:1012500082B00190019BDB6801225A7100BF02B08D
:10126000704782B00190019BDB685B79184602B041
:10127000704784B00190009100238DF80F30019BDE
:101280001B7803F00403DBB2002B24D0019B1B78F6
:10129000C3F30103DBB2012B02D0022B0CD017E009
:1012A000009B1B68019A1288C2F38312D2B21344C6
:1012B0009A1C009B1A600BE0009B1B68019A5288E5
:1012C000C2F3891292B213449A1C009B1A6000BFA9
:1012D00001238DF80F309DF80F30184604B0704789
:1012E00000B58BB00023ADF826303B4800F015FD6B
:1012F0003A4800F012FD3A4B9B680493394B1B6847
:101300000693049A069B134002339B00344A13440D
:101310000433089304AB19460898FFF7AAFF034665
:10132000002B09D0049A069B134002339B002C4AE1
:10133000134404330893EDE700BF0023079311E043
:10134000049B5A1C0492069A1340079A920001A922
:101350000A44234902339B000B445B681360079BDC
:1013600001330793079B012BEAD99DF80430C3F39F
:101370000103DBB2012B10D0022B1CD1BDF80A30C7
:10138000ADF82630BDF80630C3F389139BB20333A2
:101390009A08049B134404930EE0BDF80A30ADF89C
:1013A0002630BDF80430C3F38313DBB21A46049B26
:1013B0001344049300E000BF084800F0BAFC059015
:1013C000059B002B02D0049B054A9360BDF8263094
:1013D00018460BB05DF804FBB80F0020B40F0020D6
:1013E000A00B00203800002000B585B00021074880
:1013F00000F01CFC0390039B0293029B83F31003F9
:101400000193019B184605B05DF804FBBC0F00205A
:1014100000B589B00390029101920093039B1B0CCD
:101420000693FFF7E1FF0790079B1904009B5A1CE6
:101430000A9B1340069A0A431B4902339B000B4444
:101440005A60009A0A9B134002339B00164A1344C9
:1014500004330593039B03F00703D9B2059A13786D
:1014600061F3C5031370019B03F00F03D9B2059A12
:10147000138861F389131380029BC3F31501059A46
:10148000136861F39F231360059A1378012161F3B8
:1014900001031370059A13786FF38203137000BF72
:1014A00009B05DF804FB00BFA00B002000BF70472F
:1014B00000B58BB00390029113468DF80730039B63
:1014C0000233089301238DF81F30002000F05AFCEE
:1014D0003E4B5A68029B1A603D4B1A683B4B996819
:1014E0003A4B5B68CB1A13440133099314E0012192
:1014F000384800F0E2FBFFF7F3FE05900599354808
:1015000000F0DBFB324B1A68304B99682F4B5B685D
:10151000CB1A134401330993089A099B9A42E6D8DF
:101520009DF81F30002B48D0002304939DF807300E
:10153000002B17D09DF81030012262F301038DF8C3
:1015400010309DF8103043F004038DF81030039BE9
:1015500003F00F03DAB2BDF8103062F38913ADF86F
:10156000103016E09DF81030022262F301038DF86E
:1015700010309DF8103043F004038DF81030039BB9
:10158000C3F309039AB2BDF8123062F38F13ADF8BA
:1015900012300E4B5A680E4B1B68134002339B00EF
:1015A0000A4A134404330693049A069B1A60074BB5
:1015B0005A68089B1344054A5360002000F0EBFB77
:1015C0009DF81F3018460BB05DF804FBA00B0020FF
:1015D00038000020BC0F002000B58BB005900491AE
:1015E00003920293204B1B68079306AB0122194616
:1015F0000298FFF75DFF0346002B24D0069B0233C1
:1016000009930023089311E0089B9B00039A1A4456
:10161000099B591C099107990B4012681349023321
:101620009B000B445A60089B01330893089A029B65
:101630009A42E9D3069A079B00931346029A0499AB
:101640000598FFF7E5FE094B1B78002B05D000BF7E
:1016500000F06AF80346002BFAD1FFF727FF00BF1E
:101660000BB05DF804FB00BF38000020A00B002089
:1016700000B583B0019000910023002200990198E9
:10168000FFF7AAFF00BF03B05DF804FB00B587B009
:10169000039002910192019B059305AA01230299EF
:1016A0000398FFF799FF00BF07B05DF804FB00B592
:1016B00087B00390029101920093019B0493009BD9
:1016C000059304AA022302990398FFF785FF00BF40
:1016D00007B05DF804FB00B58BB003900291019256
:1016E0000093019B0593009B06930C9B07930D9B16
:1016F00008930E9B099305AA052302990398FFF707
:101700006BFF00BF0BB05DF804FB0000054B9A684F
:10171000044B5B689A420CBF01230023DBB21846DE
:10172000704700BFA00B002000B599B0FFF7EEFF97
:101730000346002B01D00023B9E19B4B0022C3F8E4
:101740001824BFF34F8F00BF974B9B680493974BB0
:101750001B681093049A109B134002339B00924A1B
:10176000134404331193002317930023169300238B
:101770000F9304AB19461198FFF77BFD0346002B2E
:1017800019D0894BD3F81834002B14D1864B5A68E2
:10179000049B9A4205D8844B5B68834A936000237C
:1017A00085E1049A109B134002339B007E4A134448
:1017B00004331193DDE70023159311E0049B5A1CB9
:1017C0000492109A1340159A920001A90A4476498E
:1017D00002339B000B445B681360159B0133159328
:1017E000159B012BEAD99DF8043003F00303DBB20B
:1017F000022B40F09C80BDF80630C3F389139BB2E6
:101800000D93BDF80630C3F389139BB2502B28BF4C
:1018100050239BB20C930C9BC3F309039AB2BDF8FF
:10182000063062F38F13ADF806300C9B08330B9330
:101830009DF80430C3F3C203DBB20F930B995C48ED
:1018400000F0B4FA1790179B002B00F0D380179884
:1018500000F03DFB01A9169B0822179800F0E1FB60
:10186000169B08331693049BDA43109B13400133F5
:101870009B000A930C9A0A9B9A4242D90A9B002B1E
:1018800008D0049A109B134002339B00464A13442D
:10189000043300E0474B08930A9B002B02D00A9BBD
:1018A000DBB201E00C9BDBB28DF81F300A9B002BF2
:1018B00001D0404B00E0002306930A9B002B06D08A
:1018C0000C9BDAB20A9BDBB2D31ADBB200E0002336
:1018D0008DF817309DF81F20169B0899179800F077
:1018E000A0FB9DF81F30169A13441693069B002BFD
:1018F00016D09DF81720169B0699179800F091FBBB
:101900000EE0049A109B134002339B00264A1344B6
:1019100004330993169B0C9A0999179800F081FBE0
:101920000D9B03339A08049B1344049362E09DF8D3
:10193000043003F00303DBB2012B5BD1BDF80430AC
:10194000C3F38313DBB2062B28BF0623DAB2BDF83C
:10195000043062F38913ADF80430BDF80430C3F3EA
:101960008313DBB202330E939DF80430C3F3C2033A
:10197000DBB20F930E9B9B0019460D4800F016FA40
:101980001790179B002B35D0179800F0A0FA01A9EB
:10199000169B0822179800F044FB169B08331693F9
:1019A000002315931DE000BFA00B0020380000208D
:1019B000E8120020AC0B0020049B5A1C0492109AE1
:1019C000134002339B003C4A1344191D169B04220A
:1019D000179800F026FB169B04331693159B0133D2
:1019E0001593BDF80430C3F38313DBB21A46159B7D
:1019F0009342E1D3179B002B39D02F4BD3F81034EF
:101A000014932D4BD3F81834002B1BD0179800F0EB
:101A10006DFA46E000238DF84F301498FFF721FC53
:101A20000346002B02D001238DF84F309DF84F3034
:101A3000002B03D017991498FFF7E4FB149BDB6885
:101A40001B681493149B002BE4D1179800F04EFAF6
:101A5000002000F097F9184BD3F81834002B02D16E
:101A6000049B154A9360002000F095F919E0124B91
:101A7000D3F81034129306E01298FFF7DDFB129BA7
:101A8000DB681B681293129B002BF5D10B4A0C4BA1
:101A9000D31ADB081B0443F002030A491846FFF778
:101AA000E7FDFFF733FE034683F00103DBB2184680
:101AB00019B05DF804FB00BFA00B00200467030011
:101AC000D4660300DC6E030000B583B00C4BD3F882
:101AD000103401930A4B01221A7009E00198FFF7B4
:101AE000B7FB0198FFF79CFB019BDB681B68019328
:101AF000019B002BF2D100BF00BF03B05DF804FBD7
:101B0000A00B002000B585B00190019800F00EF800
:101B10000390039B002B01D0039B00E0024B18466F
:101B200005B05DF804FB00BFF06E030086B00190C5
:101B3000164B0593164B04931FE0049A059BD31A8A
:101B4000DB10DA0F13445B10DB00059A1344039398
:101B5000039B1B680293029A019B9A4202D9039B42
:101B600004930AE0029A019B9A4203D2039B083332
:101B7000059302E0039B5B6804E0059A049B9A428C
:101B8000DBD30023184606B0704700BFC4720300C1
:101B9000DC73030086B003900291019201238DF85B
:101BA00017309DF81730204A039B13601E4A029B92
:101BB00053601D4A019B9360039B44F201029342D0
:101BC00012D0039B44F20202934220D1019B164A99
:101BD000D360154BDB681B68134A9361124BDB68BB
:101BE0005B68114AD36112E0019B0F4A13610E4BEF
:101BF0001B699B680C4A53610B4B1B691B680A4AA3
:101C00009361094B1B695B68074AD36100BF72B6D9
:101C100000BF00BF9DF81730DBB2002BFAD162B6CF
:101C200000BF00BF06B07047C00F002010B487B0DF
:101C300001900091019B009A53E8004F104643E841
:101C4000000191F0000FF7D1059404900391059BDA
:101C5000184607B05DF8044B704710B487B0019088
:101C60000091019B009A53E8004F44EA020043E8C8
:101C7000000191F0000FF6D1059404900391049BAC
:101C8000184607B05DF8044B704710B487B0019058
:101C90000091019B009A53E8004F04EA020043E8D8
:101CA000000191F0000FF6D1059404900391059B7B
:101CB000184607B05DF8044B704710B487B0019028
:101CC0000091019B009A53E8004F04EB020043E8A7
:101CD000000191F0000FF6D1059404900391049B4C
:101CE000184607B05DF8044B704710B487B00190F8
:101CF0000091019B009A53E8004FA4EB020043E8D7
:101D0000000191F0000FF6D1059404900391049B1B
:101D1000184607B05DF8044B704700B583B00190DA
:101D200001210198FFF799FF0346184603B05DF8BB
:101D300004FB00B583B0019000210198FFF7A5FFD7
:101D40000346184603B05DF804FB000072B600BFFE
:101D5000034B1B680133024A136000BF704700BF8A
:101D6000E00F0020064B1B68013B054A1360044B43
:101D70001B68002B01D162B600BF00BF704700BFD7
:101D8000E00F002000B583B00190FFF7DFFF00BF38
:101D900003B05DF804FB00B583B003468DF807304F
:101DA000FFF7E0FF00BF03B05DF804FB00B58BB0A8
:101DB00001900091019B1B8A043B0793009A079BAB
:101DC0001344DA1C079BB2FBF3F38DF81B30019828
:101DD00000F05BF90590059B002B01D1002338E052
:101DE000059B00221A71059B01225A71079B9AB22A
:101DF000059BDA80059B09939DF81B30013B0493FA
:101E0000099B019A1A60002308931DE0019800F0D5
:101E10003CF90390039B002B0ED0059B5B790133AB
:101E2000DAB2059B5A71099B039A1A60039B019AC7
:101E30001A60039B099304E0059800F00EF8002354
:101E400007E0089B01330893089A049B9A42DDD36C
:101E5000059B18460BB05DF804FB00B58BB00190F4
:101E6000019B0793079B5B798DF81B30019B0893BF
:101E70009DF81B30013B05930023099305E0089B67
:101E80001B680893099B01330993099A059B9A42A1
:101E9000F5D3089B1B680493019B089300230993C7
:101EA0000BE0089B1B6803930899049800F024F941
:101EB000039B0893099B013309939DF81B30099AF2
:101EC0009A42EED300BF00BF0BB05DF804FB00B533
:101ED00085B00190019B0393039B043301211846B5
:101EE000FFF7EBFE00BF05B05DF804FB00B587B05F
:101EF0000190019B0593059B043301211846FFF7D0
:101F0000F4FE0346039303AB0493049B1B78002B5E
:101F100002D10198FFF7A1FF00BF07B05DF804FBF5
:101F200000B591B00390029101920093039B099335
:101F3000039B0F93099BDB881A46099B5B7902FB85
:101F400003F3043B0893099BDB880793009B1A1D4E
:101F5000079BB2FBF3F30E93009B0433079AB3FB8A
:101F6000F2F2079901FB02F29B1A0D93019B1A688A
:101F7000009B1344089A9A4203D2089A009BD31AF2
:101F800001E0019B1B680C93019B0C9A1A6005E011
:101F90000F9B1B680F930E9B013B0E930E9B002B18
:101FA000F6D100230B93079A0D9BD31A0A930A9A32
:101FB0000C9B934228BF13460A932AE0029A0B9B7C
:101FC000134406930F9A0D9B1344043305939DF815
:101FD0004830002B05D00A9A0599069805F0B3F809
:101FE00004E00A9A0699059805F0ADF800230D93D0
:101FF0000F9B1B680F930C9A0A9BD31A0C930B9A96
:102000000A9B13440B93079A0C9B934228BF1346D9
:102010000A930C9B002BD1D100BF00BF11B05DF81B
:1020200004FB00B589B00590049103920293039BD1
:10203000079307AA00230093029B04990598FFF7D2
:102040006FFF00BF09B05DF804FB82B001900B4642
:102050008DF80330019BDA689DF803300199098AF5
:1020600001FB03F31344184602B0704782B001909D
:102070000091009B019AD2689B1A019A128AB3FBC5
:10208000F2F3DBB2184602B0704700B585B001909C
:10209000002303930020FFF775FE019B1B681A685D
:1020A000019B5B689A421FD9019B1B681A68013A21
:1020B0001A601B681B7819460198FFF7C6FF03904A
:1020C000019B9A68019B1B681B68D31A8DF80B3023
:1020D000019B1B681B799DF80B209A4204D9019B38
:1020E0001B689DF80B201A710020FFF754FE039B1C
:1020F000184605B05DF804FB10B584B0019000915E
:10210000009B03930020FFF73DFE019B1B681C68AA
:10211000621C1A6003990198FFF7A8FF0346237019
:102120000020FFF738FE00BF04B010BD00B587B037
:102130000390029113468DF8073000230593039B0B
:102140001B781A46114B9B5C002B09D0039B043370
:102150009DF807200299184604F05AF905900FE0FF
:10216000039B1B781A46094B9B5C002B08D1039BF1
:102170000C339DF807200299184603F073FB059075
:10218000059B184607B05DF804FB00BF80120020D5
:1021900000B585B0019000238DF80F30019B1B78AE
:1021A0001A46114B9B5C002B08D0019B0433184648
:1021B00004F0C4F903468DF80F300EE0019B1B7844
:1021C0001A46094B9B5C002B07D1019B0C33184628
:1021D00003F0B4FB03468DF80F309DF80F3018461E
:1021E00005B05DF804FB00BF8012002000B587B089
:1021F0000390029113468DF8073000230593039B4B
:102200001B781A46114B9B5C002B09D0039B0433AF
:102210009DF807200299184604F0A8F905900FE0F0
:10222000039B1B781A46094B9B5C002B08D1039B30
:102230000C339DF807200299184603F0D7FB059050
:10224000059B184607B05DF804FB00BF8012002014
:1022500084B00190019B9B680393019BDA68039B08
:10226000D31A184604B0704700B587B001900091AA
:10227000019B1B78022B45D0022B6ADC002B52D02D
:10228000012B66D1019B1B7A002B05D1012233491A
:102290003348FFF7ABFF5DE0019B5B681B78194695
:1022A000304800F0D4F90590059B002B0AD001239B
:1022B0008DF80C30059B04932B4B1B6803AA10462A
:1022C00098470DE02748FFF7C3FF0346002B07D0D0
:1022D00000238DF80C30244B1B6803AA1046984746
:1022E0002048FFF7B5FF03461E4A9288934205D85F
:1022F00001221A491A48FFF779FF2BE01B4B0122F4
:102300001A7027E002238DF80C30019BDB680493E0
:10231000012212491248FFF769FF134B1B6803AAF9
:102320001046984716E01249124800F0ABF90346F0
:10233000002B05D101220E490948FFF7F7FE09E0FD
:1023400003238DF80C30084B1B6803AA10469847EE
:1023500000E000BF00BF07B05DF804FBEC0F0020F9
:102360003C000020F00F0020E40F0020ED0F0020C3
:10237000E80F00200010002030B591B003900291CA
:1023800001928DF803303C4A019B1360029B002BA5
:1023900001D107236DE0029B1968029B5B689BB229
:1023A0001A46364800F027F90F900F9B0E930E9BAC
:1023B000002B01D00E9B5CE0029B9968029BDB68BE
:1023C0009BB21A462E4800F016F90F900F9B0D9302
:1023D0000D9B002B01D00D9B4BE02A4B04AC1D46FE
:1023E0000FCD0FC495E80F0084E80F00039B5B69D5
:1023F0000A93039B1B7C002B14BF01230023DBB239
:102400008DF824309DF803308DF82C30039B5B7CD5
:10241000002B01D00E2300E000238DF82530039B14
:10242000DB680693039B9B680793039B1B680593DC
:10243000039B5B68049304AB134A1946134804F0EA
:10244000D7FA0F900F9B0C930C9B002B01D00C9B89
:102450000FE00F4B00221A70039B1B68B3F1FF3F84
:1024600006D001220B490948FFF7C0FE034600E0F1
:102470000023184611B030BDE40F0020F00F0020FB
:1024800000100020DC730300692202003C000020E1
:10249000ED0F0020EC0F002000B587B00190124B2B
:1024A0001B788DF817300199104800F0EBF8049074
:1024B0009DF81730002B12D00B4B00221A7001220E
:1024C0000B490C48FFF792FE0390039B0293029B7B
:1024D000002B04D0084AD6210298FEF703FE049B85
:1024E000184607B05DF804FBED0F0020F00F002048
:1024F000EC0F00203C000020FC73030000B585B009
:1025000003468DF807309DF807301946104800F053
:102510009EF80390039B002B15D10E48FFF738FE61
:10252000034683F00103DBB2002B0CD00A490848B4
:1025300000F0A8F80346002B05D101220649054802
:10254000FFF7F4FD0390039B184605B05DF804FB0C
:10255000001000203C000020E80F002084B0019013
:10256000019B9B680393019BDA68039BD31A18466F
:1025700004B0704782B001900B468DF80330019B88
:102580001A68019BDB68019989880B4013449DF808
:1025900003201A70019BDB685A1C019BDA6000BFA4
:1025A00002B0704784B003900B460192ADF80A3038
:1025B000039B1A68039B9968BDF80A300B44039982
:1025C00089880B4013441A78019B1A7000BF04B02D
:1025D000704700B583B001900091009A00210198E6
:1025E000FFF7E0FF019B9B685A1C019B9A6000BFAC
:1025F00003B05DF804FB84B0039002911346ADF87C
:102600000630029B002B01D10E231DE0BDF80630E1
:10261000002B07D0BDF806305A1EBDF80630134017
:10262000002B01D009230FE0039B029A1A60BDF82A
:102630000630013B9AB2039B9A80039B00229A606A
:10264000039B0022DA600023184604B0704700B5EF
:1026500083B001900B468DF803300198FFF77EFFA1
:102660000246019B9B889A4207D89DF80330194681
:102670000198FFF77FFF002300E00423184603B012
:102680005DF804FB00B583B0019000910198FFF75D
:1026900065FF0346002B05D000990198FFF799FFCD
:1026A000002300E00523184603B05DF804FB00009A
:1026B00082B003468DF807309DF90730002B0CDB04
:1026C0009DF8073003F01F0205499DF907305B09AB
:1026D000012000FA02F241F8232000BF02B0704747
:1026E00000E100E082B003468DF807309DF9073025
:1026F000002B13DB9DF8073003F01F0209499DF9F9
:1027000007305B09012000FA02F2203341F8232050
:10271000BFF34F8F00BFBFF36F8F00BF00BF02B08A
:10272000704700BF00E100E082B003468DF807303B
:102730009DF90730002B0DDB9DF8073003F01F02D9
:1027400006499DF907305B09012000FA02F2403387
:1027500041F8232000BF02B0704700BF00E100E055
:1027600082B003468DF807309DF90730002B0DDB52
:102770009DF8073003F01F0206499DF907305B09F9
:10278000012000FA02F2603341F8232000BF02B0BA
:10279000704700BF00E100E082B0034600918DF871
:1027A00007309DF90730002B0ADB009BDAB20C4999
:1027B0009DF907305201D2B20B4483F800230BE09D
:1027C000009BDAB207499DF8073003F00F03043B82
:1027D0005201D2B20B441A7600BF02B0704700BF5C
:1027E00000E100E000ED00E000B585B00190019B44
:1027F000002B0AD0074B43F001030393019B9B017D
:102800000293039B0298984700E000BF05B05DF873
:1028100004FB00BF5074030000B583B00190064A6A
:10282000019BC2F8083507211120FFF7B5FF00BF53
:1028300003B05DF804FB00BF0010014008B50D4B6C
:102840004FF48032C3F844230A4B4FF48032C3F86C
:1028500004231120FFF784FF1120FFF729FF054B08
:1028600001221A602F20FFF7BFFF034B01221A70CD
:1028700000BF08BD001001402E11002008B5112036
:10288000FFF730FF0E4B4FF48032C3F848230C4B58
:102890004FF48032C3F80823094B01225A602F20DD
:1028A000FFF7A2FF064B01229A60064B00221A6036
:1028B0002F20FFF799FF044B00221A7000BF08BDBC
:1028C00000100140201100202E110020024BD3F8EF
:1028D00004351846704700BF0010014082B00190D7
:1028E0000091019A009BD31A23F07F43184602B04F
:1028F0007047000082B00190034A019BC2F8403546
:1029000000BF02B0704700BF0010014086B00190C8
:10291000284B1B68002B03D1264A019B136045E01E
:10292000019B1A68234B1B681B689A4210D8214BE5
:102930001B681968019B1A681E4B1B688A1A1A606B
:102940001C4B1A68019BDA611A4A019B13602DE047
:10295000019B1B680393174B1B680593154B1B6862
:10296000049309E0049B1B68039AD31A0393049B06
:102970000593049BDB690493049B002B04D0049B08
:102980001B68039A9A42EDD8049B002B05D0049B48
:102990001A68039BD21A049B1A60019B039A1A605F
:1029A000019B049ADA61059B019ADA6100BF06B0C7
:1029B000704700BF1C11002000B587B001902A4B62
:1029C0001B680393284B1B680593059B049308E041
:1029D000049A019B9A4208D0049B0593049BDB69EF
:1029E0000493049B002BF3D100E000BF049B002B59
:1029F00001D1002333E0059A049B9A4214D11A4B6B
:102A00001B68DB69184A1360174B1B68002B0BD13E
:102A1000164B01229A60164B00221A60154B0122B8
:102A20001A702F20FFF7E0FE049B1B680293049BA3
:102A3000DA69059BDA61059BDB690493049B002B33
:102A400005D0049B1A68029B1A44049B1A60064B2B
:102A50001B68039A9A4214BF01230023DBB2184675
:102A600007B05DF804FB00BF1C11002000100140FE
:102A7000201100202F11002008B51120FFF754FE6F
:102A800000BF08BD08B51420FFF74EFE00BF08BD0B
:102A900000B583B00190019B5B69019A9269104671
:102AA000984700BF03B05DF804FB000000B585B097
:102AB0002B4B1B68002B4ED000230193FFF706FF22
:102AC0000246284B1B6819461046FFF707FF029085
:102AD000234B1B6803931DE0039B1B68029A9A42D9
:102AE0001CD3039B1B68029AD31A0293039B1B6897
:102AF000019A13440193039B0093039BDB690393A7
:102B0000009B1B7C002B05D0009B00221A740098B0
:102B1000FFF7BEFF039B002BDED100E000BF124B8E
:102B20001A78124B1B789A420CD1104B1B78013348
:102B3000DAB20E4B1A700D4B1B78022B02D10B4BE5
:102B400000221A70094B1B781946094A019B42F86A
:102B50002130FFF797FF00BF05B05DF804FB00BF11
:102B60001C110020201100202C1100202D1100200C
:102B70002411002082B00190184B1A78184B1B7852
:102B80009A4223D0154B1B780133DAB2134B1A70DB
:102B9000124B1B78022B02D1104B00221A700F4BE4
:102BA0001B781A460F4B53F82220019B1A60019B99
:102BB0001A680D4B1B6813440B4A13600A4B1B68C1
:102BC00023F07F43084A1360012303E0019B0022A6
:102BD0001A600023184602B0704700BF2C11002075
:102BE0002D110020241100202011002088B0039016
:102BF000029101920023079338E0204B1B68069353
:102C0000069B1B68039A9A4206D2069B1A68039B8E
:102C1000D21A069B1A602EE0069B1B68039AD31AF1
:102C20000393069B1B68079A13440793069B002295
:102C30001A60124B1B680593069BDB690F4A1360F1
:102C4000069BDB68002B11D0029A079B134423F0EC
:102C50007F42069B5A60069BDA68069B9A60019B3E
:102C60001A68069BDA61019B059A1A60034B1B6880
:102C7000002BC2D100BF00BF08B070471C1100205C
:102C800000B589B0019000238DF81F30664B1B689A
:102C90000593AAE0019B002B05D0019B0693069BA0
:102CA000DB69019361E0614B1B781A4613465B00B8
:102CB0001344DB005D4A1344043304935B4B1B78DD
:102CC0000133DAB2594B1A70584B1A78574B9B782C
:102CD0009A4202D1554B00221A70049B5B680693FE
:102CE000049B1B78032B1ED0032B7EDC012B1FD0F3
:102CF000022B7AD1049B5B681846FFF75DFE034602
:102D0000002B02D001238DF81F30069B00221A747D
:102D10006BE0454B1B680393039B00221A74039BD3
:102D2000DB69414A1360404B1B68002BF1D15CE02A
:102D300000BF069B1B7C002B00D056E0049B9A68CA
:102D4000069B5A60049BDA68069B9A60049B1A698A
:102D5000069BDA60049B5A69069B9A61344B1B7888
:102D6000002B02D0069B00225A60069B5A68314B0A
:102D70001B68D31A23F07F432F4A93420ED8069B39
:102D80005B682C4A126811461846FFF7A7FD0246F9
:102D9000069B9B681A44069B1A6017E0254B1A682D
:102DA000069B5B6819461046FFF798FD0290069B4C
:102DB0009B68029A9A4206D2069B9A68029BD21A94
:102DC000069B1A6002E0069B00221A60069B002206
:102DD0005A60069B00229A60069B01221A74069B89
:102DE0000022DA610698FFF791FD019B002B7FF42A
:102DF00051AF0E4B1A780D4B5B789A427FF44AAF75
:102E00009DF81F30002B04D1074B1B68059A9A428E
:102E100001D0012300E0002303F00103DBB21846D8
:102E200009B05DF804FB00BF1C1100201010002049
:102E30002F11002020110020FEFF7F0010B588B068
:102E40000190274B1B68002B44D0254B1B681B6847
:102E50000793FFF73BFD0690224B1B6805930599EE
:102E60000698FFF73BFD0346033304931E4B1B7884
:102E700083F00103DBB2002B01D0FFF7DFFC049AE3
:102E8000079B934238BF1346059A13440593059B4D
:102E900023F07F4305930598FFF72CFDFFF716FD00
:102EA000039006990398FFF719FD0346DC1C069969
:102EB0000598FFF713FD03469C420DD9FFF706FD69
:102EC00003461846FFF716FD2F20FFF78DFCFFF78E
:102ED000D3FD01E0FFF7D2FC00BF08B010BD00BF7A
:102EE0001C110020201100202E11002000B587B0F9
:102EF0000023019300238DF81730194B1B680493AE
:102F0000184B1B6803936B461846FFF733FE0346C6
:102F10008DF80B309DF80B30002B08D0009B01AAD8
:102F200004991846FFF762FE01238DF81730019BC4
:102F30001846FFF7A5FE0346002B02D001238DF8AB
:102F400017309DF81730002B02D00398FFF776FF5B
:102F5000054B00221A7000BF07B05DF804FB00BFEC
:102F6000201100201C1100202F11002082B00346E8
:102F70008DF80730034A9DF80730537000BF02B048
:102F8000704700BF1010002084B00190144B5B7894
:102F900001338DF80F30124B9B789DF80F209A4229
:102FA00002D100238DF80F300D4B1B789DF80F20B8
:102FB0009A4201D100230FE0019B9DF80F201A7067
:102FC000074B5B781A4613465B001344DB00044A48
:102FD000134404330293029B184604B0704700BFA9
:102FE0001010002000B589B0039002910192009367
:102FF000002307930020FEF7C5FE0DF117031846C6
:10300000FFF7C2FF0690069B002B02D10423079313
:1030100018E0069B01221A70069B039A5A60FFF77C
:1030200055FC0246069B9A60069B029ADA60069B54
:10303000019A1A61069B009A5A619DF8173018464A
:10304000FFF794FF0020FEF7A6FE079B002B01D19F
:10305000FFF718FD079B184609B05DF804FB000058
:1030600008B50E4B0022C3F840210C4B0022C3F8D8
:1030700044210A4B0022C3F84821084B0022C3F820
:103080004C21064B0022C3F80021044B0022C3F858
:103090000421FFF70BFD00BF08BD00BF0010014079
:1030A00008B5FFF723FF00BF08BD000008B5FFF714
:1030B000E5FB134B00221A70114B00225A70104B83
:1030C0000B229A700F4B00221A600F4B00221A70CD
:1030D0000E4B00221A701420FFF742FB0721142028
:1030E000FFF75AFB1420FFF7E3FA0120FFF794FBE8
:1030F000FFF7ECFB0346064A13600023184608BDA1
:10310000101000201C1100202C1100202D11002077
:103110002011002086B003900B4601928DF80B30F1
:10312000134B9B78002B01D108231EE0019B002B41
:1031300001D1072319E0039B002B01D1072314E0E1
:10314000039B1B681B7C002B01D008230DE0039B15
:103150001B680593059B00221A74059B9DF80B20A4
:103160005A74059B019A5A610023184606B07047AD
:103170001010002000B587B0039002910192039BCC
:103180000593164B9B78002B01D1082322E0039B6B
:10319000002B01D108231DE0029B042B03D9029BC5
:1031A000B3F1807F01D3072314E0059B5B69002BFB
:1031B00001D108230EE0059B5B7C012B01D1029B12
:1031C00000E000230493019B049A02990598FFF7FD
:1031D00009FF0346184607B05DF804FB10100020F5
:1031E000BFF34F8F00BF064BDB6803F4E062044976
:1031F000044B1343CB60BFF34F8F00BF00BFFDE70D
:1032000000ED00E00400FA0582B0114B1B68019349
:10321000104B1B680093019B0D2B14D1009B022BBC
:103220000DD0009B022B0CD8009B002B03D0009BE1
:10323000012B02D005E0012306E0012304E0012375
:1032400002E0012300E00023184602B0704700BFEF
:10325000300100103401001082B0114B1B68019343
:10326000104B1B680093019B0D2B14D1009B022B6C
:103270000DD0009B022B0CD8009B002B03D0009B91
:10328000012B02D005E0012306E0012304E0012325
:1032900002E0012300E00023184602B0704700BF9F
:1032A000300100103401001082B0114B1B680193F3
:1032B000104B1B680093019B0D2B14D1009B022B1C
:1032C0000DD0009B022B0CD8009B002B03D0009B41
:1032D000012B02D005E0012306E0012304E00123D5
:1032E00002E0012300E00023184602B0704700BF4F
:1032F000300100103401001082B0114B1B680193A3
:10330000104B1B680093019B0D2B14D1009B022BCB
:103310000DD0009B022B0CD8009B002B03D0009BF0
:10332000012B02D005E0002306E0002304E0012386
:1033300002E0012300E00023184602B0704700BFFE
:10334000300100103401001008B5FFF7D5FF034627
:10335000002B07D04FF010234FF08042D3F80832F3
:10336000C2F8583500BF08BD00BF044BD3F8003485
:10337000002BFAD000BF00BF704700BF00E0014043
:1033800000B583B00190054A019BC2F80435FFF7F0
:10339000EBFF00BF03B05DF804FB00BF00E001409D
:1033A000024B034A1A6000BF704700BF5000002064
:1033B0000090D00308B5FFF727FF0346002B0ED07F
:1033C0004FF080430022C3F80C214FF080430022CD
:1033D000C3F810214FF080430022C3F83825FFF7CF
:1033E0003BFF0346002B76D04FF080535E4AD3F864
:1033F0000434C2F820354FF080535B4AD3F80834C8
:10340000C2F824354FF08053574AD3F80C34C2F831
:1034100028354FF08053544AD3F81034C2F82C3575
:103420004FF08053504AD3F81434C2F830354FF07F
:1034300080534D4AD3F81834C2F834354FF08053D6
:10344000494AD3F81C34C2F840354FF08053464AFD
:10345000D3F82034C2F844354FF08053424AD3F8B1
:103460002434C2F848354FF080533F4AD3F828340B
:10347000C2F84C354FF080533B4AD3F82C34C2F895
:1034800050354FF08053384AD3F83034C2F85435B1
:103490004FF08053344AD3F83434C2F860354FF0DB
:1034A0008053314AD3F83834C2F864354FF0805332
:1034B0002D4AD3F83C34C2F868354FF080532A4A7D
:1034C000D3F84034C2F86C354FF08053264AD3F815
:1034D0004434C2F87035FFF7E7FE0346002B0DD0E9
:1034E0004FF08043D3F8003403F00103002B05D0E4
:1034F0004FF080436FF00102C3F800241B4BD3F858
:1035000088301A4A43F47003C2F88830BFF34F8FF3
:1035100000BFBFF36F8F00BFFFF716FF4FF0102300
:10352000D3F80032002B05DB4FF01023D3F8043220
:10353000002B15DA0120FFF723FF4FF01023122292
:10354000C3F80022FFF710FF4FF010231222C3F838
:103550000422FFF709FF0020FFF712FFFFF740FEEC
:10356000FFF71EFF00BF08BD00C0004000ED00E0F7
:1035700082B00190019B1B681F2B02D84FF0A04323
:1035800006E0019B1B6803F01F02019B1A60024BBF
:10359000184602B0704700BF0003005000B585B068
:1035A0000190084611461A4603468DF803300B4633
:1035B0008DF8023013468DF8013001AB1846FFF745
:1035C000D7FF03909DF803209DF802305B001A435B
:1035D0009DF801309B001A439DF818301B0242EA07
:1035E00003019DF81C301B04019A1943039B02F54B
:1035F000E07243F8221000BF05B05DF804FB00B58F
:1036000085B003900023019300230093002301223F
:1036100001210398FFF7C2FF00BF05B05DF804FB6E
:1036200000B585B003900B468DF80B309DF80B303C
:103630000022019200220092002200210398FFF74D
:10364000ADFF00BF05B05DF804FB00B585B001908B
:1036500001AB1846FFF78CFF0390019B012202FA91
:1036600003F31946039800F02AF800BF05B05DF88F
:1036700004FB00B585B0019001AB1846FFF778FF59
:103680000390019B012202FA03F31946039800F00C
:1036900020F800BF05B05DF804FB00B583B00190D1
:1036A0000091009B002B03D10198FFF7E2FF02E09D
:1036B0000198FFF7CAFF00BF03B05DF804FB82B0BA
:1036C00001900091019B009AC3F8082500BF02B049
:1036D000704782B001900091019B009AC3F80C25BD
:1036E00000BF02B07047000000B583B00190064AE9
:1036F000019B13441B7800211846FFF7CEFF00BF43
:1037000003B05DF804FB00BF5874030000B583B03C
:103710000190064A019B13441B7801211846FFF7CC
:10372000BCFF00BF03B05DF804FB00BF587403008A
:1037300000B583B00023019305E00198FFF7E6FF91
:10374000019B01330193019B032BF6D900BF00BFFE
:1037500003B05DF804FB000000B583B000230193C3
:1037600009E0094A019B13441B781846FFF747FFFD
:10377000019B01330193019B032BF2D9FFF7D8FF83
:1037800000BF03B05DF804FB5874030000B583B0BC
:103790000023019307E0022303211846FFF740FFAF
:1037A000019B01330193019B002BF4D000BF00BFAC
:1037B00003B05DF804FB00B583B00190019B03F0FA
:1037C0000103002B01D0FFF7C7FF019B03F00203A9
:1037D000002B01D0FFF7DAFF00BF03B05DF804FB58
:1037E00000B589B001900091009B0793019B1B7865
:1037F0008DF80830019B5B680393019B9B68DBB2EB
:103800008DF81030019BDB680593019B1B69DBB2CF
:103810008DF81830074A079B52F823300649079A5B
:1038200051F8221002AA1046984700BF09B05DF86F
:1038300004FB00BF301100204011002010B58AB0F9
:103840000390029101920093039B1B7809932249F4
:10385000099B019A41F823202049099B009A41F8CD
:103860002320002308931E4B04AC0FCB84E80F00E9
:10387000029B1B788DF81030029B5B788DF811301D
:10388000029B9B788DF81230029BDB788DF8133009
:10389000029B1B798DF81530029B5B798DF81630F1
:1038A000029B9B680693029B1B7B8DF81C30029B3E
:1038B0005B7B8DF81D30039B181D019B002B01D0F5
:1038C000084A00E00022099B04A900F0BFFA089012
:1038D000089B18460AB010BD30110020401100208E
:1038E0005C740300E137020008B5024B1B6898477F
:1038F00000BF08BD5011002082B00190019B044A16
:10390000934201D1034B00E00023184602B07047F8
:10391000002000405011002000B587B001900091B8
:103920000198FFF7E9FF0390039B002B1ED00023B3
:103930008DF817300020FEF725FA039B1B79002B2A
:1039400003D001238DF8173005E0039B009A1A601D
:10395000039B01221A710020FEF71DFA9DF8173013
:10396000002B03D011230493049B02E00023049353
:10397000049B184607B05DF804FB000082B00346C4
:103980008DF807309DF90730002B0CDB9DF80730D0
:1039900003F01F0205499DF907305B09012000FA79
:1039A00002F241F8232000BF02B0704700E100E0BE
:1039B00082B0034600918DF807309DF90730002B47
:1039C0000ADB009BDAB20C499DF907305201D2B2F2
:1039D0000B4483F800230BE0009BDAB207499DF803
:1039E000073003F00F03043B5201D2B20B441A76A6
:1039F00000BF02B0704700BF00E100E000ED00E052
:103A000082B00190019B03F06043B3F1005F0CBFF3
:103A100001230023DBB2184602B0704782B0019048
:103A2000019B1B0B5BB2184602B0704700B583B018
:103A300003460A468DF8073013468DF806309DF888
:103A400006209DF9073011461846FFF7B1FF00BF69
:103A500003B05DF804FB00B583B003468DF8073072
:103A60009DF907301846FFF789FF00BF03B05DF8E6
:103A700004FB82B001900B468DF803309DF80330B3
:103A8000019A134401221A6000BF02B0704784B04B
:103A900001900B46ADF80230BDF80230019A134494
:103AA00000221A60BDF80230019A13441B68039388
:103AB000039B00BF04B0704782B001900B46ADF885
:103AC0000230BDF80230019A13441B68002B14BF6A
:103AD00001230023DBB2184602B0704782B0019088
:103AE0000091019B009AC3F8042300BF02B0704705
:103AF00082B001900091019B009AC3F8082300BF97
:103B000002B0704782B00190019B0722C3F80025E4
:103B100000BF02B0704784B00390029101920093FD
:103B2000039B029AC3F80825039B019AC3F80C254E
:103B3000039B009AC3F8102500BF04B0704782B001
:103B400001900091009A019BC3F8242500BF02B0A8
:103B5000704784B0039002910192029A039BC3F8CC
:103B60004425039B019AC3F8482500BF04B0704761
:103B700084B0039002910192029A039BC3F834250A
:103B8000039B019AC3F8382500BF04B0704784B086
:103B900001900B468DF8033013468DF802309DF8E6
:103BA0000230002B14BF01230023DBB203939DF8E6
:103BB0000330032B10D0032B13DC012B02D0022B7C
:103BC00005D00EE0039B43F0020303930AE0039B3E
:103BD00043F00403039305E0039B43F006030393C0
:103BE00000E000BF019B039AC3F8542500BF04B056
:103BF000704782B001900B468DF803309DF803208A
:103C0000019BC3F8C02500BF02B0704782B001908D
:103C1000019B0122C3F8502500BF02B0704782B05B
:103C20000190019B0022C3F8502500BF02B07047ED
:103C300082B00190019B0122C3F8402500BF02B071
:103C4000704782B00190019B0022C3F8402500BF5D
:103C500002B0704782B00190019B1B681F2B02D8F5
:103C60004FF0A04306E0019B1B6803F01F02019B7D
:103C70001A60024B184602B0704700BF00030050A4
:103C800000B585B00190084611461A4603468DF8E6
:103C900003300B468DF8023013468DF8013001AB2E
:103CA0001846FFF7D7FF03909DF803209DF80230D8
:103CB0005B001A439DF801309B001A439DF81830B1
:103CC0001B0242EA03019DF81C301B04019A1943B0
:103CD000039B02F5E07243F8221000BF05B05DF8C7
:103CE00004FB00B585B003900023019300230093EB
:103CF0000023012201210398FFF7C2FF00BF05B096
:103D00005DF804FB00B585B003900B468DF80B30D1
:103D10009DF80B3000220192002200920022002127
:103D20000398FFF7ADFF00BF05B05DF804FB00B5D9
:103D300085B0019001AB1846FFF78CFF0390019B03
:103D4000012202FA03F31946039800F018F800BFA5
:103D500005B05DF804FB00B585B0019001AB1846D5
:103D6000FFF778FF0390019B012202FA03F3194643
:103D7000039800F00EF800BF05B05DF804FB82B0B8
:103D800001900091019B009AC3F8082500BF02B082
:103D9000704782B001900091019B009AC3F80C25F6
:103DA00000BF02B07047000086B0019000911E4B2A
:103DB0001B681E4A1360009B002B31D0019B009AA8
:103DC00013440293019B23F4FF5323F01F03059335
:103DD000059B5B0B9BB2012202FA03F304930023C1
:103DE0000393059B124A934203D94FF480730393C4
:103DF00012E0039A049B13430393049B5B00049318
:103E0000059B03F500530593059A029B9A4203D242
:103E1000059B084A9342ECD3034A039B136000E0DE
:103E200000BF06B0704700BF000E0040C411002064
:103E3000FFFF002000200120024A034B1B68136093
:103E400000BF7047000E0040C411002000B58DB0C7
:103E50000590049103920293059B1B791A46134621
:103E6000DB0013449B00664A13440A930A9B1B7FA2
:103E7000002B03D008230793079BBDE0059B1B681D
:103E80000993059B1A68059B1B7919465D4B53F8EE
:103E9000213019461046FFF73FFD0346002B03D0A3
:103EA00011230793079BA7E00A9B039A1A600A9BBA
:103EB000029A5A60049B1B7B012B05D8049B1B783C
:103EC0001846FFF748FF04E0049B1B781846FFF7ED
:103ED0002EFF049B1B7818460023019300230093B8
:103EE000002300220121FFF7CBFE049B5B78FF2B10
:103EF00009D0049B5B780B930B98FFF72CFF0B9872
:103F0000FFF7EFFE02E04FF0FF330B93049B9B782B
:103F1000FF2B07D0049B9B78089301210898FFF79B
:103F2000F1FE02E04FF0FF330893049B9A780A9B5E
:103F300083F82020049BDA780A9BDA77049BDB78ED
:103F4000FF2B17D0049B1B79002B05D0049BDB783B
:103F50001846FFF700FF04E0049BDB781846FFF7E4
:103F6000E6FE049BDB781846FFF7BBFE049B1A793C
:103F70000A9B9A77049B1B781946089B0B9A099811
:103F8000FFF7C9FD049B9B6819460998FFF7D7FD09
:103F9000049B197B049B5B7B1A460998FFF7F7FD8E
:103FA000049B9B7919460998FFF723FE0998FFF7B0
:103FB000A9FD0A9B1B68002B15D0059B1B681846A2
:103FC000FFF72CFD03461A46049B5B791946104601
:103FD000FFF72CFD059B1B681846FFF71FFD0346E6
:103FE0001846FFF738FD0A9B00225A770A9B0122E8
:103FF0001A7700230793079B18460DB05DF804FB62
:10400000581100207874030000B583B00190019B23
:10401000DB7FFF2B0ED0019B9B7F002B05D0019BEC
:10402000DB7F1846FFF797FE04E0019BDB7F184615
:10403000FFF77DFE019B00225A77019B00221A7236
:10404000019B1B68019A02F10800019A526811460F
:10405000984700BF03B05DF804FB00B583B0019042
:104060000B468DF803309DF8033083F00103DBB27B
:10407000002B04D040210198FFF73AFD03E04021D6
:104080000198FFF72BFD00BF03B05DF804FB00B5FE
:1040900083B001900091009B03F00103002B03D03B
:1040A0000198FFF7B3FD02E00198FFF7B8FD009B10
:1040B00003F00203002B03D00198FFF7B9FD02E0E3
:1040C0000198FFF7BEFD00BF03B05DF804FB0000E0
:1040D00000B587B00390029101920093019B1B6889
:1040E000002B0AD0019B1B681846FFF789FC03468A
:1040F00083F00103DBB2002B0ED1019B9B68002BE8
:1041000011D0019B9B681846FFF77AFC034683F0A9
:104110000103DBB2002B06D0029B00225A7710234A
:104120000593059B66E0019B1968019B5B681A4635
:104130000398FFF70EFD019B9968019BDB681A4607
:104140000398FFF715FD039B2C4A934207D1019B6F
:104150001A68019B5B6819461046FFF725FE4FF46D
:104160008C710398FFF793FC00990398FFF78FFF7A
:10417000009B03F00803002B03D110210398FFF7E5
:1041800078FC029B1B68002B25D100BF4FF48C717B
:104190000398FFF791FC034683F00103DBB2002B89
:1041A000F4D1039B154A934201D1FFF745FE029BD0
:1041B000DB7FFF2B1BD0029B9B7F002B05D0029B3C
:1041C000DB7F1846FFF7C7FD11E0029BDB7F184637
:1041D000FFF7ADFD0BE0009B03F00403002B0CBFC9
:1041E00001230023DBB219460398FFF736FF0023B3
:1041F0000593059B184607B05DF804FB00F00240EC
:1042000010B586B0039002910192039B1B791A4668
:104210001346DB0013449B001F4A134404930023FE
:104220000593049B5B7FDBB2002B03D01123059326
:10423000059B2EE0049B1B68002B07D0019B03F01D
:104240001403002B02D1049B01225A77049B029A8B
:1042500003F10C0413460FCB84E80F00049BDB7FB3
:10426000FF2B0ED0049B9B7F002B05D0049BDB7F94
:104270001846FFF75CFD04E0049BDB7F1846FFF760
:104280006AFD039B1868019B029A0499FFF720FFBF
:104290000346184606B010BD5811002000B583B083
:1042A000019000914FF48C710198FFF705FC0346D3
:1042B000002B0DD0019B084A934201D1FFF7BCFDB2
:1042C0004FF48C710198FFF7E2FB0098FFF79CFE1A
:1042D00000BF03B05DF804FB00F0024008B50349DD
:1042E0000348FFF7DBFF00BF08BD00BF58110020E7
:1042F0000030004008B503490348FFF7CFFF00BF77
:1043000008BD00BF7C1100200030024008B5034901
:104310000348FFF7C3FF00BF08BD00BFA011002086
:1043200000F0024082B003468DF807309DF9073057
:10433000002B0CDB9DF8073003F01F0205499DF9A7
:1043400007305B09012000FA02F241F8232000BF88
:1043500002B0704700E100E082B0034600918DF8A2
:1043600007309DF90730002B0ADB009BDAB20C49BD
:104370009DF907305201D2B20B4483F800230BE0C1
:10438000009BDAB207499DF8073003F00F03043BA6
:104390005201D2B20B441A7600BF02B0704700BF80
:1043A00000E100E000ED00E082B00190019B1B0BFA
:1043B0005BB2184602B0704700B583B003460A46A8
:1043C0008DF8073013468DF806309DF806209DF9CC
:1043D000073011461846FFF7BFFF00BF03B05DF876
:1043E00004FB00B583B003468DF807309DF9073014
:1043F0001846FFF797FF00BF03B05DF804FB00B558
:1044000083B00346ADF80630BDF80630184600F01C
:1044100026F803461B68012B0CBF01230023DBB2E7
:10442000184603B05DF804FB00B585B00346ADF84F
:104430000630BDF80630184600F011F803461A465B
:1044400000231360BDF80630184600F008F8034654
:104450001B680393039B00BF05B05DF804FB82B0AB
:104460000346ADF80630BDF8063003F1804303F58E
:10447000C043184602B0704782B00190034A019BC6
:10448000C2F8043300BF02B0704700BF00600040B4
:1044900082B00190034A019BC2F8083300BF02B00A
:1044A000704700BF0060004082B00190034BD3F81A
:1044B0000423019B1340184602B07047006000407F
:1044C00082B00190084A019B03F5A27352F8233091
:1044D000054943F00102019B03F5A27341F8232033
:1044E00000BF02B0704700BF0060004082B0019082
:1044F000084A019B03F5A27352F82330054923F0C3
:104500000102019B03F5A27341F8232000BF02B012
:10451000704700BF0060004084B0039002911346D2
:104520008DF80730144A039B03F5A27352F8233029
:10453000114923F44F3323F44073039A02F5A27216
:1045400041F822300C4A039B03F5A27352F8232052
:10455000029B1B0203F47C519DF807301B0403F4FB
:1045600040330B4304491A43039B03F5A27341F8FC
:10457000232000BF04B070470060004082B001906B
:10458000054A019B03F5A27352F823301B0A03F07E
:104590003F03184602B070470060004082B00190AF
:1045A000064A019B03F5A27352F823301B0C03F05B
:1045B0000303DBB2184602B0704700BF0060004042
:1045C00084B00390029111461A460B468DF80730CD
:1045D00013468DF80630184A039B03F5A27352F870
:1045E0002330154923F4991323F4F853039A02F561
:1045F000A27241F82230104A039B03F5A27352F8CD
:104600002320029B1B0203F47C519DF807301B04FE
:1046100003F4403319439DF806301B0503F480135F
:104620000B4305491A43039B03F5A27341F823206A
:1046300000BF04B0704700BF0060004082B001902E
:10464000019B1B681F2B02D84FF0A04306E0019B83
:104650001B6803F01F02019B1A60024B184602B050
:10466000704700BF0003005000B585B001900846B8
:1046700011461A4603468DF803300B468DF802307A
:1046800013468DF8013001AB1846FFF7D7FF0390B2
:104690009DF803209DF802305B001A439DF801301D
:1046A0009B001A439DF818301B0242EA03019DF853
:1046B0001C301B04019A1943039B02F5E07243F876
:1046C000221000BF05B05DF804FB00B585B0039073
:1046D000002301930023009300230122012103986A
:1046E000FFF7C2FF00BF05B05DF804FB00B585B061
:1046F00003900B468DF80B309DF80B300022019291
:1047000000220092002200210398FFF7ADFF00BFB6
:1047100005B05DF804FB00B585B0019001AB18460B
:10472000FFF78CFF0390019A039B02F5E07253F8A8
:10473000223023F002030293019A039B02F5E072F8
:10474000029943F8221000BF05B05DF804FB00B5E4
:1047500085B001900B468DF8033001AB1846FFF78A
:104760006DFF0390019A039B02F5E07253F822302B
:10477000019A23F44031039B02F5E07243F82210C2
:10478000019A039B02F5E07253F822309DF8032052
:1047900012041146019A1943039B02F5E07243F893
:1047A000221000BF05B05DF804FB00B585B0019094
:1047B00001AB1846FFF742FF0390019B012202FA6A
:1047C00003F31946039800F06DF800BF05B05DF8DB
:1047D00004FB00B585B0019001AB1846FFF72EFF32
:1047E0000390019B012202FA03F31946039800F09B
:1047F00063F800BF05B05DF804FB00B585B001901B
:1048000001AB1846FFF71AFF0390039BD3F804355A
:104810000293029BDA43019B012101FA03F31A4040
:10482000039BC3F80825019B01229A40029B1A4072
:10483000039BC3F80C2500BF05B05DF804FB00B571
:1048400085B0019001AB1846FFF7F8FE039003987E
:1048500000F020F80246019B22FA03F303F0010363
:10486000184605B05DF804FB00B585B0019001ABBA
:104870001846FFF7E3FE0390019A039B02F5E072EE
:1048800053F822301B0C03F00303DBB2184605B0CB
:104890005DF804FB82B00190019BD3F810351846F7
:1048A00002B0704782B001900091019B009AC3F85A
:1048B000082500BF02B0704782B001900091019BB3
:1048C000009AC3F80C2500BF02B0704788B003906F
:1048D00002910192164A05AB92E8030083E80300B7
:1048E000039B079319E0079B9B0008AA134453F806
:1048F0000C3CD3F82025019B1A60079B9B0008AA5B
:10490000134453F80C3C019A1268C3F82025019B0C
:1049100004330193079B01330793039A029B1344CB
:10492000079A9A42DFD300BF00BF08B0704700BFAC
:104930008474030000B585B0019001AB1846FFF701
:104940007DFE0390019B012202FA03F31A46039BAA
:10495000C3F8202500BF05B05DF804FB84B00190CA
:10496000019B5B09029300230393029B002B03D05E
:10497000029B012B04D007E04FF0FF33039303E0C9
:1049800040F2FF33039300BF019B03F01F03019329
:10499000039A019B22FA03F303F00103002B14BFD7
:1049A00001230023DBB2184604B0704784B00190A5
:1049B0000091009B0393019BDB080293019B03F092
:1049C000070301930122019B02FA03F30399029A60
:1049D0000A4412781340184604B0704784B001901E
:1049E0000091009B0393019BDB080293019B03F062
:1049F00007030193039A029B13441B785AB20121C7
:104A0000019B01FA03F35BB2134359B2039A029B71
:104A10001344CAB21A7000BF04B0704782B001904C
:104A2000074A019B1344243393F90030B3F1FF3F4D
:104A300014BF01230023DBB2184602B0704700BF49
:104A4000C811002082B001900C4A019B134424330A
:104A500093F90030002B09DB084A019B13442433EF
:104A600093F90030072B01DC012300E0002303F061
:104A70000103DBB2184602B0704700BFC811002026
:104A800082B00190064A019B1344243393F900300D
:104A9000072BCCBF01230023DBB2184602B07047BE
:104AA000C811002082B00190064A019B13442433B0
:104AB00093F90030DB43DBB2DB09DBB2184602B00E
:104AC000704700BFC811002084B00390029101928A
:104AD0008DF80330029B59B20E4A039B13442433D2
:104AE0000A461A700B49029B019A41F823209DF84F
:104AF000033083F00103DBB2002B08D0029B083B9C
:104B0000039A51B2034A13440A4683F84E2000BF69
:104B100004B07047C811002082B00190044A019B84
:104B200013442433FE221A7000BF02B0704700BF46
:104B3000C811002082B00190044A019B1344243321
:104B4000FF221A7000BF02B0704700BFC8110020DA
:104B500000B583B0019004490198FFF73FFF00BF03
:104B600003B05DF804FB00BF1712002082B0019073
:104B7000044A019B1344243393F90030184602B0D1
:104B8000704700BFC811002082B00190034A019B0A
:104B900052F82330184602B0704700BFC8110020F9
:104BA00084B00190074A019B13444E3393F90030BF
:104BB0008DF80F309DF80F3023F0C003184604B075
:104BC000704700BFC811002084B00190074A019BC4
:104BD00013444E3393F900308DF80F309DF80F30A9
:104BE0009B09DBB2184604B0704700BFC811002013
:104BF00000B589B00390029113468DF80730FF236A
:104C00008DF81F309DF80730002B01D0002300E005
:104C1000082305939DF80730002B01D0082300E0FE
:104C200009230493059B069314E00F4A069B52F850
:104C30002330B3F1FF3F0AD19DF80730029A06995D
:104C40000398FFF741FF069B8DF81F3006E0069B97
:104C500001330693069A049B9A42E6D39DF91F30CE
:104C6000184609B05DF804FBC811002082B0034665
:104C70008DF807309DF80730094A4FF0FF3142F8B0
:104C800023109DF80730072B07D99DF80730083B04
:104C9000034A1344FF2283F84E2000BF02B070473E
:104CA000C811002000B583B02D4B93F85530002B70
:104CB00003D008230093009B4EE000238DF80730BB
:104CC00011E09DF807301846FFF748FE0346002B19
:104CD00004D09DF807301846FFF72CFF9DF80730E9
:104CE00001338DF807309DF80730292BE9D90023CF
:104CF0008DF8073009E09DF807301846FFF7B6FF3A
:104D00009DF8073001338DF807309DF80730082BE8
:104D1000F1D906220021134802F03EFA1248FFF7AB
:104D200043FB034607211846FFF746FB0E48FFF7F3
:104D30003BFB03461846FFF754FB4FF4BE70FFF7EA
:104D400073FB4FF00040FFF797FB054B012283F800
:104D5000552000230093009B184603B05DF804FB28
:104D6000C8110020171200200060004000B585B077
:104D700001900091002303930198FFF74FFE034633
:104D8000002B02D00823039334E0009B9B78002B78
:104D900019D0012200210198FFF72AFF03468DF860
:104DA0000B309DF90B30B3F1FF3F09D09DF90B009B
:104DB000009B1A78009B5B780199FFF701FC05E0E6
:104DC0000423039302E00198FFF7A6FE039B002B48
:104DD00010D1009B5B78012B03D10198FFF7E5FC14
:104DE00002E00198FFF7F5FC0198FFF76EFC0198CF
:104DF000FFF7AEFE039B184605B05DF804FB00B557
:104E000083B001900198FFF7F8FC00BF03B05DF894
:104E100004FB000000B587B00390029101920023CB
:104E200005930398FFF73EFE0346002B02D00823AC
:104E3000059357E0029B9B78C3F34003DBB21A460D
:104E400001990398FFF7D4FE03468DF813309DF9BE
:104E50001330B3F1FF3F43D0029B9B78C3F3800331
:104E6000DBB283F00103DBB2002B13D0029B9B78F3
:104E700003F00103DBB2002B03D00398FFF74BFCD8
:104E800005E0029B5B7819460398FFF72FFC039817
:104E9000FFF75EFE029B9B7803F00203DBB2002B60
:104EA00008D09DF91300029B1B781A460399FFF75F
:104EB00033FB17E09DF91330083B0D4A134493F977
:104EC0004E10029B1B789B015AB29DF91330083B90
:104ED0000A4351B2064A13440A4683F84E2001E0C1
:104EE00004230593059B184607B05DF804FB00BF3B
:104EF000C811002000B589B001900B468DF8033031
:104F00000198FFF7BDFD0346002B2AD00198FFF75B
:104F10002DFE0346083B1846FFF756FE03468DF864
:104F20000F309DF80F30032B0BD10198FFF787FC52
:104F30000346002B01D0032300E002238DF81F302D
:104F400008E09DF80F30012B01D1022300E003237C
:104F50008DF81F309DF81F3019460198FFF7F7FBB9
:104F600030E00198FFF76EFD0346002B2AD0019830
:104F7000FFF7FCFD03460693069B9BB240339BB2B2
:104F80009B00ADF81630069B1846FFF799FABDF85E
:104F900016301846FFF748FA9DF80330002B11D061
:104FA0000198FFF7E3FD03461846FFF7EDFD049077
:104FB000049B002B06D00122069B02FA03F318463D
:104FC000FFF75AFA00BF09B05DF804FB00B585B0E1
:104FD00001900198FFF754FD0346002B04D00021F7
:104FE0000198FFF7B4FB15E00198FFF72BFD03468E
:104FF000002B0FD00198FFF7B9FD03460393039BE5
:105000001846FFF773FA0122039B02FA03F31846CE
:10501000FFF73EFA00BF05B05DF804FB00B583B0B2
:1050200001900198FFF70BFC0346002B14BF0123EE
:105030000023DBB2184603B05DF804FB00B585B071
:105040000190019A02210020FFF740FC0023039306
:105050000BE0039B9B00019A13441B68002B01D0BB
:10506000012306E0039B01330393039B012BF0D93B
:105070000023184605B05DF804FB000000B587B0BA
:105080000190002305935BE0344A059B13444E33A3
:1050900093F90030B3F1FF3F4ED00598FFF780FD44
:1050A000049001990498FFF781FC0346002B44D03B
:1050B0000598FFF789FD03468DF80F300498FFF738
:1050C000D3FB03468DF80E309DF80E30022B01D134
:1050D000032300E002238DF80D309DF80D301946B2
:1050E0000498FFF734FB0498FFF724FC0498FFF7BB
:1050F0003DFD03461846FFF747FD0290029B002B3B
:105100001BD09DF80F30032B0FD09DF80E30022BD3
:1051100003D19DF80F30012B07D09DF80E30032BE3
:105120000BD19DF80F30022B07D19DF80F20029B69
:1051300011460498984700E000BF059B0133059392
:10514000059B002BA0D00198FFF778FF0346002BAA
:1051500097D100BF00BF07B05DF804FBC811002065
:1051600000B58BB00023089301AB00221A605A608F
:105170004FF48073ADF81A3001230993002307938D
:1051800021E0BDF81A301846FFF739F90346002B25
:105190000ED00998FFF788F90346002B08D0BDF818
:1051A0001A301846FFF740F9089A099B13430893F1
:1051B000099B5B000993BDF81A300433ADF81A302F
:1051C000079B01330793079B072BDAD94FF4BE7077
:1051D000FFF715F90346002B0DD04FF4BE70FFF713
:1051E00023F9089B43F00043089301AB1A460221C0
:1051F0000020FFF76BFB089BDBB2002B29D00123BB
:1052000009930023079321E0099A089B1340002B80
:1052100016D00798FFF7B2F905900798FFF7BEF987
:1052200003468DF813300798FFF7AEFC0390039BFD
:10523000002B05D09DF81320039B11460598984735
:10524000099B5B000993079B01330793079B072B7F
:10525000DAD9089B002B03DA01AB1846FFF70EFFE3
:1052600000BF0BB05DF804FB82B003468DF8073039
:105270009DF90730002B0CDB9DF8073003F01F026F
:1052800005499DF907305B09012000FA02F241F857
:10529000232000BF02B0704700E100E082B0034667
:1052A00000918DF807309DF90730002B0ADB009B39
:1052B000DAB20C499DF907305201D2B20B4483F89F
:1052C00000230BE0009BDAB207499DF8073003F09A
:1052D0000F03043B5201D2B20B441A7600BF02B056
:1052E000704700BF00E100E000ED00E082B00190F7
:1052F000019B1B0B5BB2184602B0704700B583B030
:1053000003460A468DF8073013468DF806309DF89F
:1053100006209DF9073011461846FFF7BFFF00BF72
:1053200003B05DF804FB00B583B003468DF8073089
:105330009DF907301846FFF797FF00BF03B05DF8EF
:1053400004FB84B001900B46ADF80230BDF802308A
:10535000019A134400221A60BDF80230019A1344E6
:105360001B680393039B00BF04B0704782B0019099
:105370000B46ADF80230BDF80230019A13441B68A9
:10538000002B14BF01230023DBB2184602B0704784
:1053900082B001900091019B009AC3F8042300BFE2
:1053A00002B0704782B001900091019BD3F80423B2
:1053B000009B1340002B14BF01230023DBB21846CF
:1053C00002B0704782B001900091019B009AC3F82F
:1053D000082300BF02B0704784B00190019BD3F84E
:1053E00080340393019B039AC3F88024039B1846DF
:1053F00004B0704782B00190019B0422C3F80025DD
:1054000000BF02B0704784B0039002910192039BE9
:10541000019AC3F81425039B029AC3F80C2500BF18
:1054200004B0704784B0039002910192039B029AEA
:10543000C3F80825039B019AC3F8102500BF04B0E8
:10544000704782B00190019BD3F81835DBB2184643
:1054500002B0704782B001900B468DF803309DF882
:105460000320019BC3F81C2500BF02B0704782B027
:1054700001900B468DF803309DF80330019A1344D8
:1054800001221A6000BF02B0704782B001900B4643
:105490008DF8033013468DF802309DF803209DF8F7
:1054A00002301343DBB21A46019BC3F86C2500BFE0
:1054B00002B0704782B001900091019B009AC3F83E
:1054C000242500BF02B0704782B00190019B1B6889
:1054D0001F2B02D84FF0A04306E0019B1B6803F08E
:1054E0001F02019B1A60024B184602B0704700BFB2
:1054F0000003005000B585B00190084611461A46D9
:1055000003468DF803300B468DF8023013468DF8B4
:10551000013001AB1846FFF7D7FF03909DF8032039
:105520009DF802305B001A439DF801309B001A433E
:105530009DF818301B0242EA03019DF81C301B0441
:10554000019A1943039B02F5E07243F8221000BF51
:1055500005B05DF804FB00B585B00390002301930E
:10556000002300930023012201210398FFF7C2FFCB
:1055700000BF05B05DF804FB00B585B003900B4695
:105580008DF80B309DF80B30002201920022009222
:10559000002200210398FFF7ADFF00BF05B05DF8C2
:1055A00004FB00B585B0019001AB1846FFF78CFFF6
:1055B0000390019B012202FA03F31946039800F0BD
:1055C00004F800BF05B05DF804FB82B001900091C3
:1055D000019B009AC3F8082500BF02B0704700B5D0
:1055E00083B001900091009B1B68B3F1FF3F09D08D
:1055F000009B1B681846FFF7D4FF009B1B681846EA
:10560000FFF7A9FF009B5B68B3F1FF3F05D0009B4C
:105610005B6800211846FFF7AFFF019B1A68009BEB
:105620009B6919461046FFF745FF019B1868009BD0
:10563000597D009B1B7D1A46FFF727FF019B1868C9
:10564000009B1968009B5B681A46FFF7DCFE009B15
:105650001B7D012B22D1009B9B68B3F1FF3F05D03E
:10566000009B9B6800211846FFF786FF009BDB68C4
:10567000B3F1FF3F09D0009BDB681846FFF791FFAD
:10568000009BDB681846FFF766FF019B1868009BCC
:10569000D968009B9B681A46FFF7C4FE00BF03B0A1
:1056A0005DF804FB00B583B001900B468DF8033024
:1056B000019B1B684FF48E711846FFF742FE019B59
:1056C0001B684FF4A2711846FFF73BFE019B1B6855
:1056D0000E491846FFF75CFE019B1B681846FFF752
:1056E00005FE03461A469DF8033019461046FFF79B
:1056F00005FE019B1B681846FFF7F8FD0346184698
:10570000FFF711FE00BF03B05DF804FB800002004C
:1057100000B587B0039002910192039B1B791A4652
:105720002C2302FB03F3284A13440493002305931C
:10573000049B93F82A30002B03D008230593059B84
:105740003EE0039B1A68039B1B7919461F4B53F8D5
:10575000213019461046FEF7DFF80346002B03D030
:1057600011230593059B2BE002990398FFF737FF60
:10577000049B019A5A60029B1A69049B1A60049B5D
:105780005B68002B05D0029B1B7F19460398FFF72F
:1057900089FF039B1B681846FFF72CFE049B002221
:1057A0009A61049B0022DA61049B002283F829207D
:1057B000049B00225A61049B012283F82A20059B46
:1057C000184607B05DF804FB20120020AC740300FB
:1057D00000B585B0019000914FF48E710198FFF7EC
:1057E000B0FD009B9A68009B1B6A13441B788DF8E0
:1057F0000F30009B1B6A5A1C009B1A629DF80F30E9
:1058000019460198FFF726FE00BF05B05DF804FBBE
:1058100000B585B001900091009B5B69039316E091
:10582000009B93F82830DBB2002B01D0002314E05A
:105830004FF48E710198FFF799FD034683F0010341
:10584000DBB2002BECD100990198FFF7C1FF009B60
:105850001B6A039A9A42EBD80123184605B05DF8FB
:1058600004FB000000B587B0039002910192039BF6
:105870001B791A462C2302FB03F32F4A134404938B
:10588000039800F05BF80346002B03D01123059327
:10589000059B4CE0049B019A5A61049B029A9A6012
:1058A000049B00221A62049B002283F82820002314
:1058B0000593039B1B684FF48E711846FFF741FD5B
:1058C000039B1B6808211846FFF7D1FD039B1B684B
:1058D00004991846FFF77CFF049B5B68002B25D1D9
:1058E000039B1B6804991846FFF792FF034683F059
:1058F0000103DBB2002B02D00F23059313E000BF9E
:10590000039B1B684FF48E711846FFF72FFD03466B
:1059100083F00103DBB2002BF2D1039B1B680C2147
:105920001846FFF7A4FD049B00225A61059B184608
:1059300007B05DF804FB00BF2012002082B0019088
:10594000019B1B791946074A2C2301FB03F31344DF
:1059500014331B68002B14BF01230023DBB218464D
:1059600002B070472012002000B583B00190019B67
:105970001B684FF492711846FFF7E3FC019B1B680C
:105980004FF484711846FFF7DCFC019B1B68002173
:105990001846FFF76CFD00BF03B05DF804FB10B5BF
:1059A00082B001900091009B9B69002B08D14FF4BD
:1059B00084710198FFF7C5FC0198FFF742FD13E0E1
:1059C0004FF484710198FFF7BCFC009BDA68009BE0
:1059D0005B6AD4180198FFF734FD03462370009BDF
:1059E0005B6A5A1C009B5A6202B010BD00B589B0B8
:1059F000039002910192039B1B791A462C2302FB10
:105A000003F36E4A1344059300238DF81330059B6E
:105A10005B68002B06D0039B1B684FF4017118468E
:105A2000FFF7D0FC059B9B69002B15D0059BDB691C
:105A3000002B0ED0059B5B68002B06D0039B1B68D8
:105A40004FF401711846FFF7A3FC11230793079B3E
:105A5000B0E001238DF813309DF8133083F001037B
:105A6000DBB2002B0CD0059B019A9A61059B029A30
:105A7000DA60059B00225A62059B0022DA6105E08C
:105A8000059B029A1A61059B019ADA61059B93F8BE
:105A9000293083F00103DBB2002B09D09DF81330CD
:105AA00083F00103DBB2002B02D00398FFF75CFF09
:105AB000059B5B68002B73D1039B1B684FF4A2719D
:105AC0001846FFF73EFC039B1B684FF49271184683
:105AD000FFF74CFC03468DF81930039B1B684FF40D
:105AE00084711846FFF742FC03468DF81B30039B78
:105AF0001B684FF4A2711846FFF738FC03468DF877
:105B00001A309DF81B3083F00103DBB2002B0DD05F
:105B10009DF81A3083F00103DBB2002B06D09DF80C
:105B2000193083F00103DBB2002BCCD19DF8193082
:105B3000002B0FD19DF81A30002B0BD1039B1B6853
:105B400005991846FFF72BFF059B9A69059B5B6A31
:105B50009A42B8D8059B00229A619DF81930002B13
:105B600003D003230793079B24E09DF81A30002BF2
:105B700003D00F230793079B1CE0059B93F8293064
:105B8000002B06D0039B1B6800211846FFF76FFC13
:105B90000DE0039B1B6804211846FFF768FC06E034
:105BA000039B1B684FF401711846FFF7F1FB0023BC
:105BB0000793079B184609B05DF804FB20120020EC
:105BC00000B589B003900291019201238DF8103045
:105BD000029B0693019B0593039B5B68039A1168E4
:105BE00004AA1046984700BF09B05DF804FB00B551
:105BF00087B00190009100238DF80830009B04933A
:105C0000019B9B680393019B00225A61019B5B6887
:105C1000019A116802AA1046984700BF07B05DF8C4
:105C200004FB00B58BB0019000914FF40071019816
:105C3000FFF7B8FB0346002B39D04FF4927101985F
:105C4000FFF794FB0346002B31D04FF4927101987B
:105C5000FFF777FB4FF401710198FFF7B3FB009B4F
:105C600093F8293083F00103DBB2002B03D0042129
:105C70000198FFF7FCFB02238DF80C300198FFF729
:105C8000ABFB03460693009B9B690593009BDB6877
:105C90000493009B00229A61009B0022DA61009B22
:105CA0005B68009A116803AA1046984752E00421E5
:105CB0000198FFF777FB0346002B4BD04FF484711C
:105CC0000198FFF753FB0346002B43D0009901983E
:105CD000FFF765FE009B9A69009B5B6A9A4239D187
:105CE000009BDB69002B19D0009BDB680993009BAC
:105CF0005B6A0893009BDA69009B9A61009B1A69B2
:105D0000009BDA60009B0022DA61009B00225A624D
:105D1000099A08990098FFF753FF1BE0009B93F83E
:105D2000293083F00103DBB2002B03D0042101985A
:105D3000FFF79DFB4FF401710198FFF743FB009BB8
:105D400000229A61009B596A009BDB681A46009802
:105D5000FFF736FF4FF48E710198FFF707FB0346FC
:105D6000002B24D0009B5B690793009B1B6A079A5A
:105D70009A420DD9009B93F82830DBB283F00103DF
:105D8000DBB2002B04D000990198FFF721FD0EE053
:105D90004FF48E710198FFF7D4FA009B5B69002BDA
:105DA00005D0009B5B6919460098FFF720FF4FF470
:105DB000A2710198FFF7DAFA0346002B1CD04FF4CA
:105DC000A2710198FFF7BDFA009B93F82930002BD0
:105DD00003D000210198FFF74AFB009B9B69002B31
:105DE0000AD0009B00229A61009B596A009BDB68E5
:105DF0001A460098FFF7E4FE00BF0BB05DF804FB05
:105E000008B503490348FFF70CFF00BF08BD00BFFA
:105E1000201200200020004082B003468DF8073099
:105E20009DF90730002B0CDB9DF8073003F01F02B3
:105E300005499DF907305B09012000FA02F241F89B
:105E4000232000BF02B0704700E100E082B00346AB
:105E500000918DF807309DF90730002B0ADB009B7D
:105E6000DAB20C499DF907305201D2B20B4483F8E3
:105E700000230BE0009BDAB207499DF8073003F0DE
:105E80000F03043B5201D2B20B441A7600BF02B09A
:105E9000704700BF00E100E000ED00E082B001903B
:105EA000019B03F06043B3F1005F0CBF01230023AB
:105EB000DBB2184602B0704782B00190019B1B0B09
:105EC0005BB2184602B0704700B583B003460A467D
:105ED0008DF8073013468DF806309DF806209DF9A1
:105EE000073011461846FFF7B1FF00BF03B05DF859
:105EF00004FB00B583B003468DF807309DF90730E9
:105F00001846FFF789FF00BF03B05DF804FB84B0BB
:105F100001900B46ADF80230BDF80230019A1344EF
:105F200000221A60BDF80230019A13441B680393E3
:105F3000039B00BF04B0704782B001900B46ADF8E0
:105F40000230BDF80230019A13441B68002B14BFC5
:105F500001230023DBB2184602B0704782B00190E3
:105F60000091019BD3F80022009B1A43019BC3F8C8
:105F7000002200BF02B0704782B001900091019BE7
:105F8000D3F80022009BDB431A40019BC3F8002298
:105F900000BF02B0704782B001900091019B009A4F
:105FA000C3F8042300BF02B0704782B00190009193
:105FB000019B009AC3F8082300BF02B0704784B069
:105FC0000190019BD3F880340393019B039AC3F89B
:105FD0008024039B184604B0704782B00190019B57
:105FE0000822C3F8002500BF02B0704784B00390B8
:105FF00002910192039B029AC3F80C25039B019A1C
:10600000C3F8142500BF04B0704784B00390029118
:106010000192039B029AC3F80825039B019AC3F8D7
:10602000102500BF04B0704782B001900B468DF878
:1060300003309DF80330019A134401221A6000BF17
:1060400002B0704782B001900B468DF803301346C2
:106050008DF802309DF803209DF802301343DBB227
:106060001A46019BC3F86C2500BF02B0704782B08E
:1060700001900091019B009AC3F8242500BF02B053
:10608000704784B0039002910192029A039BC3F877
:106090004425039B019AC3F8482500BF04B070470C
:1060A00082B00190019BD3F84C35184602B070477E
:1060B00084B0039002910192029A039BC3F83425A5
:1060C000039B019AC3F8382500BF04B0704782B023
:1060D0000190019BD3F83C35184602B07047000090
:1060E00082B00190019B1B681F2B02D84FF0A04388
:1060F00006E0019B1B6803F01F02019B1A60024B24
:10610000184602B0704700BF0003005000B585B0CC
:106110000190084611461A4603468DF803300B4697
:106120008DF8023013468DF8013001AB1846FFF7A9
:10613000D7FF03909DF803209DF802305B001A43BF
:106140009DF801309B001A439DF818301B0242EA6B
:1061500003019DF81C301B04019A1943039B02F5AF
:10616000E07243F8221000BF05B05DF804FB00B5F3
:1061700085B00390002301930023009300230122A4
:1061800001210398FFF7C2FF00BF05B05DF804FBD3
:1061900000B585B003900B468DF80B309DF80B30A1
:1061A0000022019200220092002200210398FFF7B2
:1061B000ADFF00BF05B05DF804FB00B585B00190F0
:1061C00001AB1846FFF78CFF0390019B012202FAF6
:1061D00003F31946039800F004F800BF05B05DF81A
:1061E00004FB82B001900091019B009AC3F808253E
:1061F00000BF02B0704700B583B001900091009BD2
:106200001B68B3F1FF3F09D0009B1B681846FFF7DE
:10621000D4FF009B1B681846FFF7A9FF009B5B6833
:10622000B3F1FF3F05D0009B5B6800211846FFF7E4
:10623000AFFF019B1A68009B9B6919461046FFF748
:1062400016FF019B1868009B597D009B1B7D1A4619
:10625000FFF7F8FE019B1868009B1968009B5B68BC
:106260001A46FFF7C3FE009B1B7D012B22D1009B2A
:106270009B68B3F1FF3F05D0009B9B680021184647
:10628000FFF786FF009BDB68B3F1FF3F09D0009B5F
:10629000DB681846FFF791FF009BDB681846FFF7A5
:1062A00066FF019B1868009BD968009B9B681A4693
:1062B000FFF7ABFE00BF03B05DF804FB00B583B091
:1062C00001900B468DF80330019B1B684FF48871D9
:1062D0001846FFF71CFE019B1B684FF4907118468F
:1062E000FFF715FE019B1B684FF492711846FFF7EC
:1062F0000EFE019B1B684FF4A2711846FFF707FEC4
:10630000019B1B684FF4AC711846FFF700FE019B20
:106310001B680F491846FFF73EFE019B1B68184695
:10632000FFF7CAFD03461A469DF80330194610468A
:10633000FFF7CAFD019B1B681846FFF7BDFD03462A
:106340001846FFF7D6FD00BF03B05DF804FB00BFA1
:106350001003420000B587B0039002910192039BA5
:106360001B791A461346DB0013449B00264A13444C
:10637000049300230593049B93F82030002B03D053
:1063800008230593059B3AE0039B1A68039B1B793E
:1063900019461E4B53F8213019461046FDF7BCFA3A
:1063A0000346002B03D011230593059B27E0029998
:1063B0000398FFF720FF049B019A5A60029B1A6919
:1063C000049B1A60049B5B68002B05D0029B1B7F1B
:1063D00019460398FFF772FF039B1B681846FFF7E7
:1063E000FCFD049B00229A61049B0022DA61049B5D
:1063F00000225A61049B012283F82020059B184645
:1064000007B05DF804FB00BF4C120020B874030015
:1064100000B589B0039002910192039B1B791A4643
:106420001346DB0013449B00434A13440593029830
:10643000FFF734FD034683F00103DBB2002B03D0EA
:1064400010230793079B73E0039800F077F8034647
:10645000002B03D011230793079B69E0059B019A4A
:106460005A61059B029A9A6000230793039B1B685D
:106470004FF490711846FFF74AFD039B1B684FF4D9
:10648000AC711846FFF743FD039B1868059B99689C
:10649000059B5B691A46FFF7F4FD039B1B68082107
:1064A0001846FFF7C1FD059B5B68002B3FD1039B9E
:1064B0001B684FF490711846FFF73EFD03468DF8B8
:1064C0001A30039B1B684FF4AC711846FFF734FD7C
:1064D00003468DF81B309DF81A3083F00103DBB2C0
:1064E000002B06D09DF81B3083F00103DBB2002B9C
:1064F000DDD19DF81B30002B02D00F23079313E052
:10650000039B1B680C211846FFF78EFD00BF039B01
:106510001B684FF4AC711846FFF70EFD034683F07D
:106520000103DBB2002BF2D1059B00225A61079BCD
:10653000184609B05DF804FB4C12002082B00190AF
:10654000019B1B791946084A0B46DB000B449B0054
:10655000134414331B68002B14BF01230023DBB248
:10656000184602B0704700BF4C12002000B58BB037
:10657000039002910192039B1B791A461346DB009C
:1065800013449B006F4A134406930298FFF786FC5E
:10659000034683F00103DBB2002B03D010230893E2
:1065A000089BCAE000238DF81F30069B5B68002B18
:1065B00006D0039B1B684FF404711846FFF7F5FCE7
:1065C000069B9B69002B15D0069BDB69002B0ED028
:1065D000069B5B68002B06D0039B1B684FF404717D
:1065E0001846FFF7D8FC11230893089BA5E0012368
:1065F0008DF81F309DF81F3083F00103DBB2002BB4
:1066000009D0069B019A9A61069B029ADA60069B62
:106610000022DA6105E0069B029A1A61069B019A44
:10662000DA6100230893039B1B684FF488711846B6
:10663000FFF76DFC039B1B684FF4A2711846FFF730
:1066400066FC039B1B68019A02991846FFF730FD10
:106650009DF81F3083F00103DBB2002B06D0039BB3
:106660001B6800211846FFF7DFFC05E0039B1B6851
:1066700020211846FFF772FC039B1B791946314A0B
:106680000B46DB000B449B00134404331B68002BB8
:106690004BD1039B1B684FF488711846FFF74CFCE5
:1066A00003468DF82730039B1B684FF4A2711846F0
:1066B000FFF742FC03468DF81730039B1B684FF42D
:1066C00092711846FFF738FC03468DF816309DF896
:1066D000273083F00103DBB2002B0DD09DF817307B
:1066E00083F00103DBB2002B06D09DF8163083F057
:1066F0000103DBB2002BCCD1039B1B791946114A55
:106700000B46DB000B449B001344183300221A6035
:106710009DF81630002B01D0032308939DF8173005
:10672000002B09D00F23089306E0039B1B684FF44E
:1067300004711846FFF72FFC089B18460BB05DF854
:1067400004FB00BF4C12002000B589B003900291F9
:10675000019201238DF81030029B0693019B059353
:10676000039B5B68039A116804AA1046984700BF10
:1067700009B05DF804FB00B587B0019000910023DB
:106780008DF80830009B0493019B9B680393019B49
:1067900000225A61019B5B68019A116802AA1046A7
:1067A000984700BF07B05DF804FB00B589B00190C1
:1067B00000914FF492710198FFF7BEFB0346002B46
:1067C00022D04FF492710198FFF7A1FB02238DF8BC
:1067D00008300198FFF7F3FB034605930198FFF794
:1067E00076FC03460493009BDB680393009B002226
:1067F0009A61009B0022DA61009B5B68009A116835
:1068000002AA104698473BE04FF488710198FFF7C1
:1068100093FB0346002B33D04FF488710198FFF7A8
:1068200076FB0198FFF753FC0790009B9B69079A42
:106830009A4225D1009BDB69002B17D0009BDB68B7
:10684000069320210198FFF797FB009BDA69009BD4
:106850009A61009B1A69009BDA60009B0022DA6152
:10686000069A07990098FFF76FFF09E0009B002246
:106870009A61009BDB681A4607990098FFF764FF4E
:106880004FF4A2710198FFF757FB0346002B18D075
:106890004FF4A2710198FFF73AFB009B9B69002B14
:1068A0000FD0009B00229A61009B0022DA610198C0
:1068B000FFF70DFC0146009BDB681A460098FFF7C6
:1068C00043FF4FF490710198FFF736FB0346002B0E
:1068D00014D04FF490710198FFF719FB0C21019827
:1068E000FFF7A2FB009B5B69002B07D00198FFF725
:1068F000D7FB034619460098FFF73DFF4FF4AC71F4
:106900000198FFF719FB0346002B10D04FF4AC7130
:106910000198FFF7FCFA009B5B69002B07D00198F8
:10692000FFF7BEFB034619460098FFF724FF00BFA0
:1069300009B05DF804FB000008B503490348FFF700
:1069400034FF00BF08BD00BF4C12002000200040F3
:1069500000B589B001900091009B0793019B1B78C3
:106960008DF80C30019B5B680493019B9B68DBB244
:106970008DF81430019BDB680693074A079B52F899
:1069800023300649079A51F8221003AA1046984767
:1069900000BF09B05DF804FB7012002078120020DF
:1069A00000B589B001900091009B0793019B1B7873
:1069B0008DF80C30019B5B680493019B9B68DBB2F4
:1069C0008DF81430019BDB680693074A079B52F849
:1069D00023300649079A51F8221003AA1046984717
:1069E00000BF09B05DF804FB70120020781200208F
:1069F00030B58FB0039002910192039B1B780C93EA
:106A000026490C9B019A41F82320029B1A692449CC
:106A10000C9B41F82320029B5B7F1946214A0C9B6B
:106A200013440A461A70029B04AC1D460FCD0FC4D6
:106A300095E80F0084E80F000C9B089300230D934A
:106A4000039B1B781A46174B9B5C002B0DD0039BB6
:106A5000181D019B002B01D0134A00E0002204AB5B
:106A60001946FFF777FC0D9014E0039B1B781A463C
:106A70000C4B9B5C002B0DD1039B03F10C00019B85
:106A8000002B01D0094A00E0002204AB1946FEF7B2
:106A90003FFE0D900D9B18460FB030BD70120020C8
:106AA000781200208012002051690200A1690200C2
:106AB00000487047D812002053EA020C61D02DE93B
:106AC000F04BB3FA83F51E0007BFB2FA82F502FA63
:106AD00005F403FA05F41646C5F120051EBF22FA97
:106AE00005F73C43203556EA044C4FEA144418BFDE
:106AF0000134A3464FF00009C846904271EB030CE5
:106B000039D3094207BFB0FA80F700FA07F6B1FAA5
:106B100081F701FA07F6C7F120071EBF20FA07FC2C
:106B200046EA0C062037B6FBFBFC7F1B103F07F044
:106B30001F04C4F120060CFA04F42CFA06F644BF34
:106B400034460026202FA4BF2646002454EA060C13
:106B500008BF012418EB040849EB0609A4FB027CDA
:106B6000C01B06FB02CC04FB03CC71EB0C01904272
:106B700071EB030CC5D20B46024649464046BDE8C0
:106B8000F08BB2FBF3F22DE9304081EA03040D46AD
:106B9000002906DA6FEA00006FEA0101013041F1D5
:106BA0000001002B06DA6FEA02026FEA03030132EA
:106BB00043F10003FFF780FF002C06DA6FEA0000C4
:106BC0006FEA0101013041F10001002D06DA6FEAA0
:106BD00002026FEA0303013243F1000330BD0000FB
:106BE0007F2805D8034B185C034B5B5C184070474B
:106BF00000207047C874030048750300A0F16103CA
:106C0000192B98BF20387047A0F14103192B98BF6A
:106C1000203070477F2805D8034B185C034B5B5C22
:106C20001840704700207047C8740300487503007F
:106C3000A0F16103192B98BF20387047A0F14103E0
:106C4000192B98BF203070477F299ABF017001200F
:106C50006FF02E0070475AB10A787F2A0AD800B127
:106C60000260002119605960501A18BF0120704756
:106C7000002070476FF02E007047000070B5041EB2
:106C800006DB002C1DDD002600200F490F4D06E01D
:106C900064420126F8E764100835002C07DD14F083
:106CA000010FF8D0D5E9002301F0BEFCF3E72EB1C7
:106CB00002460B460020044901F052FD41EC100B46
:106CC00070BD00200049F9E70000F03F287703007D
:106CD00010B504460846A2684AB12368616803F10A
:106CE000010C8C4508BF00208B4208D2D054E368C9
:106CF0002BB121686268914201D2214698472368EE
:106D00000133236010BD70B54C1E09D41646C5B2C0
:106D100029463046FFF7DCFF013CB4F1FF3FF7D1D5
:106D200070BD10F0100F08D108B510F4007F14BF2B
:106D300030202020FFF7E7FF08BD70470028B8BFCC
:106D40004042704708B5034B5B689B681B689847D7
:106D500008BD00BF5400002008B50721FFF7F2FF6F
:106D600008BD08B50621FFF7EDFF08BD08B50421F1
:106D7000FFF7E8FF08BD38B504460D46FFF7F6FFFC
:106D800030B1A4F13000A842A8BF4FF0FF3038BDA9
:106D90002046FFF7E6FF10B1A4F15700F3E72046C5
:106DA000FFF7DAFF10B1A4F13700ECE74FF0FF3046
:106DB000E9E708B50821FFF7C5FF08BD00B5FFF7F3
:106DC00077FE024B18445DF804FB00BF0C00000086
:106DD0002DE9F04F83B001908B469246044626463B
:106DE00014F8015BE5B12846FFF7E3FF0028F6D170
:106DF000302D15D1B31C257805F0DF02582A06D0B6
:106E0000BAF1000F4ED14FF0010A082606E03AF021
:106E1000100243D1A31C6578924610261C4603E05D
:106E2000BAF1000F1CD10A264FF000084746C146B0
:106E300031462846FFF79FFF002815DB08FB0608B0
:106E40004FEA184307FB06371FFA88F8B7F5803F6B
:106E500028BF4FF0010914F8015B4FF0010AE7E782
:106E600056464FF0000ADFE7BBF1000F07D0BAF13A
:106E7000000F01D0631E0193019BCBF80030B9F1E4
:106E8000000F04D148EA074003B0BDE8F08FFFF7D8
:106E900095FF222303604FF0FF30F5E756464FF091
:106EA000010ABBE756464FF0010AB7E738B5204B59
:106EB000204A9B1A102B39D9044601F08DFA04F1AF
:106EC000130020F00F021C4B186858B34FF0FF342A
:106ED0000025294611E041B103680B60044644F8DF
:106EE000042B01F07AFA204638BD0168124B196074
:106EF000F4E70368014653B1184643689342EAD069
:106F00009342F6D9A3423CBF1C460546F1E74DB17A
:106F10006B689B1A6B60A31AEC18EA5001F05DFADB
:106F20000434E0E701F059FA0024DCE70024DAE752
:106F3000FC320020FC120020680000200CB400B5D8
:106F400087B008AA52F8043B0592039000200490F1
:106F50000291194601A800F0CBF907B05DF804EBE7
:106F600002B07047037833B1CAB29A4208D010F821
:106F7000013F002BF9D111F0FF0F18BF002070471F
:106F80007047D2B110B51446012A12D00A46034602
:106F9000204400F1FF3E1146184613F8014B44B15E
:106FA000013291F800C0A44503D1184611469E4510
:106FB000F1D100780B78C01A10BD00207047BAB12B
:106FC00000B59446013903469E4611F8012F03F897
:106FD000012B22B1BCF1010CF6D15DF804FBBCF130
:106FE000010FFAD9F44403F8012B6345FBD1F4E710
:106FF0007047037853B159B10144034613F8012F88
:1070000012B18B42FAD10B46181A70470346FBE7C0
:107010000346F9E770B50D46044660B1217841B1E9
:107020002846FFF79FFF034650B114F8011F0029BF
:10703000F6D1002320E0FFF73BFD104B1C58EDE795
:107040002178C9B126462846FFF78CFF48B916F8C3
:10705000011F0029F7D1FFF72BFD084B1E502346D7
:107060000AE03378002BF6D0002306F8013BFFF747
:107070001FFD024B1E502346184670BD080000003D
:107080002DE9F04782B0804689469246044627465D
:1070900014F8015B55B32846FFF78BFE064600281F
:1070A000F5D12B2D15D1524601A92046FFF790FEB0
:1070B0000346B9F1000F2CD0019AA24208BF424604
:1070C000C9F800202EB3002B1CDB584202B0BDE8EB
:1070D000F0872D2D0AD1524601A92046FFF778FEF0
:1070E0000346B9F1000FEED00126E5E7524601A9AB
:1070F0003846FFF76DFE0346B9F1000F09D03C4654
:107100000026D9E7FFF75AFE222202604FF0004026
:10711000DCE71846002BD9DAFFF750FE2223036084
:107120006FF00040D2E738B50446FFF747FE056828
:107130000A2200212046FFF7A3FF0446FFF73EFE88
:107140000560204638BD844640EA010313F0030F72
:1071500018D18446202A0BD32DE9F007B1E8F807AF
:10716000A0E8F807A2F12002202AF7D2BDE8F00734
:10717000042A07D351F8043B40F8043BA2F104026F
:10718000042AF7D2002A05D011F8013B00F8013B90
:10719000013AF9D1604670478446002A2DD010F09C
:1071A000030F04D000F8011B013A26D0F7E7C9B25B
:1071B00041EA012141EA0141202A12D3A2F1200231
:1071C0002DE9F0030B460C460D460E460F46884649
:1071D0008946A0E8FA03203AFBD2BDE8F00320324A
:1071E0000BD0042A05D340F8041B043A05D0042A26
:1071F000F9D200F8011B013AFBD160467047024604
:1072000010F0030F16D111F0030F13D12DE9F00088
:107210004FF001374FF0803351F8044BA4EB0705D2
:1072200025EA04051D4002D142F8044BF4E7A1F120
:107230000401F0BC11F8013B02F8013B002BF9D12D
:10724000704710F0030F19D111F0030F16D12DE97B
:1072500070004FF001364FF0803350F8044B51F876
:10726000045BAC4205D1A4EB060525EA04051D40EC
:10727000F3D0A0F10400A1F1040170BC10F8012BBF
:1072800011F8013BD21A01D1002BF7D110467047FB
:1072900000F1010110F0030F11D010F8012B002AAA
:1072A00023D010F0030F0AD010F8012B002A1CD0B5
:1072B00010F0030F03D010F8012B002A15D02DE990
:1072C00070004FF001324FF0803350F8044BA4EBC4
:1072D000020525EA04051D4000D1F6E7A0F10400EF
:1072E00070BC10F8012B002AFBD1A0EB0100704705
:1072F0002DE9F04F2DED088B93B0824609920023C3
:1073000003600C4614F8011B002900F0E9879FED8B
:107310009C9B9FED9DBB9FED9EAB4F4600F0D2BF67
:10732000002507E05E2869D145F4805501E045F06D
:1073300040051C46234613F8010B3028F2D81F28BD
:1073400037D9A0F12002102A33D801A151F822F038
:107350002F730200B3730200B3730200957302002F
:10736000B3730200B3730200B37302009B73020095
:10737000B3730200B3730200B3730200A17302007F
:10738000B3730200A7730200B3730200B373020069
:10739000AD73020045F08005CBE745F40045C8E732
:1073A00045F02005C5E745F01005C2E745F4007536
:1073B000BFE72A2822D1099A111D09911268002AD3
:1073C000BCBF524245F010051878A31C22EAE272B5
:1073D00004922E2827D00026742848D07A2846D038
:1073E0006A2800F0C5806C2800F0D6804C2800F098
:1073F000E180682800F0EF809B463BE0A0F130027E
:10740000D2B2092A88BF0022E0D8002202EB820211
:10741000303800EB420213F8010BA0F13001C9B281
:107420000929F3D9D2E718782A280AD1099A111D17
:107430000991166858780233002ECDDB45F480752B
:10744000CAE70133A0F13002D2B2092A88BF002670
:10745000F4D8002606EB8606303800EB460613F813
:10746000010BA0F13002D2B2092AF3D9E4E79B461E
:107470001BF8010B782800F2A080DFE810F043072A
:107480009E009E009E009E009E009E009E009E000C
:107490009E009E009E009E009E009E009E009E00FC
:1074A0009E009E009E009E009E009E009E009E00EC
:1074B0009E009E009E009E009E009E009E009E00DC
:1074C0009E009E009E009E00BA009E009E009E00B0
:1074D0009E009E009E009E009E009E009E009E00BC
:1074E0009E009E009E009E009E009E009E009E00AC
:1074F0009E009E009E009E009E009E009E009E009C
:107500009E009E009E009E000B0226022B029E0003
:107510009E009E009E009E009E009E009E009E007B
:107520009E009E009E009E009E009E009E004E01BA
:107530009E009E009E009E009E009E009E009E005B
:107540009E009E00C000A4010D0228022D029E0094
:10755000A4019E009E009E009E00D1009001280183
:107560009E009E00EC009E009C019E009E0050012B
:1075700045F002059B461BF8010B7BE7AFF300804B
:10758000000000000000E03F000000000000594043
:10759000A0C8EB85F3CCE17F18786C2804D003F108
:1075A000010B45F0010565E745F0020503F1020B0B
:1075B00058785FE745F001059B46B24B1C68002CEC
:1075C00000F07C8609AB01930096049B2A46514645
:1075D000A04700F073BE1878682804D003F1010BAF
:1075E00045F0040546E745F0080503F1020B58781D
:1075F00040E725215046FFF76BFB00F05FBE099B7B
:107600001A1D09921C78049B03F1FF38524641462B
:107610002846FFF786FB21465046FFF759FB47E017
:1076200015F0080F08D0DAF80020099B191D099100
:107630001B681A7000F042BE15F0020F099B03F19F
:10764000040209921B68DAF800201A601CBF0022AD
:107650005A6000F033BE099B1A1D09921B68029301
:107660002B468948029A002A18BF1046029023F43C
:10767000007513F4807F26D03146FFF7BAFC04462C
:10768000049BA3EB0408524641462846FFF749FBFA
:10769000671E6CB1DDE90267334601361978504642
:1076A000FFF716FB013CF7D1CDE902674FF0FF373A
:1076B00015F0100F00F00286524641462020FFF7D9
:1076C00022FB00F0FBBDFFF7E3FD0446D8E7099974
:1076D0000B1D09930A68002310461946CDE90201E3
:1076E00015F0800F18BF2323059345F480750826F5
:1076F000DDE902783946424643463B4300F0BB850C
:107700000BAF002405F4005CDFF88081DFF880E136
:107710006346AC461D4600F061BD45F4005515F0CA
:10772000800F08D043F2780243F25803782818BF3C
:107730001A46059201E00023059315F4807F01D0DD
:1077400025F4007515F4804F64D015F0020F42D077
:10775000099B073323F0070303F108020992D3E9D9
:107760000034CDE9023415F0040F3FD0DDE90223E7
:1077700014B242F3C03122460B46CDE90223DDE9C3
:1077800002784246002A3BDA7B421C4668EB4801FD
:1077900022460B46CDE902232D23059352E015F036
:1077A000800F0CBF00233023059315F4807FC9D0D0
:1077B00025F40075C6E715F4807F09D025F400751F
:1077C00000230593BEE745F4804500230593B9E700
:1077D00000230593B6E7099B1A1D09921B681C46F6
:1077E000D91722460B46CDE90223BCE715F0080F56
:1077F000C5D09DF80840002122460B46CDE9022362
:1078000015F0200F3BD115F0400F059B18BF20232A
:10781000059317E015F0020F1CD0099B073323F0E6
:10782000070303F108020992D3E90034CDE90234D9
:1078300015F0040F18D0BDF80840002122460B4671
:10784000CDE9022315F4807F00F0448425F400750F
:1078500000F041BC099B1A1D09921C6800212246B8
:107860000B46CDE90223E3E715F0080FEAD09DF8B7
:107870000840002122460B46CDE90223E2E72B23F4
:107880000593DFE78412002070770300FC76030085
:107890000C77030045F4005545F48068099B0733D5
:1078A00023F0070303F10802099293ED008B8DED9D
:1078B000028B18F4807F12D096B908F44066B6F5B2
:1078C000406F14BF002601260AE045F4005545F438
:1078D0000068E3E745F4005545F44068DEE7062616
:1078E000B0EE480AF0EE680A01F0FCF8002840F01B
:1078F000CB80B0EE480AF0EE680A01F0FDF808907F
:10790000002840F0DE80B0EE480AF0EE680A01F090
:10791000FDF860B148F060088DED068A18EE903AE7
:1079200003F100430793DDE90634CDE90234DDE9D4
:10793000024511A845EC104B01F0F6F8119B03EB42
:107940004303B64A82FB0312DB17C3EBA203119376
:10795000002200232046294601F006F8002800F006
:10796000BC8008F440630593B3F5806F0AD0B3F58B
:10797000406F40F03282119BB34203DA13F1040FDF
:1079800080F22B821198B0F59A7F40F0C28053ECC0
:107990001A2B2046294600F0E3FECDE90201DDE97D
:1079A0000245002200232046294600F0DDFF002882
:1079B00048D145EC104B01F095F8002840F0B58017
:1079C0000022974B2046294600F0E8FFC0B1119BEA
:1079D00003F10109CDF808900022914B2046294679
:1079E00000F0BEFE04460D4609F1010900228C4B51
:1079F00000F0D4FF0028EDD1029B1193CDE90245A0
:107A0000DDE902450022874B2046294601F000F8B7
:107A1000C0B1119B03F1FF39CDF808900022804BD3
:107A20002046294600F000FE04460D4609F1FF39C4
:107A300000227C4B00F0ECFF0028EDD1029B11935B
:107A4000CDE90245002E00F06684059BB3F5406F3A
:107A500000F088807042FFF711F951EC100B53ECE5
:107A6000192B00F0E1FDDDE9022300F0B7FC04462C
:107A70000D46CDE902450022694B00F08FFF00283A
:107A800000F06F8400F05FBC0022002351EC180B63
:107A900000F0BEFF68B918F4005F634B634A08BF8B
:107AA000134618F0200F08BF0133029328F48073A7
:107AB000D7E518F4005F5E4A5E4B18BF1346029389
:107AC000F4E718F4005F5C485C4B08BF184628F4E4
:107AD0008073CBE5119B0133119311980130FFF7AF
:107AE000CDF853EC102B2046294600F075FF0028F6
:107AF000F0D102E0119B013B11931198FFF7BEF802
:107B000053EC102B2046294600F082FF0028F1D1CB
:107B100027E74042FFF7B2F853EC102B20462946E6
:107B200000F082FDCDE9020139E700220023204662
:107B3000294600F06DFF68B918F4005F3A4B3B4AE4
:107B400008BF134618F0200F08BF0133029328F432
:107B5000807386E518F4005F354A364B18BF13462C
:107B60000293F4E706F1FF39C6F10100FFF786F84A
:107B700051EC100B53EC192B00F056FDDDE90223FC
:107B800000F02CFC04460D46CDE902450022244BB2
:107B900000F004FF08B14E46D5E34E46DEE3102E5A
:107BA000A8BF1026DDE902453046FFF767F853EC21
:107BB000102B2046294600F037FD00F045FF814696
:107BC000059151EA00030BD128F400630593049B4F
:107BD000A3F1050918F0800340F0D1830893D0E3A6
:107BE0000A220023FEF768FF134340F0C0830A24F3
:107BF0000025013E22462B4648460599FEF75CFFCC
:107C000081460591002EDFD022462B46FEF754FF19
:107C10001343EED0ABE301261FE000BF6766666644
:107C2000000024400000F03F8877030090770300B5
:107C30007877030080770300987703009C77030030
:107C40000022C34BDDE9020100F0EEFCCDE90201A8
:107C5000013C119409F1FF390226089B23EAE373E2
:107C6000089318F0600F18BF09F1FF391198FFF75A
:107C700065F86328C8BF09F1FF39DDE902783846A5
:107C8000414600F0E1FE04460D4600F0FDFE0246CE
:107C90000B463846414600F0C3FCCDE9020129EA13
:107CA000E977059B13F4047F00F05A81059B13F0DC
:107CB000200F00F0638113F0400F14BF2D212B2102
:107CC0005046FFF705F8059B13F0100F00F0608198
:107CD00006F10053013B9F4A02EBC3084FF0300905
:107CE000013ED8F80030D8F804C0A8F108089C423A
:107CF00075EB0C02C0F0598149460131C9B2E01A56
:107D000065EB0C0204461546984272EB0C02F4D265
:107D10005046FEF7DDFF002EE2D1059B13F4006410
:107D200040F04581089B002B40F05081059B13F0EB
:107D3000800F40F0EA82059B13F4806F2FD013F47C
:107D4000005F14BF452165215046FEF7C1FF119B1E
:107D5000002BC0F2A1812B215046FEF7B9FF1199EB
:107D6000632900F3A18111997B4C84FB0132C9176F
:107D7000C1EBA2013031C9B25046FEF7A9FF119BF9
:107D800084FB0324D917C1EBA40101EB8101A3EB10
:107D9000410303F13001C9B25046FEF799FF002FAD
:107DA00000F08C822024013F21465046FEF790FFD0
:107DB000002FF8D182E253EC1B2BDDE9020100F029
:107DC00033FCCDE90201023C1194A9F1020903261A
:107DD00043E73E4641E7012643E718F4806F2FD082
:107DE000119B0E2B2DDC0133F21A102AA8BF102292
:107DF000089218F0800F24D1B34222D016463046A4
:107E0000FEF73CFF53EC102B2046294600F00CFCFB
:107E100053EC192B00F0E2FA41EC100B00F034FFA8
:107E20009FED491B00F084FF51EC100B0022002352
:107E300000F09AFD002866D0013EE0D1089600E0EF
:107E4000089628F480630593119B089A5042A3F189
:107E50000F028242C8BFA3F11000FEF70FFF4FF0E0
:107E6000FF3000F089FE53EC102B2046294600F02D
:107E7000B5FACDE90201DDE9026711980130FEF79C
:107E8000FDFE53EC102B3046394600F087FD10B153
:107E9000119B01331193119800284CDB102834DC1E
:107EA0003046394600F0D0FD04460D4600F0ECFDAA
:107EB00002460B463046394600F0B2FBCDE90201DE
:107EC000002311930A2C75F1000339D3234B0126AB
:107ED000013653F8081F5A688C4275EB0202F7D23C
:107EE00008998B19119A1344049AA2EB030908F01C
:107EF00080030B4318BF09F1FF3918F0600F18BF5A
:107F000009F1FF39CBE608969BE7A0F11003119326
:107F1000C0F11000FEF7B2FE53EC102B304639468C
:107F200000F082FB00F090FD04460D460022002385
:107F3000CDE90223C6E7002511952C460126CFE79F
:107F40000126CDE7AFF300800000000000002440D0
:107F500000002440A077030067666666A8770300E8
:107F6000B9F1000F7FF7A2AE4FF02008013F414664
:107F70005046FEF7ADFE002FF8D197E6059B13F0B3
:107F8000400F3FF4A0AE20215046FEF7A1FE9AE636
:107F9000002F3FF49DAE4FF03008013F4146504660
:107FA000FEF796FE002FF8D192E64946B0E6119B07
:107FB000002B7FF7B7AE3025013B11932946504681
:107FC000FEF786FE119B002BF6DCABE62E21504619
:107FD000FEF77EFE089E102EA8BF102626EAE67643
:107FE000089BA3EB0608D4B1DDE902451198301ACD
:107FF000FEF744FE53EC102B2046294600F014FBFC
:1080000000F022FD04460D46C6B3DFF8C89306F122
:108010000056013E09EBC606CDF810B01FE0DDE9C1
:1080200002453046FEF72AFE53EC102B2046294627
:1080300000F0FAFA00F008FD04460D46E4E70131CD
:10804000C9B2E01A65EB0C0204461546984272EB81
:108050000C02F4D25046FEF73BFECB450CD0336801
:10806000D6F804C0B346083E9C4275EB0C0201D31F
:108070003021E4E73021EDE7DDF810B0B8F1000F72
:108080003FF459AE30244546013D21465046FEF7A7
:108090001FFE002DF8D14EE62D215046FEF718FEAA
:1080A000119B5B4211935AE6C74C84FB0132C917FE
:1080B000C1EB62113031C9B25046FEF709FE119B87
:1080C00084FB0324DA17C2EB6414642202FB14332A
:1080D000119348E601265838202800F2B38001A306
:1080E00053F820F0F176020045820200458202003A
:1080F000458202004582020045820200458202005C
:10810000458202004582020045820200458202004B
:10811000458202009D8102004582020045820200E4
:1081200045820200458202009D81020045820200D4
:10813000458202004582020045820200458202001B
:1081400069810200F1760200458202004582020048
:1081500045820200458202009D81020045820200A4
:1081600045820200F1760200DDE902783A46414696
:1081700043463B4308BF002465D00BA8002402F00F
:108180000703303300F8013B0134D30843EA41735D
:10819000CF081A4639463B43F1D154E0DDE90212DB
:1081A0000F46904613460B4308BF00244BD00024D3
:1081B00005F40043CDF820B0AB461D4630E001F099
:1081C0000F0318F8033007F8013B01340B0943EAA9
:1081D0000273100919460246034306D0002DEED063
:1081E00001F00F031EF80330EDE765462BE012ABFC
:1081F00003EB04090A22002338464146FEF75CFCE3
:10820000303209F81C2C01340A220023384641463A
:10821000FEF752FC0A2F78F100030FD30746884679
:10822000002DE4D004F00303032BE0D112AB234470
:108230004FF02C0203F81C2C0134D8E75D46DDF822
:1082400020B000E00024361B26EAE676049BA3EB70
:108250000608A8EB0408059BFF2B0ED9A8F102081D
:10826000C3F307215046FEF733FD9DF81410504626
:10827000FEF72EFD05E00024E5E7059B002B40F00E
:108280009F80524641462846FEF74BFD52463146F6
:108290003020FEF738FD671E0DD40BAF013C3C4487
:1082A000217826465046FEF713FDA74204F1FF341D
:1082B000F6D14FF0FF3715F0100F0BD15C4614F8D4
:1082C000011B69B125293FF42BA85046FEF700FD9C
:1082D000A346F3E7524641462020FEF714FDEDE7A2
:1082E000DAF808303BB1DAF80020DAF804108A42F4
:1082F0003CBF00219954DAF8000013B0BDEC088BA4
:10830000BDE8F08F4FF0FF30F7E72E215046FEF723
:10831000DFFC089E64E60020FEF7B0FC51EC100B79
:1083200053EC192B00F080F9DDE9022300F056F838
:1083300004460D46CDE902450022244B00F02EFBF9
:1083400000283FF441AC119B0133119300221F4BD5
:108350002046294600F004FACDE90201002E3FF440
:1083600033AC08F40863B3F5006F3FF418AC28F49D
:1083700000630593731D049AA2EB0309089609F1A3
:10838000FF3918F4805F3FF426AD119C104B83FB3E
:108390000423A3EBE47303EB4303E31A0233042B3C
:1083A0003FF617AD01A252F823F000BF417C020056
:1083B000B77D0200177C0200417C0200B77D0200FD
:1083C00008F1FF3851E700BF1F85EB510000244042
:1083D00056555555A07703007047704730B591EA60
:1083E000030F00F18480841A71EB030C05D212197B
:1083F00053EB0C03001B71EB0C0140F2000CCFF6A9
:10840000E07C1CEA430F54D0BCEB410F61D90C0D4A
:10841000A4EB135E31EA0C0141F4801133EA0C0342
:1084200043F48013DEF1200C2AD303FA0CF5401933
:1084300041F1000122FA0EF5401923FA0EF56941C7
:1084400012FA0CF2CD0208D349085FEA30005FEA65
:10845000320228BF42F001020134013C5FEA500CB5
:1084600072F1004250F1000051EB04514FF400133F
:1084700013EB410F38BF30BD090D0905002030BD99
:10848000BEF1200EBEF1200F1ED223FA0EF54019C8
:1084900041F10001CEF1200C124218BF012203FA73
:1084A0000CF52A43CEE711EA5C0F04BF002000213F
:1084B00030BD1CEA410F04BF01F00041002030BD77
:1084C00001F00041002030BD21F4801101EB045186
:1084D00030BD004218BF41F00101BCEB410F08BFA5
:1084E00030BD4FF0FE4141F47801002030BD83F0F3
:1084F0000043841A71EB030E07D28EF0004E001B6E
:1085000071EB0E01121953EB0E0340F2000CCFF683
:10851000E07C1CEA430FC6D0BCEB410F72D90C0DB6
:10852000A4EB135EC90241EA5051C00241F0004180
:10853000DB0243EA5253D20243F00043DEF1200C47
:1085400041D312FA0CF522FA0EF203FA0CF542EAC4
:10855000050218BF42F0010223FA0EF3801A994176
:10856000E30AC4F30A0411F0404F03D418D0013CCD
:1085700040004941013C23D44205C00A40EA415031
:10858000C90A51EAC3715FEA500C72F1004250F11E
:10859000000051EB045130BD01002FD00020203CE1
:1085A0000029F9D0B1FA81FCDCF1200E11FA0CF1AE
:1085B00030FA0EF510FA0CF02943A4EB0C04D9E7BD
:1085C0000020D90730BDAEF1200EBEF1200F0DD234
:1085D000CEF1200C03FA0CF533FA0EF32A4318BF40
:1085E00043F00103C01A61F10001B9E721F0004135
:1085F000C00A40EA4150C90A01EB045130BD0020D5
:10860000002130BD004218BF41F00101BCEB410F19
:108610007FF467AFBCEB430F3FF463AF30BD00BFE7
:1086200083F00043FFF7DABEF0B540F2FF7681EA4F
:10863000030C16EA115E1EBFB64516EA1355B54285
:108640005AD021EA465141F48011A1FB024723EAA6
:10865000465343F48013AE44A0FB03650CF0004C7A
:1086600036197D41A1FB034747F10003A0FB021728
:10867000F619654153F10003094218BF46F001069F
:1086800040F2FE74B3F5007F13D2AEF5806EA645BE
:108690002BD24CEA0331280341EA155140EA165027
:1086A0003203450872F1004250F1000051EB0E51C7
:1086B000F0BDAEF2FF3EA64517D24CEAC321E80258
:1086C00041EA555140EA5650F202450872F1004223
:1086D00050F1000051EB0E51F0BD0CF0004141F0A3
:1086E000FE4141F470010020F0BD1EEA0E0FF4D5EA
:1086F0000CF000410020F0BD16EA115F04BF01F04C
:1087000000410020004218BF41F0010116EA135F4A
:1087100004BF03F000430022124218BF43F00103DC
:1087200006EA1354B44218BF9EEA060F03D00CF0B9
:1087300000410020F0BD21F0004123F00043B1EBE7
:10874000065F06D8B3EB065F03D8002918BF002BDD
:10875000C3D140F20001C7F6F8710020F0BD00BFA0
:108760002DE9F04391EA030E0EF0004E40F20007AF
:10877000CFF6E07717EA41051EBF95EA070F17EA23
:10878000430595EA070F00F0A1807F0D17EA135605
:1087900023EA475343F4801317EA115521EA47515E
:1087A00041F48011AD1B05F2FD354FEAD31C1CF1DD
:1087B000010C4FF00047B7FBFCF77F01A2FB079CC1
:1087C0000024E3FB07C4DCF1000CD9F100097CF1C3
:1087D000000CA0FB07620020E1FB072000275FEAF6
:1087E000C628E0FB0987760D46EAC226520DF61927
:1087F00000277A41E0FB0C625FEAC823E2FB0937FD
:108800005FEA585848EAC628760D18EB0708002199
:108810004E41E2FB0C8602EBC020DA02E6FB0921A6
:108820005B0D43EAC8235FEA58585B18002758EBF2
:108830000708E6FB0C38D102E8FB0917520D42EAA3
:10884000C3225B0DD21900277B41E8FB0C2308EB08
:10885000C6265FEAC128E3FB0987490D41EAC22128
:10886000520DC91942F10002E3FB0C12470019EB4B
:1088700008095CEB010C72EB040453EBC62047EBD8
:1088800056530026B3F5000F7641AD190236D6F1E6
:10889000200910FA09F4F04013FA09F21043F340EA
:1088A000E40F001943F10003B3F5001F24BF5B0878
:1088B000013540F2FE77BD4204D24EEA055119441B
:1088C000BDE8F0832D4224D5714626E0004218BF52
:1088D00041F00101124218BF43F00103B7EB410F11
:1088E0002CBFB7EB430F1BE0B7EB410F04BFB7EB57
:1088F000430F15E017EA410F04BF17EA430F0FE0DB
:1089000017EA410FE0D017EA430F02D0B7EB430F4D
:10891000DAD04EF0FE4141F470010020BDE8F08352
:1089200040F20001C7F6F871F7E700BF4FF4001CF2
:108930001CEB410F98BF1CEB430F11D851EA030CFD
:1089400050EA4C0C5CEA020C0CD004D282428B41FF
:108950008041013070479042994180410130704719
:1089600000207047012070474FF4001C1CEB410FA2
:1089700098BF1CEB430F0CD850EA410C08BF52EAD9
:10898000430C08D0904208BF99420CBF0120002040
:108990007047002070470120704700BF4FF4001C53
:1089A0001CEB410F98BF1CEB430F11D851EA030C8D
:1089B00050EA4C0C5CEA020C0CD004D29042994173
:1089C00080410130704782428B41804101307047C5
:1089D00000207047012070474FF4001C1CEB410F32
:1089E00098BF1CEB430F11D851EA030C50EA4C0C12
:1089F0005CEA020C0AD004D282428B4180414042A0
:108A00007047904299418041404270470020704732
:108A10004FF4001C1CEB410F98BF1CEB430F11D807
:108A200051EA030C50EA4C0C5CEA020C0AD004D266
:108A30009042994180414042704782428B4180413F
:108A400040427047002070470A15C90241EA505160
:108A5000C00241F0004140F21E439A1A08DA203267
:108A60000DD4D141D04048409140D140484070475A
:108A7000202A28BF202231FA02F0002170476FF02F
:108A800000010846704700BFF9B140F23D42B1FA1B
:108A900081F3D21AC3F1200C30FA0CFC98409940B3
:108AA00051EA0C0183054FEAD02040EA41504FEAD9
:108AB000D12101EB025138BF7047013041F1000173
:108AC0001B4208BF20F00100704748B140F21D4230
:108AD000B0FA80F3D21A9840C10A400501EB025166
:108AE000704700BF51EC100B0128494111F5001FE0
:108AF0000CBF01200020704751EC100B01284941A8
:108B000011F5001F8CBF01200020704751EC100BA5
:108B100001F00040704700BF51EC100B21F0004104
:108B200041EC100B704700BF2DE9F04155EC104BA4
:108B30008046002210EE100A0023294610EE106A2B
:108B4000FFF712FF30B1002345EC104BC8F800309E
:108B5000BDE8F08125F0FF4323F4E00343F07F57A5
:108B6000C5F30A5347F40017A3F2FE3347EC106B2A
:108B7000C8F80030BDE8F0812DE9704355EC104B8A
:108B80000646002210EE100A0023294610EE108A35
:108B9000FFF7EAFEB0B9C5F30A53334440F2FE7260
:108BA000934213DC002E01DB002B0FDB002B09DDD1
:108BB00025F0FF4222F4E00242EA035949EC108B0F
:108BC000BDE870839FED060BBDE87083FEF7F6F8F5
:108BD000074B1B6803609FED040BBDE8708300BF6B
:108BE0000000000000000000000000000000F07F16
:108BF000207703002DE9F04155EC104B00260027AB
:108C00008046324610EE100A3B462946FFF7ACFE7E
:108C100030BBC5F30A53A3F2FF32002AAC46A64686
:108C200024DB332A28DC2946164D2046C2F12006D3
:108C30004FF0FF3405FA06F6D440A3F21F4325FA9D
:108C400003F33443D5401C432EEA04022CEA050307
:108C5000C8E90023FFF7E4FC41EC100BBDE8F0810C
:108C6000C8E9006747EC106BBDE8F081C8E9006710
:108C700045EC104BBDE8F081C8E9004547EC106BAE
:108C8000BDE8F081FFFF0F0038B555EC104B10EE3A
:108C9000100A002200232946FFF766FE60BBC5F3D9
:108CA0000A52A2F2FF3100292B46A4461FDB3329CA
:108CB00022DC1D48C1F120054FF0FF34CC4000FA02
:108CC00005F5A2F21F4220FA02F22C43144320FAC7
:108CD00001F223EA02012CEA040013400CEA040426
:108CE000234301D000290DDB41EC100B38BD002DD2
:108CF00005DB9FED090B38BD45EC104B38BD9FEDF2
:108D0000080B38BD094B0022FFF78AFC41EC100B21
:108D100038BD00BFAFF3008000000000000000007D
:108D2000000000000000F0BFFFFF0F000000F03F58
:108D300030B52DED028BB0EE408AF0EE608A55EC36
:108D4000114B85B011EE100A002200232946FFF7CF
:108D50000BFE00287AD1B0EE480AF0EE680AFFF761
:108D6000CBFE38B1B0EE480AF0EE680A05B0BDECB3
:108D7000028B30BD45EC104BFFF7BEFE002870D1D2
:108D800051EC180B00220023FFF7EEFD0028E9D17B
:108D9000B0EE480AF0EE680AFFF7A4FE002866D19C
:108DA00045EC104BFFF79EFE0028DBD145EC104B45
:108DB000FFF7B2FE55EC104B10EE102A2B4651EC8B
:108DC000180BFFF7CDFC41EC100B02A8FFF712FFC8
:108DD000DDE9022320462946FFF726FC02460B4622
:108DE00051EC180BFFF71CFC0022CDE90001002319
:108DF00051EC180BFFF7F0FD9DED000B002839D06A
:108E000053EC102B20462946FFF790FD9DED000BFB
:108E100038B151EC100B22462B46FFF701FC41EC18
:108E2000100B51EC100B002200238DED000BFFF70F
:108E3000EFFD9DED000B002898D051EC100B224661
:108E40002B46FFF7CBFA41EC100B8FE7FDF7B6FF8F
:108E50001F4B9FED1D0B1B68036005B0BDEC028B23
:108E600030BD45EC104B05B0BDEC028B30BD9FED25
:108E7000160B7BE751EC100B224605F100438DEDFC
:108E8000000BFFF753FD9DED000B38B151EC100BBB
:108E900022462B46FFF7A2FA41EC100B51EC100BC7
:108EA000002200238DED000BFFF796FD9DED000BDA
:108EB00000283FF45BAF51EC100B22462B46FFF726
:108EC000AFFB41EC100B51E7000000000000F87F01
:108ED0001C7703002DE9F04385B005461C468368E6
:108EE0005E69E2B102911FFA82F8ADF80C804FF092
:108EF0000009ADF80E90776B02AB4A462021B847C7
:108F0000ADF80080ADF80290E368C3F380138DF8EC
:108F10000430776B6B464A4637212846B847E368EA
:108F200013F01D0F05D0776B23460022052128463C
:108F3000B8476368002B0CDB776B231D00221021E0
:108F40002846B847776B04F10803002251212846D0
:108F5000B847766B04F10C03002204212846B04781
:108F600005B0BDE8F08330B583B002AB0024002526
:108F700063E9024582685269546B00225F21A04771
:108F8000DDE9000103B030BD10B583685B695C6B3F
:108F900000231A460321A04710BD00002DE9F04729
:108FA00084B0044683685D69D1F808A00B68039318
:108FB0004A6804AB43F8082D6F6B00224F21B84775
:108FC000074618B1384604B0BDE8F087A3685A696F
:108FD00094F94C30002B3CDB576B01AB002257213E
:108FE0002046B847A8BB9DF807209DF806301B0413
:108FF00043EA02639DF8042013439DF8052043EAE9
:109000000223BAF1000F31D103F5783303F5207351
:1090100003934FF0010AA3685F690DF10203002278
:109020007B2120467E6BB04794F94D30012B4ED00A
:1090300094F94C30012202FA03F3BDF8022022EA2F
:10904000030204AB23F80E2D7F6B00226B21204618
:10905000B847BAF1000F4AD16D6B00231A461F21A1
:109060002046A8470746002850D1ABE7039AD31AF9
:1090700098464FEAE3794FEA4912580142EAD36130
:10908000C01A61EB09014B0243EAD053420212EBD2
:10909000080043EB09018B0143EA90638201121A35
:1090A00063EB010316461F46314A002316EB080006
:1090B00047EB0901FDF700FDB0F57F7FABDDA3684D
:1090C0005F69B0F57F70A8D0F6F7CEF8A5E794F900
:1090D0004C3001229A40BDF802301A4304AB23F809
:1090E0000E2D7F6B00226B212046B847B1E76E6BD7
:1090F00003AB002205212046B047074630B96D6B0F
:10910000002301221F212046A847074694F94C302E
:10911000002BFFF657AFA3685D696E6B01AB0022B1
:109120007B212046B04794F94D308BB194F94C30F7
:10913000012202FA03F3BDF8042022EA030204AB81
:1091400023F80C2D6D6B00226B212046A84739E7D0
:1091500094F94C3001229A40BDF804301A4304AB14
:1091600023F80C2D6D6B00226B212046A84729E7C0
:109170000098E00E10B582B00091ADF804200022F6
:10918000ADF8062083685B695C6B6B462121A047C4
:1091900002B010BDF0B583B00368002B37D01F4A72
:1091A00013601E4B1B6842681A6082685A60002276
:1091B0008DF803201B681C6801AB04220DF103012C
:1091C0000120A0479DF807309DF80610090441EAE8
:1091D00003619DF8043019439DF8053041EA0321ED
:1091E0000F4A104B9A4216D20C4B1F6813464FF091
:1091F000FF3000260B4D1A684A405C68224204BFCB
:10920000BB6030461C33AB42F5D303B0F0BD034B1B
:10921000054A1A60C5E74FF0FF30F6E788120020D4
:1092200080660300D46603008C12002010B582B063
:10923000002102AB43F8041D044A106882681269D9
:10924000D46A0A46A047019802B010BD88120020D7
:1092500008B5044B1B689A681269526A01461846A1
:10926000904708BD8812002008B5044B1B689A6817
:109270001269126801461846904708BD88120020FE
:1092800010B5054B186883681B69DC6A00231A4611
:109290000321A04710BD00BF8812002008B5044B71
:1092A0001B689A681269126A01461846904708BD01
:1092B0008812002010B582B0002202AB03F8012D05
:1092C0000549086881680969CC6A5821A0479DF85A
:1092D000070002B010BD00BF8812002000290DDD7C
:1092E00010B4431E19441046054C13F8012F50408A
:1092F000205C8B42F9D15DF8044B704710467047F3
:109300004078030038B5054B1C68A3681B69DD680D
:1093100013460A4601462046A84738BD8812002059
:1093200010B582B002AB03F8010D054A10688268DF
:109330001269D46A00222721A04702B010BD00BFE5
:109340008812002038B5054B1C68A3681B69DD6ACC
:10935000034600222F212046A84738BD881200204E
:1093600038B5054B1C68A3681B69DD6A00230246FB
:109370004E212046A84738BD8812002038B5054B3D
:109380001C68A3681B69DD6A034600224D21204644
:10939000A84738BD8812002010B582B002AB03F890
:1093A000010D054A106882681269D46A00225521AD
:1093B000A04702B010BD00BF8812002010B582B0D7
:1093C00002AB43F8040D054A106882681269D46A3A
:1093D00000227421A04702B010BD00BF88120020F7
:1093E00010B582B0002202AB43F8042D044908688E
:1093F00081680969CC6A7621A047019802B010BD46
:109400008812002010B582B0002202AB23F8022D92
:109410000549086881680969CC6A7A21A047BDF8C6
:10942000060002B010BD00BF881200209829024833
:1094300018BF0020704700BF387A030070472DE93D
:10944000F04184B005460E46BDF82C10901900F08E
:109450007F003244C2F30442840044EA422441EAD9
:109460000402120A8DF80C2001F003073C438DF82A
:109470000D401F4673B900295CD0730063F07E0372
:109480008DF80C30012400292FD0A1F500410329CB
:109490000AD9FEE700284FD1B1F5004F03D00029CB
:1094A0004AD1012421E001242B6D9B7D4BB92B680F
:1094B0005D680A9B3A4603A92046A84704B0BDE868
:1094C000F0810022214603A8FFF708FF0246394633
:1094D0000A98FFF703FF2B6800909D680A9B3A46A5
:1094E00003A92046A847E9E701242B68D3F80080A8
:1094F0000A9B3A4603A92046C0472B6D9B7D022B51
:10950000DCD1182EDAD00022214603A8FFF7E6FEB0
:10951000024639460A98FFF7E1FE04460022182168
:10952000284600F041F88442C8D0EB68002BC5D033
:109530009847C3E70028D7D042F040028DF80C20AE
:109540000224A0E710B582B000240194049C00948A
:10955000FFF775FF02B010BD00B585B003AB0093F7
:10956000042392B2FFF7EEFF0DF10F030DF10B0193
:10957000002013F8012902EB00208B42F9D105B03D
:109580005DF804FB00B585B003AB0093022392B2F3
:10959000FFF7D8FF9DF80D309DF80C0000EB03207D
:1095A00080B205B05DF804FB00B585B00DF10F0386
:1095B0000093012392B2FFF7C5FF9DF80F0005B09D
:1095C0005DF804FB30B5BDB005460C46036DDA7B93
:1095D000012A1CD0032A40F0D4811B7E13F0080F0F
:1095E0000CD113F0040F02AB009314BF38232023D7
:1095F00000224FF4F011FFF7A5FF19E002AB009332
:10960000E82300224FF4F011FFF79CFF10E01B7ECF
:1096100013F0080F40F0AC8113F0040F02AB00937D
:1096200014BF3823202300224FF4C011FFF78AFF14
:109630000DF1170204F11A0304F1200012F8011FC2
:1096400003F8011B8342F9D19DF815209DF81430D1
:1096500043EA0223C3F30C0363849DF81F209DF8A3
:109660001E3043EA0223C3F30D0313F4005F1CBF53
:109670006FEA83436FEA934323849DF825209DF886
:10968000243043EA0223C3F30B03E3872B6D1B7ED5
:1096900013F0020F40F06A810AAA631E201D12F81F
:1096A000011B03F8011FD1791972D17B59748342D0
:1096B000F5D19DF82F3063719DF82E209DF82D3047
:1096C00043EA0223E3809DF837209DF8363003EB10
:1096D0000223C3F3CF13A4F80D309DF832209DF878
:1096E000313043EA0223A4F80F309DF83F209DF863
:1096F0003E3003EB0223C3F3CF13E3829DF83A20FD
:109700009DF8393043EA022323832B6D1B7E13F02F
:10971000040F40F02B819DF843209DF842301B043C
:1097200043EA02639DF8402013439DF8412043EA39
:10973000022323F0604363629DF847209DF8463082
:109740001B0443EA02639DF8442013439DF845201F
:1097500043EA022323F00043A3629DF84B209DF8C7
:109760004A301B0443EA02639DF8482013439DF8E6
:10977000492043EA0223C3F31003E3629DF84F201C
:109780009DF84E301B0443EA02639DF84C201343BE
:109790009DF84D2043EA0223C3F3150323639DF88C
:1097A00053209DF852301B0443EA02639DF8502079
:1097B00013439DF8512043EA0223C3F31503636367
:1097C0009DF857209DF856301B0443EA02639DF82C
:1097D000542013439DF8552043EA0223C3F3150395
:1097E000A3639DF865209DF8643043EA0223A387B4
:1097F0009DF877209DF876301B0443EA02639DF8BC
:10980000742013439DF8752043EA022323F040435C
:1098100023649DF879209DF8783043EA022363643D
:109820009DF87F209DF87E301B0443EA02639DF87B
:109830007C2013439DF87D2043EA0223C3F31503E4
:10984000A3649DF883209DF882301B0443EA0263E1
:109850009DF8802013439DF8812043EA0223C3F33F
:109860001503E3649DF887209DF886301B0443EAC6
:1098700002639DF8842013439DF8852043EA022368
:10988000C3F3150323659DF895209DF8943043EAB2
:109890000223C3F30E03A4F854309DF8A5209DF8CD
:1098A000A43043EA0223C3F30B03A4F856309DF817
:1098B000BF209DF8BE301B0443EA02639DF8BC2024
:1098C00013439DF8BD2043EA022323F04043A365E0
:1098D0009DF8C1209DF8C03043EA0223E3659DF85E
:1098E000C7209DF8C6301B0443EA02639DF8C420DC
:1098F00013439DF8C52043EA0223C3F315032366EF
:109900009DF8CB209DF8CA301B0443EA02639DF802
:10991000C82013439DF8C92043EA0223C3F315036B
:1099200063669DF8CF209DF8CE301B0443EA0263A6
:109930009DF8CC2013439DF8CD2043EA0223C3F3C6
:109940001503A3669DF8DD209DF8DC3043EA022371
:10995000C3F30E03A4F86C309DF8ED209DF8EC30B5
:1099600043EA0223C3F30B03A4F86E303DB030BDCD
:1099700002AB0093E82300224FF4C011FFF7E2FD91
:1099800056E61B7E13F0010F00F09F8102AB00939F
:109990006C2300224FF44021FFF7D4FD1DAB009350
:1099A0006C2300224FF450212846FFF7CBFD02AA7A
:1099B000631E201D12F8011B03F8011FD1791972D3
:1099C000D17B5974D17D99768342F3D19DF82530AE
:1099D000E3779DF80F3063719DF80E209DF80D30F0
:1099E00043EA0223E3809DF816309DF8172043EAEE
:1099F0000222C2F3CF12A4F80D209DF8152042EAEE
:109A00000322A4F80F209DF81F2043EA0223C3F38A
:109A1000CF13E3829DF81E209DF81D3043EA0223F8
:109A200023839DF827209DF8263043EA0223C3F3C1
:109A30000D0313F4005F1CBF6FEA83436FEA934387
:109A400023849DF829209DF8283043EA0223C3F39C
:109A50000C0363849DF82F209DF82E301B0443EAED
:109A600002639DF82C2013439DF82D2043EA022326
:109A700023F0604363622B6D1B7E13F0010F3FF4F4
:109A800075AF9DF833209DF832301B0443EA026322
:109A90009DF8302013439DF8312043EA022323F040
:109AA0000043A3629DF837209DF836301B0443EA3B
:109AB00002639DF8342013439DF8352043EA0223C6
:109AC000C3F31003E3629DF83B209DF83A301B047A
:109AD00043EA02639DF8382013439DF8392043EA96
:109AE0000223C3F3150323639DF83F209DF83E3006
:109AF0001B0443EA02639DF83C2013439DF83D207C
:109B000043EA0223C3F3150363639DF843209DF8E2
:109B100042301B0443EA02639DF8402013439DF842
:109B2000412043EA0223C3F31503A3639DF85120A8
:109B30009DF8503043EA0223A3879DF861209DF8E9
:109B4000603043EA0223C3F30B03E3879DF86720E9
:109B50009DF866301B0443EA02639DF864201343BA
:109B60009DF8652043EA022323F0404323649DF8D7
:109B700069209DF8683043EA022363649DF86F20F2
:109B80009DF86E301B0443EA02639DF86C2013437A
:109B90009DF86D2043EA0223C3F31503A3649DF8E7
:109BA00073209DF872301B0443EA02639DF8702015
:109BB00013439DF8712043EA0223C3F31503E364C2
:109BC0009DF877209DF876301B0443EA02639DF8E8
:109BD000742013439DF8752043EA0223C3F3150351
:109BE00023659DF885209DF8843043EA0223C3F362
:109BF0000E03A4F854309DF895209DF8943043EA64
:109C00000223C3F30B03A4F856309DF8AF209DF850
:109C1000AE301B0443EA02639DF8AC2013439DF869
:109C2000AD2043EA022323F04043A3659DF8B12011
:109C30009DF8B03043EA0223E3659DF8B7209DF814
:109C4000B6301B0443EA02639DF8B42013439DF829
:109C5000B52043EA0223C3F3150323669DF8BB2016
:109C60009DF8BA301B0443EA02639DF8B820134301
:109C70009DF8B92043EA0223C3F3150363669DF8F8
:109C8000BF209DF8BE301B0443EA02639DF8BC2050
:109C900013439DF8BD2043EA0223C3F31503A366D3
:109CA0009DF8CD209DF8CC3043EA0223C3F30E0388
:109CB000A4F86C309DF8DD209DF8DC3043EA0223E7
:109CC000C3F30B03A4F86E3050E602AB00932823D5
:109CD00000224FF44021FFF735FC68E600B583B061
:109CE000036DDB7B012B0BD0032B10D100910523DF
:109CF00004224FF4F011FFF725FC03B05DF804FBDC
:109D00000091052300220549FFF71CFCF5E70091AF
:109D1000052300226421FFF715FCEEE7040018007C
:109D200010B582B04FF400440194049C0094FFF7F6
:109D300086FB02B010BD10B584B004AC04F8013D40
:109D40000094012392B2FFF7EBFF04B010BD0000B6
:109D500010B50446036DDB7B012B13D0032B1DD103
:109D6000F02300221249FFF7E6FF00224FF4F01122
:109D70002046FFF707FC236D1A7BA2B1C0F3090050
:109D8000588410BD0F2300220949FFF7D4FF002299
:109D90004FF4C0112046FFF7F5FBECE700224C2101
:109DA000FFF7F0FBE7E700F07F005884E9E700BF2A
:109DB0002400010038B505460C46022300224FF46A
:109DC0007021FFF7B8FF04B938BD012300224FF41A
:109DD00070212846FFF7AFFFF6E700B585B08DF894
:109DE0000C301B0A8DF80D3003AB0093022392B2A6
:109DF000FFF796FF05B05DF804FB000038B5044698
:109E000000231A464FF42021FFF7E7FF00231A46EC
:109E100008492046FFF78FFF074D00231A462946C1
:109E20002046FFF788FF0223002229462046FFF73D
:109E300082FF38BD14000A0004000A0008B5012999
:109E400002D0052907D008BD41F6220300220549AA
:109E5000FFF7C3FFF7E74FF4007300220149FFF754
:109E6000BCFFF0E70400110038B505460C4641F48C
:109E700000739BB200224FF43021FFF7AEFFA3B274
:109E800000224FF430212846FFF7A7FF38BD00001D
:109E900070B504460E460C4D012300222946FFF7FB
:109EA0009CFF3346002209492046FFF796FF022314
:109EB000002229462046FFF790FF00220449204651
:109EC000FFF74AFB70BD00BF08000B0004000B0049
:109ED00010000B0038B504460B4600220A49FFF774
:109EE0007CFF0A4D8823002229462046FFF723FFE6
:109EF00000231A4629462046FFF71DFF0022044989
:109F00002046FFF751FB38BD0C000A0004000A0090
:109F100008000A0070B504460B461546B1F5807F6F
:109F200034BF0026202600220B49FFF756FF2B46A0
:109F300000220A492046FFF7FEFE094D46F0900335
:109F4000002229462046FFF7F6FE00231A4629463E
:109F50002046FFF7F0FE70BD0C000A0010000A005A
:109F600004000A0070B504460D461646002240F271
:109F70000B11FFF7CFFF4FF482712046FFF7AAFFC6
:109F800000F01F024FF482712046FFF7C3FF236DDC
:109F90005A8A15435D82236D5B8A00224FF420218B
:109FA0002046FFF71AFF3346002202492046FFF7FA
:109FB000C2FE70BD14000A0010B582B00446002233
:109FC000009213461321FFF7ABFE236DDA7B032AC1
:109FD0000CBF01220322DA7302B010BD10B584B0A9
:109FE0008DF80C301C0A8DF80D401C0C8DF80E40BD
:109FF0001B0E8DF80F3003AB0093042392B2FFF7D2
:10A000008FFE04B010BD0000F8B5044600224FF4E6
:10A01000F811FFF7C9FA0546002244212046FFF750
:10A020009BFA0646236D00225A8483F82420DA61C5
:10A030001A849A62236D9C62236DD861226DD37D50
:10A0400003F00303032B79D016F4806F05D092F848
:10A05000243043F0040382F8243015F0800F74D1CB
:10A0600015F0010F40F0A38015F0400F0BD0636A8C
:10A0700013B1206D1C3098474FF4C0730222442165
:10A080002046FFF7AAFE15F0080F00F0EA80236DC6
:10A09000002283F82420236DDB7B002B40F0958089
:10A0A000236DDE6116F4802F00F0A980226D92F8F6
:10A0B000243043F0080382F824304FF4802716F050
:10A0C000805F08D0226D92F8243043F0100382F8AC
:10A0D000243047F0805716F4005F06D0226DD37D00
:10A0E00003F00303032B00F0968016F4804F40F03A
:10A0F0009E8047F4DE43002244212046FFF76EFF96
:10A10000206D438C002B40F0A180C37D03F003033E
:10A11000032B00F09B80C36923F49043C361226D3D
:10A12000D36943F48053D361E36913B1206D1C30CC
:10A130009847236D002283F824208BE010F4005F01
:10A140001CBF45F00805EDB27EE7276D00224821CF
:10A150002046FFF717FA3884236D9A7D1AB1DA6921
:10A1600012F0040F03D11B8C03F460638BB1042342
:10A17000002244212046FFF7DEFD4FF460630022F9
:10A1800048212046FFF729FE236A13B1206D1C30B9
:10A190009847236D1B8C13F4807F3FF461AF4FF41D
:10A1A0008073002248212046FFF717FE58E7F82366
:10A1B000002244212046FFF7BEFD2369002B3FF417
:10A1C00053AF206D1C3098474EE73B492046FFF7C0
:10A1D000EBF9236DDB7B032B08BFC0F3071010F0F6
:10A1E000010F18BF46F4804610F0020F18BF46F466
:10A1F000005610F0040F18BF46F4806650E716F4BE
:10A20000806F1FBF226D92F8243043F0040382F860
:10A210002430002753E792F8243043F0020382F8F9
:10A220002430236D00225A8447F4004761E720461A
:10A23000FFF78EFD10F4004F3FF45BAF226D92F8F4
:10A24000243043F0010382F8243052E763690BB1F4
:10A250001C309847236DDB7B53B9236D002283F8B4
:10A26000242015F0100F07D115F0200F14D1F8BDE0
:10A270002046FFF7A1FEF0E7104B002244212046C4
:10A28000FFF7ACFEE36913B1206D1C309847236DD6
:10A29000002283F82420E7E7094B002244212046CE
:10A2A000FFF79CFEA36913B1206D1C309847236D06
:10A2B000002283F82420DAE724000100009405340A
:10A2C0000004221038B5044689B900222C21FFF77A
:10A2D00043F9054601224FF460212046FFF764F957
:10A2E0002B1A00222C212046FFF778FE38BD0022D1
:10A2F0002C21FFF731F90546012205492046FFF7D9
:10A3000053F92B1A00222C212046FFF767FEEDE7B8
:10A310000400010070B506460C46084D002229468F
:10A32000FFF71AF9000D0005C4F3130303430022DD
:10A3300029463046FFF752FE70BD00BF08000100FD
:10A3400038B505460C4600224FF4A021FFF704F96A
:10A350000B4B034014F0010F18BF43F4802314F09B
:10A36000020F18BF43F4104314F0040F18BF43F05A
:10A37000120300224FF4A0212846FFF72FFE38BD1C
:10A38000C00FE0FF38B505460C460B6800220B49AC
:10A39000FFF724FE6368002209492846FFF71EFEE6
:10A3A000A368002207492846FFF718FEE368002249
:10A3B00005492846FFF712FE38BD00BF0C00020019
:10A3C00010000200140002001800020038B5054613
:10A3D0000C460B6800220B49FFF700FE6368002261
:10A3E00009492846FFF7FAFDA368002207492846D5
:10A3F000FFF7F4FDE368002205492846FFF7EEFD6C
:10A4000038BD00BF1C000200200002002400020032
:10A41000280002002DE9F0470446052940D0264DCA
:10A420002E46264FDFF8D880DFF8D890DFF8D8A086
:10A43000234B002223492046FFF7D0FD534600223C
:10A4400021492046FFF7CAFD4B4600221F492046FE
:10A45000FFF7C4FD434600221D492046FFF7BEFD1D
:10A460003B4600221B492046FFF7B8FD3346002239
:10A4700019492046FFF7B2FD2B4600221749204616
:10A48000FFF7ACFD164B002216492046FFF7A6FD4C
:10A49000154B002215492046FFF7A0FDBDE8F087C7
:10A4A000134D144E144FDFF86480DFF86490DFF82A
:10A4B00064A0124BBDE700BFB5AF02007DAF020044
:10A4C000FEA80200380003003C0003004000030027
:10A4D00044000300480003004C0003005000030048
:10A4E000400200101C00030089A46D1B2000030023
:10A4F000F5CF0100B5CF010036CF0100FDC001004E
:10A500003EAF0200FEA5020036AC02007EC701008D
:10A51000BEC601003EC4010008B500231A46024928
:10A52000FFF75CFD08BD00BF0400070038B5044616
:10A530000D4600231A460A49FFF750FD00231A462C
:10A540004FF4E0212046FFF749FD05B938BD4FF033
:10A55000E053002203492046FFF740FDF6E700BF25
:10A560004800070014000700F0B583B0046DE47BD9
:10A57000032C0CBF4FF4981C4FF4901C9C18B4F59E
:10A58000806F19DA1D4616460F4604467F2B15D9F3
:10A590004FEA1C4300220D49FFF720FD2B46002205
:10A5A0000B492046FFF71AFD0097334600224FF46F
:10A5B000E8112046FEF7C6FF03B0F0BD0091134638
:10A5C0002A466146FEF7BEFFF6E700BF04001F0003
:10A5D00008001F0030B583B005460C4671B121F06C
:10A5E0000203013B0F2B56D8DFE803F0105555212D
:10A5F00055555528555555555555553300220092FA
:10A6000013460221FFF78CFB20460EE00022009249
:10A6100013460421FFF784FB032244212846FEF75A
:10A62000C3FF10F0080F1FD1002003B030BD00227F
:10A63000009213460A21FFF773FBEDE70021FFF7B5
:10A6400041FE00220092134608212846FFF768FBCE
:10A65000E2E70121FFF736FE0022009213460621B1
:10A660002846FFF75DFBD7E7002100910B460A461D
:10A670002846FFF755FB14F0020F02D04FF0FF30D1
:10A68000D3E700220092134602212846FFF748FB39
:10A690004FF0FF30C9E74FF0FF30C6E7F0B583B0A9
:10A6A0005C18B4F5806F24DA1C4617460E46054642
:10A6B0007F2B15D9142300220F49FFF78FFC234667
:10A6C00000220E492846FFF789FC009733460022F6
:10A6D0004FF4E8112846FFF723FB002003B0F0BD3C
:10A6E00000920B4622464FF4A011FFF719FB002001
:10A6F000F4E74FF0FF30F1E704001F0008001F00EF
:10A7000030B585B0089C8DF808301D0A8DF80950C9
:10A710001D0C8DF80A501B0E8DF80B308DF80C4077
:10A72000230A8DF80D30230C8DF80E30240E8DF891
:10A730000F4048F20303019302AB0093082392B247
:10A74000FEF77DFE05B030BD00B583B0052904D00D
:10A7500009290BD003B05DF804FB402300936FF48C
:10A76000005300220649FFF7CBFFF3E74FF40153F4
:10A7700000936FF4005300220149FFF7C1FFE9E79E
:10A7800008000B0070B582B004460E46134D4FF022
:10A79000082300934FF0FF3300222946FFF7B0FF54
:10A7A0004FF0601300934FF0FF33002229462046FC
:10A7B000FFF7A6FF0A4B00934FF0FF3300224FF440
:10A7C000E0212046FFF79CFF0EB902B070BD054B9B
:10A7D000002205492046FFF701FCF6E74800070084
:10A7E000003C0002001101011400070000B583B015
:10A7F000054B00934FF0FF3300220449FFF780FF21
:10A8000003B05DF804FB00BF003C00020400070039
:10A810002DE9F04383B004460D461746564E0022FC
:10A820003146FEF799FE81464FF4704300934FF096
:10A83000FF33002231462046FFF762FFDFF83C81FC
:10A840001823002241462046FFF7C7FA252120465B
:10A85000FFF70AFB02212046FFF706FB4FF4FE71CB
:10A860002046FFF701FBF9B241F480712046FFF763
:10A87000FBFA4FF480712046FFF7F6FA00212046DC
:10A88000FFF7F2FA02212046FFF7EEFA4FF4E071EB
:10A890002046FFF7E9FAE9B241F480712046FFF75C
:10A8A000E3FAC5F3072141F480712046FFF7DCFA93
:10A8B000C5F3074141F480712046FFF7D5FA290E10
:10A8C00041F480712046FFF7CFFA00212046FFF7C0
:10A8D000CBFA3A212046FFF7C7FA40F2FF11204693
:10A8E000FFF7C2FA4FF485712046FFF7BDFA002149
:10A8F0002046FFF7B9FA3A212046FFF7B5FA40F2B1
:10A9000001112046FFF7B0FA022300224FF4302154
:10A910002046FFF762FA00231A464FF43021204602
:10A92000FFF75BFA0220F4F795FC3A212046FFF787
:10A930009BFA4FF481712046FFF796FA022300221A
:10A940004FF430212046FFF748FA00231A464FF40F
:10A9500030212046FFF741FA00231A46414620469F
:10A96000FFF73BFA4B46002231462046FFF736FB05
:10A9700003B0BDE8F08300BF4400070008000B00EF
:10A98000F0B583B0002423460126072702E00134F6
:10A99000092C09D006FA04F50D42F8D004EB440561
:10A9A00007FA05F52B43F2E71A400092DB43002239
:10A9B0004FF4A021FFF7A4FE03B0F0BD2DE9F04154
:10A9C00082B00446884617461D46F4F701FC064649
:10A9D000022D2DD0012D38D0002500956FEA0803F7
:10A9E0002A463C212046FFF78BFE0095FB432A4672
:10A9F00040212046FFF784FE00223C212046FEF73E
:10AA0000ABFD0346002244212046FFF7E7FA00226F
:10AA100040212046FEF7A0FD0346002248212046A3
:10AA2000FFF7DCFA3046F4F7EBFB02B0BDE8F0814B
:10AA3000434600223C212046FFF7D0FA3B46002245
:10AA400040212046FFF7CAFAD6E7CDF800804FF044
:10AA5000FF3300223C212046FFF752FE00974FF0C3
:10AA6000FF33002240212046FFF74AFEC4E70000E2
:10AA700010B582B004467F2A12D9803241EAC32140
:10AA800041EA024100910C4B00222421FFF738FEDD
:10AA900000224FF400212046FEF786FD02B010BDD3
:10AAA00041EAC32141EA02410091034B00222421E3
:10AAB000FFF726FEF2E700BF00F400FC00B583B00C
:10AAC00000920B4600224421FFF71AFE002003B03B
:10AAD0005DF804FB00B585B08DF80C309DF818309A
:10AAE0008DF80D3048F20103019303AB009302236C
:10AAF00092B2FEF7A4FC05B05DF804FB30B583B05C
:10AB000004460D4611F0010F15D000230093EF23EA
:10AB100002224FF46021FFF7DDFF236D1D76236DC8
:10AB20001B7E5B0810D06B0800220E492046FFF701
:10AB300002F903B030BD10230093FF2302224FF42B
:10AB40006021FFF7C7FFE8E701230093FF230022FE
:10AB500004492046FFF7BEFF226D137E43F0020337
:10AB60001376E6E72800010070B582B004460D4672
:10AB70000121FFF763F900212046FFF703FE20467D
:10AB8000FFF734FEC5F30B03002215492046FFF7FB
:10AB900024F903230093FF23002212492046FFF7E4
:10ABA00099FF104E00252A4631462046FEF7FCFC50
:10ABB00010F0010FF7D12046FFF7AEFC0021204630
:10ABC000FFF7B4FC05212046FFF738F900220649BB
:10ABD0002046FEF7E9FC00F03F0002B070BD00BF68
:10ABE0001C000800100008001C00070038B50546CE
:10ABF0000C46B1F8051049B1FFF7B6FFD4F80130A3
:10AC0000002205492846FFF7E9F938BD23780022DC
:10AC10000249FFF790F8F1E70C0001001C00070063
:10AC200030B583B004460D4610230093FF23002265
:10AC30000649FFF74FFF2B46022D38BF02230022A3
:10AC40002C212046FFF7CAF903B030BD24000F00C5
:10AC500030B583B0044601291DD0022930D001232C
:10AC60000093FF2300222649FFF734FF254D4FF4C0
:10AC7000000300936FF48073002229462046FFF7FB
:10AC80003FFD002300937F23022229462046FFF741
:10AC900021FF03B030BD0521FFF7D0F84FF48173D9
:10ACA00000934FF0FF33002217492046FFF728FD9D
:10ACB00001220092FF2313492046FFF70BFFE8E72C
:10ACC00003230093FF2300220D49FFF703FF0D4DDF
:10ACD0004FF4000300936FF480730022294620464E
:10ACE000FFF70EFD002300937F2302222946204612
:10ACF000FFF7F0FE05212046FFF7A0F8C9E700BFE7
:10AD000004001100080011000800090030B583B0EC
:10AD1000054602290ED000240094FE23224610216D
:10AD2000FFF7D8FE2346224614212846FFF755F8A0
:10AD300003B030BD144601230093FF2300221021ED
:10AD4000FFF7C8FE2346002214212846FFF745F8E6
:10AD5000EEE700002DE9F04182B00546294C2A4B70
:10AD600000222146FFF73AF910230093FF23002227
:10AD700021462846FFF7AEFE03244FF01408234F68
:10AD800000264046F4F770FA324639462846FEF768
:10AD90000BFC012834D0631E13F0FF04F1D16FF0D7
:10ADA0000204184E00231A4631462846FEF7C3FF18
:10ADB0000123002215492846FEF7BDFF0123009319
:10ADC000FF23022231462846FFF784FE0022104965
:10ADD0002846FEF7C1FB6FF06043984208BF6FF052
:10ADE000030400220B492846FEF7B6FB6FF06043D0
:10ADF000984214BF20466FF0040002B0BDE8F08115
:10AE00000024CEE70C000400010002002000040032
:10AE1000140004001C00040000B583B000290BBF1F
:10AE2000FF23F72300220822009201221021FFF7BE
:10AE300051FE03B05DF804FB10B584B0BDF81840B6
:10AE40008DF80C301B0A8DF80D308DF80E40240A59
:10AE50008DF80F4048F20203019303AB00930423E3
:10AE600092B2FEF7ECFA04B010BD000010B582B04B
:10AE700004464FF4C07300934FF6FF730022074956
:10AE8000FFF7DAFF236D1B7A00934FF6E073002281
:10AE900003492046FFF7D0FF02B010BD08000B00A9
:10AEA0001F00110030B583B0044611F0010F1FD010
:10AEB0000D464FF4107300936FF47C6300224FF43F
:10AEC000A021FFF71DFC4FF4040300934FF0FF3364
:10AED000002218492046FFF713FC15F0020F1AD183
:10AEE0004FF48873002214492046FFF777F810E0EA
:10AEF000002500956FF47C632A464FF4A021FFF7EC
:10AF0000FFFB00954FF6FF632A460B492046FFF7EB
:10AF100093FF03B030BD084D084B00222946204660
:10AF2000FFF75CF84FF48873002229462046FFF7AC
:10AF300055F8EEE7040011001600110010010F0093
:10AF4000F0B583B00446012909D01420F4F78CF938
:10AF50002046FFF7FFFE0546284603B0F0BD0F4E22
:10AF600000223146FEF70EFB074640F20513009320
:10AF70004FF6FF73002231462046FFF75DFF142095
:10AF8000F4F772F92046FFF7E5FE0546002200922D
:10AF90003B4631462046FFF74FFFDDE748000700FC
:10AFA00000B583B0012A09D0CB43002200929BB2A6
:10AFB0000649FFF741FF03B05DF804FB00914FF62F
:10AFC000FF7300220149FFF737FFF4E70C0005008B
:10AFD000F0B583B004460F4616461D4648F24003BE
:10AFE00000934FF6FF7300221849FFF725FFAA19B7
:10AFF00043F201039A4215DC7F2D1DD9152300224F
:10B0000013492046FEF7EAFF2B460022114920464D
:10B01000FEF7E4FF0097334600224FF4E811204684
:10B02000FEF790FA0022009247F6BF7307492046C8
:10B03000FFF702FF03B0F0BD009733462A464FF4F6
:10B04000A8112046FEF77EFAECE700BF04001100CD
:10B0500004001F0008001F0070B506460C46154688
:10B060000E4B02220E49FEF7B9FF0F2DA8BF0F2588
:10B07000631E032B28BF0424102323410022094907
:10B080003046FEF7ABFF631E9B0005FA03F3002278
:10B0900005493046FEF7A2FF70BD00BF7408D2001C
:10B0A0001000110028000700180008002DE9F04FDB
:10B0B00083B004460D4691F800900B79182B14D8F4
:10B0C000CF78182F94BF00270127FFB2EB79012B0F
:10B0D0000CBF102100216B78013B062B10D8DFE854
:10B0E00003F0060F0F120C0F09000127EDE74FF0D8
:10B0F000400A0AE04FF0480A07E04FF0800A04E0F7
:10B100004FF4807A01E04FF0200A226D538A23F039
:10B11000E0035382236DEA791A732E7BB31C012658
:10B120009E401FFA86F8226DC74B03FB08F3DB0B2A
:10B130009382236DEA7ADA752B7A5B0103F02003A0
:10B140006A7B43EA0243EA7A120302F43042134371
:10B150000B430093BD4B002210212046FFF7D0FA8D
:10B16000002F40F0F680EB7AF3B16B7B012B40F2BD
:10B170001C812A7BB64B33F812201201D30AC2F38A
:10B180000A0202F58062B2F5006F28BF01339BB25C
:10B190000AEBC80A03F07F0300934FF68073022284
:10B1A000AC492046FFF748FE94230093AA4B0022A7
:10B1B000AA492046FFF7A4FABAF1FF0F40F308812D
:10B1C000226D538A43F0200353824FF4806300932F
:10B1D0004EF2FF730022A2492046FFF72DFE6B7B43
:10B1E000012B00F00081AB7843F010030093FC23A7
:10B1F00000224FF4C0212046FFF76CFC731EDBB227
:10B2000000224FF400312046FEF795FD6B78072BA6
:10B210000CBF08230023012228212046FEF78BFDC6
:10B22000904B002290492046FEF7D8FE00228F491D
:10B230002046FEF791F920F4FF5020F01F00B9F1ED
:10B24000090F08BF40F001002A79120202F4F852F7
:10B25000EB78DB00DBB21A436B795B0003F006038B
:10B2600013430343002281492046FEF7B7FEAA7923
:10B270006B781B0343EA822300936FF4744300222C
:10B2800024212046FFF73CFAB5F8093023B96FF0C6
:10B290007E036B720023AB72B5F8093002224FF4C3
:10B2A000C0212046FEF799FD022271492046FEF793
:10B2B0007BF9236D1B7C4B4500F09F80032800F039
:10B2C000A080B9F1090F00F0A1806A4B00226A4901
:10B2D0002046FEF783FE41F63C7300224FF4102116
:10B2E0002046FEF77AFD1423012264492046FEF72A
:10B2F00022FD0E23022262492046FEF71CFD812317
:10B30000002260492046FEF716FD02230022442158
:10B310002046FEF710FD01212046FFF799FC4FF073
:10B32000320B4FF01408002744264046F3F79CFFE9
:10B330003A4631462046FEF737F910F0020F40F04A
:10B34000AB800BF1FF3313F0FF0BEED16FF0010078
:10B35000CFE0226D538A43F0600353824FF4406381
:10B3600000936FF4C05300223D492046FFF7C8F90F
:10B3700040F20633002244492046FEF72FFE002308
:10B380001A464FF00E112046FEF728FE3F4B0022D2
:10B3900030492046FEF722FE9D2300932E4B0022CB
:10B3A0002E492046FFF7ACF919E72A7B284B33F8E2
:10B3B00012304FF4356202FB03F2930CC2F3CA124F
:10B3C00002F58062B2F5006F28BF01339BB2DFE661
:10B3D0004FF4A05300934EF2FF7300222049204601
:10B3E000FFF72AFDFBE6AB780093EC2300224FF435
:10B3F000C0212046FFF76EFB00E703287FF461AF12
:10B400004DE002212046FFF723FC5AE7204B0022A3
:10B4100019492046FEF7E2FD40F63C7300224FF446
:10B4200010212046FEF7D9FC5DE74FFA89F120464E
:10B43000FFF78AF940E000220092FE2315492046DA
:10B44000FFF748FB42E000BF68660200CF4FFCFFF9
:10B45000707A030012000E0000FFFFBF16000E00FE
:10B4600008000B00CC355FAF0C0006001400010093
:10B4700030000F003411071C1C00070050000700AB
:10B4800018000700080009000C000E000A5A0C0002
:10B490003400011C18000300236D83F810902B79F1
:10B4A000093BDBB20F2BC6D8236D5B7A012BBCD0D6
:10B4B00049462046FEF7AEFF4FF4C843009348F2DA
:10B4C000FF1300220C492046FFF7B6FCBAF1400FEB
:10B4D000CCBF4FF000534FF0A05300936FF07F4369
:10B4E000002206492046FFF70BF901212046FFF70D
:10B4F00027FD03B0BDE8F08F180003001000060020
:10B500002DE9F04F91B0064615461C469C2900F2E5
:10B510009F80DFE811F06D0A780AA300A700BE0043
:10B5200048018E016B0152019E01A901B101B901CF
:10B53000C101C901D101D501DD016E027C02810288
:10B540008B02900295029E02A30209031B032603AD
:10B5500031033B03730369035F0345035203C103D4
:10B56000F8012B0239024102550296099B09820318
:10B57000DF03E303EC03F103FB0305040D043704CD
:10B5800043044E0478035904620474048D049E0439
:10B59000E004EA040B051A05350523055105970556
:10B5A000AF05CF05E405F80501061D060A06730779
:10B5B0009F07ED07F307FE071708370841084B08F8
:10B5C00079088208880891089E08AB08B508BE086B
:10B5D000C708D208DD08E308060911091C09450956
:10B5E000670972098B09A109160A200A2B0A800A29
:10B5F000350A620A9107DF09000AEE0AE30A8D0A9A
:10B60000980AA30AAE0AB90AC40ACF0AD80AD80B04
:10B61000120C4D0C700C290D3E0D190B9D009D0058
:10B620009D009D009D009D009D009D009D009D0032
:10B630009D009D009D009D009D009D009D009D0022
:10B640009D00870CA50CCE0DEF0CE40C030DFA0C3D
:10B650004FF0FF35284611B0BDE8F08F436898479A
:10B660000025F7E70222B749FDF79EFF032801D81E
:10B670000025EFE7F3F7ACFD0446002500952B46C7
:10B680002A4629463046FEF74BFB2046F3F7B8FD25
:10B69000E0E7002C01F01085247814F01D0F65D030
:10B6A00014F0010F26D014F0020F4FF000020092A8
:10B6B000134614BF0D210321FEF732FB0322442160
:10B6C0003046FDF771FF10F0080F45D100229D496B
:10B6D0003046FDF741FFB0F5502F18BF0025B9D116
:10B6E000002100910B460A463046FEF719FB4FF049
:10B6F000FF35AFE714F0080F0ED114F0100F1BD177
:10B7000014F0020F4FF000020092134614BF1021F4
:10B710000921FEF705FBD1E70021FEF7D3FD14F068
:10B72000020F4FF000020092134614BF0F210721B1
:10B730003046FEF7F5FAC1E70121FEF7C3FD14F02C
:10B74000020F4FF000020092134614BF0E21052194
:10B750003046FEF7E5FAB1E7002100910B460A46B4
:10B760003046FEF7DDFA4FF0FF3573E714F0200F97
:10B770000CD014F0020F4FF0000500952B462A461E
:10B7800014BF11210B21FEF7CBFA63E714F0020F6F
:10B790004FF0000500952B462A4614BF0C210121CD
:10B7A000FEF7BEFA56E7002C01F0898423680022D8
:10B7B0002C21FEF713FC00254CE723680022624988
:10B7C000FEF70CFC6368002260493046FEF706FC79
:10B7D000A36800225E493046FEF700FCE3680022C1
:10B7E0005C493046FEF7FAFB002533E7002C01F0F8
:10B7F000698423886568032D01F26784DFE805F01A
:10B8000002070D1300225449FEF7E7FA22E702224D
:10B810005149FEF7E2FA00251CE700224F49FEF7E6
:10B82000DCFA002516E702224C49FEF7D6FA00257D
:10B8300010E7002C01F04C8423785B0003F0060332
:10B8400000936FF0060300224549FEF759FF0025DB
:10B8500000E74FF4803300934FF0FF33002241495B
:10B86000FEF74EFF0025F5E6002C01F03484036D51
:10B870005B7B23700025EDE6002C01F02F84036D27
:10B880009B7A23700025E5E6002C01F02A84036DE5
:10B89000DB7A23700025DDE6002C01F02584036DA2
:10B8A0001B6823600025D5E6002C01F02084036D81
:10B8B0005B6823600025CDE6FEF77EFB0025C9E628
:10B8C000002C01F017842168FEF724FD0025C1E655
:10B8D000002C01F0128425785DB164684023009348
:10B8E000FF2300221021FFF7F5F8022D07D1F460A5
:10B8F00005E000220092BF231021FFF7EBF8336D23
:10B900009D750025A6E6002C01F0FA836568237872
:10B9100003221549FEF70FFA45B9002200924FF2B3
:10B92000FF7310213046FFF787FA93E64FF4812327
:10B9300000934FF0FF33002210213046FEF7E0FE67
:10B94000002587E630000F00540001005800010078
:10B950005C00010060000100180001001C000100F3
:10B96000140001000400110008000100002211462B
:10B97000FDF7F2FDB268136843405268134214BFEA
:10B980004FF0FF35002565E6002C01F0BC832178DF
:10B99000FFF7B4F800255DE63AB9002200924FF2B5
:10B9A000FF73AE49FFF748FA54E64FF40063009383
:10B9B0004FF6FF730022A949FFF73EFA002549E63A
:10B9C00002F001024FF6FF734FF2FF71002A08BF29
:10B9D0000B46D20215F0020F12BF42F4805223F43C
:10B9E00080539BB2009200229C49FFF725FA002564
:10B9F00030E62AB99A4B02229A49FEF7EFFA29E675
:10BA0000994B02229749FEF7E9FA002522E61146F2
:10BA1000FEF796FC00251DE6002C01F0778300223E
:10BA20009249FDF7C1FD2070002513E62146FEF77F
:10BA3000A9FC00250EE62146FEF7C8FC002509E614
:10BA400001230093FF2300228949FFF743F80025D3
:10BA500000E61146FEF7DEFC0025FBE5036D1B7AD0
:10BA6000002B37D11423012282493046FEF763F9B7
:10BA70001823002280493046FEF7B0FAE82300225E
:10BA80007E493046FEF7AAFA336D5B8A03F0E00385
:10BA9000202B22D0602B2BD0336D1B7E5B0832D045
:10BAA000002277493046FDF76DFDC0F3C403093B22
:10BAB0000F2B01F22E8300F0010000280CBF05219E
:10BAC0000921336D5B7A012B29D03046FEF7A2FCA9
:10BAD0000025BFE5FFF7CAF9C4E74FF48063009380
:10BAE0006FF4C053002267493046FEF709FED3E7E2
:10BAF0004FF4406300936FF4C05300226149304615
:10BB0000FEF7FEFDC8E7012300225F493046FEF73D
:10BB100012F9326D137E43F002031376C0E730460C
:10BB2000FEF712FE002595E5002C01F0F582237842
:10BB3000026DD3751B0303F43043009344F6FF7387
:10BB400000221021FFF778F9002583E5002C01F091
:10BB5000E682238800224FF46021FEF73EF900259B
:10BB600078E5002C01F0DE8200224FF46021FDF721
:10BB700009FD208000256DE5002C01F0D682238888
:10BB800000224249FEF729F9002563E5002C01F067
:10BB9000CF8200223D49FDF7F5FC2080002559E5C4
:10BBA000002C01F0C882A388E288216800914FF43C
:10BBB000B011FEF7B5F800254CE5002C01F0BE826F
:10BBC000A388E288216800914FF4B011FDF7BAFC18
:10BBD00000253FE5002C01F0B482E388A2882168AB
:10BBE000FEF7C2FC002535E5002C01F0AD82E388AC
:10BBF0002268A188FEF752FD00252BE51146FEF7CD
:10BC0000E9FC002526E5002C01F0A1822379628859
:10BC10002188FEF72DFF00251CE5002C01F09A82FB
:10BC2000036DDB7B012B0CD0032B10D10C224FF4C6
:10BC3000F011FDF7A7FC00B240F30C0323800025B0
:10BC400008E500221249FDF79DFC00B2F4E700224E
:10BC50001049FDF797FC00B2EEE700BF08001100A5
:10BC60007408D200100011007488D2041C00070070
:10BC700004000200500007000C001F0010001F000D
:10BC80001400010008000B0028000100040001005E
:10BC90000C00180020000C00002C01F05E820CABA0
:10BCA000009303230022BB49FDF74CFC9DF8322092
:10BCB0009DF8313003EB02229DF8303003EB022374
:10BCC00013F4801F1CBF6FEA03336FEA1333236042
:10BCD0000025BFE4FEF792F80025BBE4002C01F03C
:10BCE0003F826188FEF740FF20700025B2E42146C4
:10BCF000FDF768FC0025ADE4002C01F03482012240
:10BD00007421FDF729FC20600025A3E4002C01F03C
:10BD10002D8200227421FDF71FFC2060002599E48C
:10BD20000094052300227421FDF70CFC002591E40A
:10BD3000002C01F01E82036DDB7B012B14D0032B42
:10BD400019D116224FF4F011FDF71CFCC0F30D00C1
:10BD500083B213F4005F04D06FEA83436FEA934326
:10BD600018B22080002575E402228B49FDF70AFCF9
:10BD7000C0F30D00ECE702228849FDF703FCC0F395
:10BD80000D00E5E70094062300228549FDF7DAFB64
:10BD9000637903F00103637100255BE4002C01F07B
:10BDA000EB8101224FF00811FDF7FEFB207000250A
:10BDB00050E4002C01F0E38100224FF00811FDF760
:10BDC000F3FB2070002545E4002C01F0DB81A28804
:10BDD0002168FEF71DFD00253CE4002C01F0D58113
:10BDE0002568A48822462946FEF712FD21463046E2
:10BDF000FEF74EF82D1A18BF4FF0FF352AE4022A3D
:10BE00000ED0684C00231A4621463046FDF793FFBA
:10BE10000223002221463046FDF78DFF002519E45C
:10BE200000230093FE2301225F49FEF753FEE8E75B
:10BE3000002C01F0AD812488E2B24FF48171FEF74D
:10BE400069F8220A40F203113046FEF763F8002534
:10BE500000E4002C01F09F81DFF85881102300934B
:10BE6000FF2300224146FEF735FE4FF48271304633
:10BE7000FEF730F800F0E0052A464FF482713046B4
:10BE8000FEF748F845F004024FF482713046FEF7A1
:10BE900041F80220F3F7DEF94FF487713046FEF7E0
:10BEA00019F8074640F20F113046FEF713F88146A5
:10BEB0002A464FF482713046FEF72CF80025009593
:10BEC000EF232A4641463046FEF704FE47EA09279B
:10BED0002780FFF7BFBB002C01F06081A27821888A
:10BEE000FEF740F80025FFF7B5BBFDF787FF0120FF
:10BEF000F3F7B0F903230093FF2300222B493046C8
:10BF0000FEF7E8FD00231A464FF488113046FDF78E
:10BF100012FF0120F3F79EF9336D0025DD73022235
:10BF20005A829D75DD751D74FFF794BB002C01F0DE
:10BF30003881237803F03F03026D937300221C497C
:10BF4000FDF7F9FE0025FFF785BB002C01F02C81E1
:10BF5000036D9B7B23700025FFF77CBB0121FEF75F
:10BF600011FC3046FEF742FC01213046FDF766FF2A
:10BF70000F2201213046FFF76FF80025FFF76ABB5B
:10BF8000002C01F0148162682168FFF765F8002534
:10BF9000FFF760BB29000600140018001C000C000D
:10BFA00018000C0004000A00080011000400110031
:10BFB0001400090048000700002C01F0FB80D64D5A
:10BFC00000222946FDF7F0FA804602230093FF2362
:10BFD000002229463046FEF77DFD04230022CF498A
:10BFE0003046FDF7A8FE012300224FF40021304621
:10BFF000FDF7A1FECA4F00252A4639463046FDF717
:10C00000D3FA10F0010FF7D000224FF0081130469C
:10C01000FDF7B8FA054600231A464FF400213046D2
:10C02000FDF789FE00231A46BC493046FDF783FE22
:10C0300043460022B8493046FDF77DFE25800025A5
:10C04000FFF708BB002C01F0B8802379026DD27A8B
:10C050009B1A07EE903AF8EEE77A9FEDB27A67EE18
:10C06000877AB3EE067A77EE877AC4ED007A0025F8
:10C07000FFF7F0BA002C01F0A3802379026D927AC9
:10C080009B1A07EE903AF8EEE77A9FEDA77A67EEF3
:10C09000877AB3EE007A67EE877ADFEDA46A87EEDF
:10C0A000A67AF0EE087A77EE277AC4ED007A0025BA
:10C0B000FFF7D0BA002C01F0868024680121FEF73A
:10C0C00061FB3046FEF792FB01213046FDF7B6FEDC
:10C0D00021463046FEF7A4FD0025FFF7BBBA002538
:10C0E0000095EF232A469249FEF7F4FC05213046DD
:10C0F000FDF7A4FE01213046FEF718FA3046FEF7A0
:10C100000BFAFFF7A7BA00250095EF232A468849C6
:10C11000FEF7E0FCFFF79EBA002C01F05780216883
:10C12000FEF77EFD0025FFF795BA00228149FDF755
:10C1300029FAC0F30B0510F4006F18BF45F47045E1
:10C140002DB22580336DB3F91430ED1AFFF782BAA2
:10C15000002C01F06D80D4F80490237A99F8132014
:10C16000FF2A00F03F81002B36D1D9F80030009330
:10C170000C2300227049FDF7D3FD99F80C30B9F873
:10C180000E20D11899F81220002A5FD199F81000DA
:10C1900000280BBF7F224FF480624FF4B0154FF49C
:10C1A000A01599F81300121A023A914200F2208168
:10C1B000D9F804200092002229463046FDF7B0FD50
:10C1C000B9F80E3099F80C20D9F8081000912946DA
:10C1D0003046FDF7A5FD4AE0D9F80030B9F80E1059
:10C1E0009A7A8DF830205A7A8DF831201A7A8DF8A3
:10C1F0003220DA798DF833209A798DF834205A7903
:10C200008DF835201A798DF83620DA788DF83720B8
:10C210009A788DF838205A788DF839201A788DF868
:10C220003A2000228DF83B208DF83C10090A8DF849
:10C230003D10197B8DF83E10DB7A8DF83F300CAB4A
:10C24000009310233C49FDF76BFD96E7012A40F06F
:10C25000CC8099F81130002B40F2FF3308BF7F23C8
:10C2600099F813209B1A023B994200F2C48099F876
:10C270001020531EDBB2012B40D999F81130591E02
:10C28000C9B2012964D9042B69D042EA43330022A0
:10C290002A493046FDF7A2FEB9F80E30284A02EAD4
:10C2A000C31299F80C3003F07F0313430022254991
:10C2B0003046FDF793FE0123002223493046FDF767
:10C2C0003AFDDFF8888000273A4641463046FDF7C0
:10C2D0006BF910F0050FF7D00546034600221B4905
:10C2E0003046FDF728FD05F03F0525F03003012B12
:10C2F00042D06BB223700025FFF7ACB9336DDB7B06
:10C30000032B01F02E8099F811305A1ED2B2012A67
:10C310002CD90122B7E700BF48000700340007000E
:10C32000040008006666863FCDCCCC3E00007F430B
:10C3300024000F0008000200340001004400010046
:10C3400080FF0100480001004C0001005000010086
:10C35000336DDB7B032B0CBF0223012395E7B9F878
:10C360000E10102991D96FF00303C3E70122134681
:10C370008BE70222134688E799F81230012BB8D1D7
:10C3800099F81120531EDBB2012B1BD9032A0CBFD5
:10C390004FF4A0174FF4B017D9F8042012B199F850
:10C3A0000C30C3B9D9F808100029A2D0B9F80E3062
:10C3B000002B9ED099F80C20009139463046FDF7AD
:10C3C000C1F896E7336DDB7B032B0CBF4FF4981756
:10C3D0004FF49017E0E70092002239463046FDF70F
:10C3E000B1F8DFE76FF0020384E76FF0010381E744
:10C3F0004FF0FF337EE74FF0FF337BE7237AE1799D
:10C40000A279D20042EA41021343627943EA8213DD
:10C41000227943EAC213E27843EA0223A27843EA8C
:10C42000C223627843EA02339BB20022CD49FDF772
:10C43000D4FC0025FFF70EB9002C00F0FC866378D1
:10C4400033B15B08013BDBB223700025FFF702B973
:10C450000023F9E70022C449FDF77EF8C0F30B037F
:10C460002380C0F30B4060800022C0493046FDF7B6
:10C4700073F8C0F30B03A380C0F30B40E0800022ED
:10C48000BB493046FDF768F82072000C607200224C
:10C49000B8493046FDF760F8C0F30B43A381C0F301
:10C4A0000B0060810022B4493046FDF755F8C0F317
:10C4B0000B43A4F80F30A0730022B0493046FDF7BB
:10C4C0004BF86074000CA0740022AD493046FDF7B3
:10C4D00043F8C0F30B00A4F8130000256575A5759B
:10C4E0002A46A8493046FDF75FF8E075FFF7B2B875
:10C4F0001146FDF75FFC0025FFF7ACB8002C00F0FB
:10C500009D8623880022A049FDF767FC0025FFF7E0
:10C51000A1B8002C00F09586256835B900231A468D
:10C520009A49FDF75AFCFFF795B86279237943EAF7
:10C53000022323F0F00300229449FDF74EFC00256E
:10C54000FFF788B8002C00F07F8623684BB90025E0
:10C5500000954FF6FF532A461021FEF76DFCFFF7BA
:10C5600079B800223421FDF739FD4FF400730093B0
:10C570004FF6FF73002210213046FEF75DFC0025C8
:10C58000FFF768B8002C00F062866188FDF7A2FC16
:10C5900020700025FFF75EB8002C00F05B86A278C3
:10C5A0002188FDF7B7FC0025FFF754B8784B794A8E
:10C5B000012D18BF1346012D774918BF4FF00C11FC
:10C5C000026DD27B012A12D0032A17D1A2F5C01224
:10C5D000013A1A444FF4F011FCF7D4FFC00920804F
:10C5E0002588003518BF01256D42FFF733B80222B8
:10C5F0001946FCF7C7FFC0092080F1E70222FCF7CB
:10C60000C1FFC0092080EBE7002C00F026862178CE
:10C61000FEF748FC0025FFF71DB81146FEF718FB92
:10C620000025FFF717B80094042300221C21FCF713
:10C6300089FF0025FFF70EB8002C00F011860222BA
:10C640004421FCF79FFFC0F3002020700025FFF776
:10C6500001B8002C00F0078600224421FCF7A4FF5B
:10C6600000F0010020700025FEF7F4BF002C00F060
:10C67000FD8562882188FEF749FB0025FEF7EABFA9
:10C680000094082300220421FDF74AFB0025FEF751
:10C69000E1BF0094082300220421FCF753FF00258A
:10C6A000FEF7D8BF002C00F0E485238802220C217D
:10C6B000FDF793FB0025FEF7CDBF002C00F0DC85D5
:10C6C000238800220C21FDF788FB0025FEF7C2BF5E
:10C6D0002146FDF703FB0025FEF7BCBF036DDB7BA6
:10C6E000012B0BD0032B12D10094052320224FF4F1
:10C6F000F011FCF727FF0025FEF7ACBF00940523DF
:10C7000000222649FCF71EFF0025FEF7A3BF009478
:10C71000052300224FF44021FCF714FF0025FEF70B
:10C7200099BF002504F8015B009404232A46702178
:10C73000FCF708FFFEF78EBF002C00F0A085012259
:10C740006421FCF709FF20600025FEF783BF002C61
:10C7500000F0988500226421FCF7FEFE2060002591
:10C76000FEF778BF3000010004000F0008000F0042
:10C770000C000F0010000F0014000F0018000F0035
:10C780001C000F0028000F00040006001A00110012
:10C79000340018002C00180014000C0020001800B1
:10C7A000036DDB7B012B0BD0032B12D100940523EF
:10C7B00028224FF4F011FCF7C5FE0025FEF74ABF12
:10C7C000009405230022D349FCF7BCFE0025FEF7A8
:10C7D00041BF009405230022CF49FCF7B3FE00259A
:10C7E000FEF738BF002C00F0508500221C21FCF71A
:10C7F000B3FE20600025FEF72DBF002C00F0488519
:10C8000025886768237A002B00F045853C4607EBB6
:10C81000830729463046FDF73BFB44F8040B0135FE
:10C82000ADB2BC42F5D10025FEF714BF002C00F0DC
:10C830003585237801222821FDF77DFA0025FEF7B2
:10C8400009BFFEF787FA0546FEF704BF1146FEF75B
:10C8500077FB0546FEF7FEBE002C00F02285A5788A
:10C860000121FDF7EBFA00213046FDF78BFF304642
:10C87000FDF7BCFF05F03F030022A8493046FDF755
:10C880005AFA01230093FF230022A5493046FEF700
:10C8900021F9A34F00252A4639463046FCF784FE8D
:10C8A00010F0010FF7D100229E493046FCF76AFED6
:10C8B00005463046FDF730FE00213046FDF736FED6
:10C8C00005213046FDF7BAFAC5F30B052580002592
:10C8D000FEF7C0BE0221FEF7BBF901213046FEF78C
:10C8E000B7F932244FF01408002744254046F2F7E8
:10C8F000BBFC3A4629463046FCF756FE10F0020FC4
:10C9000005D1631E13F0FF04F0D1012500E00025DE
:10C910006D42FEF79FBE002C00F0C68423781B03F7
:10C9200003F4E0436278012A08BF43F48073009364
:10C930006FF4E24300227C49FDF7E2FE0025FEF79A
:10C9400089BE002C00F0B38462682168FEF718F8F5
:10C950000025FEF77FBE002C00F0AC842388002267
:10C960007249FDF73AFA0025FEF774BE002C00F07C
:10C97000A48462682188FEF713FB0025FEF76ABED7
:10C98000002C00F09D84657823788BB1036D002224
:10C99000DA734FF0FF330822E5B123F4806300928D
:10C9A000002210213046FDF7ABFE0025FEF752BEF7
:10C9B000036D0122DA73182300225D49FDF70EFB97
:10C9C000E82300225B493046FDF708FB6FF00803BF
:10C9D0000022E1E742F48062E1E7002C00F073847A
:10C9E000236800223021FDF7F9FA0025FEF732BE58
:10C9F000002C00F06B8400222946FCF7ADFD20607E
:10CA00000025FEF727BE234600222946FDF7E6FA59
:10CA10000025FEF71FBE002C00F05B840322464970
:10CA2000FCF7C2FDC0F3021020700025FEF712BE15
:10CA3000002C00F05184236800224421FDF7CEFA37
:10CA40000025FEF707BE002C00F049842388002251
:10CA50004821FDF7C2F90025FEF7FCBD002C00F0CF
:10CA6000418400224421FCF777FD20600025FEF779
:10CA7000F1BD002C00F0398400224821FCF782FD32
:10CA800020600025FEF7E6BD002C00F031842378FD
:10CA900000222A49FDF74FF90025FEF7DBBD002CE7
:10CAA00000F0298400224421FCF77EFD207000253F
:10CAB000FEF7D0BD002C00F02184FDF749F920607D
:10CAC0000025FEF7C7BD002C00F01B8400221C4986
:10CAD000FCF758FD20800025FEF7BCBD002C00F0BF
:10CAE000138400221749FCF737FD20600025FEF76C
:10CAF000B1BD002C00F00B842388C3F30D03009319
:10CB00004FF4404300220F49FEF796F90025FEF747
:10CB1000A1BD00BF2800180008000C001C00070081
:10CB200010000800140008001400070008000500A9
:10CB30000C001F0010001F00600003002400010013
:10CB40002C0005001A000E00002C00F0E383A788DB
:10CB5000A3680993217B0691226904926269059278
:10CB600003F00302C3F38500052942D1B7F5B17F75
:10CB700028BF4FF4B177DFF8E092042F05D809EB16
:10CB800000035B78053B9F423BDB012A77D8AE4B25
:10CB9000995C3E46B94274DA551C53FA85F5002378
:10CBA0000B449BB20132D2B2022A05D015F8011B08
:10CBB000A6EB030C6145F3DB9F4208BF039064D0F2
:10CBC00007F105081FFA88F88025002107910391D5
:10CBD00008910E464FF0050BBE465F4538BFDE4656
:10CBE000AEF1050E1FFA8EFEDFF85CA2BC460F46C2
:10CBF000DDE340F231139F4228BF1F46DFF85C920D
:10CC0000BBE70023059A1380049A1146099A0A602B
:10CC10004AE00023059A1380049B1A46099B13607F
:10CC20004FF0FF3340E01FFA81FB07920390089317
:10CC30000127CDE3002F40F0A183984500F2A383A4
:10CC4000002E38D03F2800F0C883002719F80010C4
:10CC50005B1A9BB2461E06F03F0016F03F0618BF57
:10CC600001269CE30699092940F0BD833F210391E9
:10CC70000BE0B3B20132D2B23F21039105E00023B1
:10CC80009AE7002398E70390634605990B80039B7E
:10CC900042EA8302D2B2130443EA0263134343EA33
:10CCA0000223049A1360002323600025FEF7D2BC00
:10CCB000079A089BE9E70390E7E7079A089BE4E7F0
:10CCC0003F210391E1E7002C00F02783257862687B
:10CCD000012A15BF6FF460336FF4E043DF27EF27BD
:10CCE00014BF4FF020084FF0100800240094224693
:10CCF0004FF4A021FDF704FD00943B462246534922
:10CD00003046FDF7E7FE012D03D065B10025FEF7A3
:10CD1000A1BC254600943B4622464D493046FDF7CE
:10CD2000D9FEFEF797BCCDF80080FF2300224849CA
:10CD30003046FDF7CFFEFEF78DBC002C00F0F082F0
:10CD4000227812F0010F2DD0570107F04007402440
:10CD50004FF4E01312F0040F28D043F4600344F0C2
:10CD60008004120102F0800217434FF40012009277
:10CD7000DB4300224FF4A0213046FDF7C1FCE44321
:10CD8000A4B20025009523462A4630493046FEF7D6
:10CD900053F8009723462A462D493046FEF74CF8B3
:10CDA000FEF758BC00273C463B46D3E70022DEE7AF
:10CDB00008230093FF2301224FF48021FDF78AFE10
:10CDC000244C02230093FF23032221463046FDF723
:10CDD00081FE00250095F72301224FF48021304683
:10CDE000FDF778FE0095FD23032221463046FDF72E
:10CDF00071FEFEF72FBC002C00F095826388DB00EB
:10CE000003F4FF6322780AB143F4006300934FF206
:10CE1000070300224FF480213046FEF70DF800256D
:10CE2000FEF718BC002C00F08182E3B29A1C0123AB
:10CE30009340013BDBB200224FF40031FCF77BFF53
:10CE40000025FEF707BC00BF347A03000800050088
:10CE50000C00050008001100B4790300F479030008
:10CE6000002C00F06682E37A002B00F06582637B81
:10CE7000012B21D9227BD74B33F812201201D30A80
:10CE8000C2F30A0202F58062B2F5006F28BF0133D7
:10CE90009BB203F07F0300934FF680730222CE49CA
:10CEA0003046FDF7C9FF94230022CC493046FCF7F9
:10CEB00042FF0025FEF7CEBB227BC64B33F8123073
:10CEC0004FF4356202FB03F2930CC2F3CA1202F56F
:10CED0008062B2F5006F28BF01339BB2D9E7002C06
:10CEE00000F02D820022BE49FCF736FB20600025B1
:10CEF000FEF7B0BB002C00F025820022B949FCF7F8
:10CF00002BFB20600025FEF7A5BB002C00F01D8246
:10CF10004FF4A81323600025FEF79CBB002C00F003
:10CF2000178200250B9510AF192347F8103D009785
:10CF300004232A46AC49FCF7F3FE41F648730C93F0
:10CF4000009704232A46A9493046FCF7E9FE0BABBB
:10CF5000009304232A464FF4E8113046FCF7F2FA16
:10CF60000B9B2360FEF776BB002C00F0F4810022BF
:10CF70009F49FCF7F1FA80B2206000229D493046BB
:10CF8000FCF7EAFA430D9B019BB263600025FEF7B4
:10CF900061BB002C00F0E281637D2BB1012B37D007
:10CFA000022B5ED0FF232FE000229349FCF7D4FA36
:10CFB000C0F30B002060002290493046FCF7CCFA09
:10CFC000C0F31500606000228D493046FCF7C4FABA
:10CFD000C0F31500A06000228A493046FCF7BCFA75
:10CFE000C0F31500E060002287493046FCF7B4FA30
:10CFF000C0F310002061032279493046FCF7D4FACF
:10D00000C0F3021020750023A3750025FEF722BB94
:10D0100000227E49FCF7A0FAC0F30B00206000223A
:10D020007B493046FCF798FAC0F315006060002297
:10D0300078493046FCF790FAC0F31500A060002252
:10D040004FF450213046FCF787FAC0F31500E0603A
:10D05000002271493046FCF77FFAC0F313002061CB
:10D06000C9E700226D49FCF777FAC0F30B00206096
:10D0700000226B493046FCF76FFAC0F31500606080
:10D08000002268493046FCF767FAC0F31500A0603B
:10D09000002265493046FCF75FFAC0F31500E060F6
:10D0A000002262493046FCF757FAC0F313002061B2
:10D0B000A1E70025FEF7CEBA0025FEF7CBBA002582
:10D0C000FEF7C8BA0025FEF7C5BA0025FEF7C2BABA
:10D0D0000025FEF7BFBA0025FEF7BCBA0025FEF713
:10D0E000B9BA0025FEF7B6BA0025FEF7B3BA002597
:10D0F000FEF7B0BA0025FEF7ADBA0025FEF7AABAD2
:10D100000025FEF7A7BA0025FEF7A4BA0025FEF712
:10D11000A1BA0025FEF79EBA0025FEF79BBA0025AE
:10D12000FEF798BA0025FEF795BA0025FEF792BAE9
:10D130000025FEF78FBA0025FEF78CBA0025FEF712
:10D1400089BA0025FEF786BA0025FEF783BA0025C6
:10D15000FEF780BA0025FEF77DBA0025FEF77ABA01
:10D160000025FEF777BA0025FEF774BA0025FEF712
:10D1700071BA0025FEF76EBA0025FEF76BBA0025DE
:10D18000FEF768BA0025FEF765BA0025FEF762BA19
:10D190000025FEF75FBA0025FEF75CBA0025FEF712
:10D1A00059BA0025FEF756BA0025FEF753BA0025F6
:10D1B000FEF750BA0025FEF74DBA0025FEF74ABA31
:10D1C0000025FEF747BA0025FEF744BA0025FEF712
:10D1D00041BA00BF707A030012000E0016000E0064
:10D1E0006000030048000F0004001F0008001F003B
:10D1F00048000C0028000C0058000C0030000C0007
:10D2000034000C0038000C002C000C0020000D0035
:10D2100064000C0068000C0060000C0068000D0049
:10D2200040000D0044000D0048000D003C000D00C2
:10D230000025FEF70FBA0025FEF70CBA0025FEF711
:10D2400009BA0025FEF706BA0025FEF703BA002545
:10D25000FEF700BA0025FEF7FDB90025FEF7FAB982
:10D260000025FEF7F7B90025FEF7F4B90025FEF713
:10D27000F1B90025FEF7EEB90025FEF7EBB9002560
:10D28000FEF7E8B90025FEF7E5B90025FEF7E2B99B
:10D290000025FEF7DFB90025FEF7DCB90025FEF713
:10D2A000D9B90025FEF7D6B90025FEF7D3B9002578
:10D2B000FEF7D0B90025FEF7CDB90025FEF7CAB9B3
:10D2C0000025FEF7C7B90025FEF7C4B90025FEF713
:10D2D000C1B90025FEF7BEB90025FEF7BBB9002590
:10D2E000FEF7B8B90025FEF7B5B90025FEF7B2B9CB
:10D2F0000025FEF7AFB90025FEF7ACB90025FEF713
:10D30000A9B90025FEF7A6B90025FEF7A3B90025A7
:10D31000FEF7A0B90025FEF79DB90025FEF79AB9E2
:10D320000025FEF797B90025FEF794B90025FEF712
:10D3300091B90025FEF78EB90025FEF78BB90025BF
:10D34000FEF788B90025FEF785B90025FEF782B9FA
:10D350000025FEF77FB90025FEF77CB90025FEF712
:10D3600079B999F811305A1ED2B2012A7FF601A874
:10D370000222FEF788BF002F3FF462AC19F80010BC
:10D380005B1A9BB281E43F2827D0002E7FF45EAC6D
:10D39000013000F03F0019F800100B449BB29C458F
:10D3A0003FF471AC013D15F0FF053FF432AC9E45F2
:10D3B000BFF440AC9845DED9ACEB030109B20029BB
:10D3C000B8BF494259457FF72EAC002F7FF470ACAF
:10D3D0003F28DAD1002F7FF470AC032A3FF470AC01
:10D3E000022A3FF43FAC1AF802105E1866457FF738
:10D3F00040AC0B449BB20132D2B2002726E400BFFE
:10D400002DE9F04105460E46036D002B5CD02C6DD6
:10D410000023E37302226282A375E3752374A3726F
:10D42000E37204212846FCF733FD07460521284610
:10D43000FCF72EFD80460A212846FCF729FDC0F3A3
:10D440000440207227B1B8F1000F01D0002840D16C
:10D4500020212846FCF71CFD2F4B98420CBF0123CE
:10D460000023637216F0100F37D116F0200F3AD157
:10D4700016F0400F3DD116F0800F41D1E37A0BB981
:10D480008523E372A37A0BB97423A3721F21284664
:10D49000FCF7FEFC60731E212846FCF7F9FC10F037
:10D4A0003F0012BFA0732E23A373A37B00221B494E
:10D4B0002846FCF740FC35212846FCF7E9FC0346EA
:10D4C00020BB0020BDE8F0812C20F9F7EFFC286597
:10D4D0009DE72846FDF7CAFCBAE706212846FCF777
:10D4E000D7FC2060C1E707212846FCF7D1FC60602B
:10D4F000BEE708212846FCF7CBFC000CA072BAE777
:10D5000009212846FCF7C4FCE072B7E70022044971
:10D510002846FCF763FDD4E7400200101400090020
:10D5200004000900F0B585B00446436B1968FFF7A5
:10D5300067FF064623681B69984703AB0022114624
:10D540002046FDF7DDFF636B9B6A19682046FDF7F7
:10D55000ADFD636B9B6A59682046FDF747FB636B23
:10D560009B6ADB8900224FF460212046FCF735FCE2
:10D57000636B9B6A9B89002252492046FCF72DFC75
:10D5800000212046FCF7C6FE002500954FF6FF530C
:10D590002A4610212046FDF74FFC636B9B6A5A898F
:10D5A00019892046FDF7B2FB636B9B6A1B8A022236
:10D5B0000C212046FCF711FC636B9B6A5B8A2A46B0
:10D5C0000C212046FCF709FC636B197A2046FDF715
:10D5D00069FC636BD9682046FCF7B2FE616B0B7E79
:10D5E0004A6909692046FDF7E9F9636B9A7F998BCF
:10D5F0002046FCF7B7FC226D937B2E2B05D0636B86
:10D6000093F82C3033F03F030AD0636B93F82C303F
:10D6100003F03F03937300222B492046FCF78BFB5A
:10D62000636B93F82D102046FDF768FA636B196A57
:10D630002046FCF7A7FE636B596A2046FCF7C6FE3E
:10D64000636B93F82E30A3BB636B93F82F102046C7
:10D65000FCF7B0FB94F94C50002D27DB012303FAB3
:10D6600005F5AFB24FF0907239462046FDF788F9C4
:10D670000DF10A030093022300224FF4A02120465B
:10D68000FBF760FFBDF80A3023EA0503ADF80A3066
:10D6900000220E492046FCF7A0FB94F94D20B2FA77
:10D6A00082F2520939462046FDF77AFC304605B031
:10D6B000F0BD01230093FF23002205492046FDF71A
:10D6C00009FAC1E704000100140009000800050080
:10D6D000040002009829024818BF0020704700BFCC
:10D6E000787B030070472DE9F04184B005460F4672
:10D6F0001E46BDF82C30591E89B201291CD9D019FB
:10D7000000F07F003A44C2F30441820042EA412221
:10D7100043EA0201090A8DF80C1020B9B3F5004F55
:10D7200018D0002B37D041F040018DF80C101A436F
:10D730008DF80D20022405E07A0062F07E028DF85B
:10D740000C200124022B06D026D3A3F50043032B83
:10D7500001D9FEE701242B6D1B7D4BB92B685D6859
:10D760000A9B324603A92046A84704B0BDE8F081D1
:10D770000022214603A8FBF7B1FD024631460A9874
:10D78000FBF7ACFD2B6800909D680A9B324603A90D
:10D790002046A847E9E701242B68D3F800800A9BBC
:10D7A000324603A92046C0472B6D1B7D022BDCD1DE
:10D7B000182FDAD00022214603A8FBF78FFD02467E
:10D7C00031460A98FBF78AFD0446002218212846B4
:10D7D00000F039F88442C8D0EB68002BC5D09847D8
:10D7E000C3E710B582B000240194049C0094FFF7B5
:10D7F0007AFF02B010BD00B585B003AB00930423DF
:10D8000092B2FFF7EEFF0DF10F030DF10B010020B7
:10D8100013F8012902EB00208B42F9D105B05DF825
:10D8200004FB00B585B003AB0093022392B2FFF76F
:10D83000D8FF9DF80D309DF80C0000EB032080B25E
:10D8400005B05DF804FB00B585B00DF10F03009342
:10D85000012392B2FFF7C5FF9DF80F0005B05DF8F8
:10D8600004FB30B5BDB005460C46036D9A7B012A1A
:10D870001CD0032A40F0E8819B7D13F0080F0CD1E7
:10D8800013F0040F02AB009314BF382320230022AF
:10D890004FF4F011FFF7A5FF19E002AB0093E82366
:10D8A00000224FF4F011FFF79CFF10E09B7D13F076
:10D8B000080F40F0C08113F0040F02AB009314BFB7
:10D8C0003823202300224FF4C011FFF78AFF0DF107
:10D8D000170204F11A0304F1200012F8011F03F8E3
:10D8E000011B8342F9D19DF815209DF8143043EABD
:10D8F0000223C3F30C0363849DF81F209DF81E30A0
:10D9000043EA0223C3F30D0313F4005F1CBF6FEA65
:10D9100083436FEA934323849DF825209DF82430A8
:10D9200043EA0223C3F30B03E3872B6D9B7D13F0C4
:10D93000020F40F07E810AAA631E201D12F8011B0F
:10D9400003F8011FD1791972D17B59748342F5D143
:10D950009DF82F3063719DF82E209DF82D3043EAFD
:10D960000223E3809DF837209DF8363003EB022335
:10D97000C3F3CF13A4F80D309DF832209DF8313059
:10D9800043EA0223A4F80F309DF83F209DF83E3073
:10D9900003EB0223C3F3CF13E3829DF83A209DF8F3
:10D9A000393043EA022323832B6D9B7D13F0040F50
:10D9B00040F03F819DF843209DF842301B0443EA2C
:10D9C00002639DF8402013439DF8412043EA02235F
:10D9D00023F0604363629DF847209DF846301B04A6
:10D9E00043EA02639DF8442013439DF8452043EA2F
:10D9F000022323F00043A3629DF84B209DF84A3098
:10DA00001B0443EA02639DF8482013439DF8492014
:10DA100043EA0223C3F31303E3629DF84F209DF80A
:10DA20004E301B0443EA02639DF84C2013439DF8DB
:10DA30004D2043EA0223C3F3150323639DF85320CB
:10DA40009DF852301B0443EA02639DF850201343B3
:10DA50009DF8512043EA0223C3F3150363639DF845
:10DA600057209DF856301B0443EA02639DF854206A
:10DA700013439DF8552043EA0223C3F31503A36320
:10DA80009DF865209DF8643043EA0223A3879DF842
:10DA900077209DF876301B0443EA02639DF87420DA
:10DAA00013439DF8752043EA022323F04043236487
:10DAB0009DF87B209DF87A301B0443EA02639DF8B1
:10DAC000782013439DF8792043EA0223C3F313031C
:10DAD00063649DF87F209DF87E301B0443EA026357
:10DAE0009DF87C2013439DF87D2043EA0223C3F375
:10DAF0001503A3649DF883209DF882301B0443EA3C
:10DB000002639DF8802013439DF8812043EA02239D
:10DB1000C3F31503E3649DF887209DF886301B044A
:10DB200043EA02639DF8842013439DF8852043EA6D
:10DB30000223C3F3150323659DF895209DF89430C7
:10DB400043EA0223C3F30E03A4F854309DF8A52042
:10DB50009DF8A43043EA0223C3F30B03A4F8563024
:10DB60009DF8BF209DF8BE301B0443EA02639DF878
:10DB7000BC2013439DF8BD2043EA022323F0404319
:10DB8000A3659DF8C3209DF8C2301B0443EA0263DD
:10DB90009DF8C02013439DF8C12043EA0223C3F33C
:10DBA0001303E3659DF8C7209DF8C6301B0443EAC4
:10DBB00002639DF8C42013439DF8C52043EA022365
:10DBC000C3F3150323669DF8CB209DF8CA301B04D0
:10DBD00043EA02639DF8C82013439DF8C92043EA35
:10DBE0000223C3F3150363669DF8CF209DF8CE3062
:10DBF0001B0443EA02639DF8CC2013439DF8CD201B
:10DC000043EA0223C3F31503A3669DF8DD209DF8C4
:10DC1000DC3043EA0223C3F30E03A4F86C309DF812
:10DC2000ED209DF8EC3043EA0223C3F30B03A4F884
:10DC30006E303DB030BD02AB0093E82300224FF4BC
:10DC4000C011FFF7CEFD42E69B7D13F0010F00F0FF
:10DC5000B38102AB00936C2300224FF44021FFF705
:10DC6000C0FD1DAB00936C2300224FF450212846C9
:10DC7000FFF7B7FD02AA631E201D12F8011B03F86F
:10DC8000011FD1791972D17B5974D17D9976834264
:10DC9000F3D19DF82530E3779DF80F3063719DF83F
:10DCA0000E209DF80D3043EA0223E3809DF81630E4
:10DCB0009DF8172043EA0222C2F3CF12A4F80D20E8
:10DCC0009DF8152042EA0322A4F80F209DF81F209A
:10DCD00043EA0223C3F3CF13E3829DF81E209DF88D
:10DCE0001D3043EA022323839DF827209DF8263028
:10DCF00043EA0223C3F30D0313F4005F1CBF6FEA72
:10DD000083436FEA934323849DF829209DF82830AC
:10DD100043EA0223C3F30C0363849DF82F209DF88C
:10DD20002E301B0443EA02639DF82C2013439DF818
:10DD30002D2043EA022323F0604363622B6D9B7D19
:10DD400013F0010F3FF475AF9DF833209DF832308A
:10DD50001B0443EA02639DF8302013439DF83120F1
:10DD600043EA022323F00043A3629DF837209DF885
:10DD700036301B0443EA02639DF8342013439DF8B8
:10DD8000352043EA0223C3F31303E3629DF83B20EB
:10DD90009DF83A301B0443EA02639DF83820134390
:10DDA0009DF8392043EA0223C3F3150323639DF84A
:10DDB0003F209DF83E301B0443EA02639DF83C205F
:10DDC00013439DF83D2043EA0223C3F31503636325
:10DDD0009DF843209DF842301B0443EA02639DF8FE
:10DDE000402013439DF8412043EA0223C3F3150367
:10DDF000A3639DF851209DF8503043EA0223A38786
:10DE00009DF861209DF8603043EA0223C3F30B03C1
:10DE1000E3879DF867209DF866301B0443EA0263A0
:10DE20009DF8642013439DF8652043EA022323F004
:10DE3000404323649DF86B209DF86A301B0443EA3D
:10DE400002639DF8682013439DF8692043EA02238A
:10DE5000C3F3130363649DF86F209DF86E301B04B9
:10DE600043EA02639DF86C2013439DF86D2043EA5A
:10DE70000223C3F31503A3649DF873209DF8723049
:10DE80001B0443EA02639DF8702013439DF8712040
:10DE900043EA0223C3F31503E3649DF877209DF85A
:10DEA00076301B0443EA02639DF8742013439DF807
:10DEB000752043EA0223C3F3150323659DF88520EB
:10DEC0009DF8843043EA0223C3F30E03A4F85430D0
:10DED0009DF895209DF8943043EA0223C3F30B0389
:10DEE000A4F856309DF8AF209DF8AE301B0443EAED
:10DEF00002639DF8AC2013439DF8AD2043EA022352
:10DF000023F04043A3659DF8B3209DF8B2301B0475
:10DF100043EA02639DF8B02013439DF8B12043EA21
:10DF20000223C3F31303E3659DF8B7209DF8B630D1
:10DF30001B0443EA02639DF8B42013439DF8B52007
:10DF400043EA0223C3F3150323669DF8BB209DF823
:10DF5000BA301B0443EA02639DF8B82013439DF8CE
:10DF6000B92043EA0223C3F3150363669DF8BF207B
:10DF70009DF8BE301B0443EA02639DF8BC201343A6
:10DF80009DF8BD2043EA0223C3F31503A3669DF861
:10DF9000CD209DF8CC3043EA0223C3F30E03A4F84E
:10DFA0006C309DF8DD209DF8DC3043EA0223C3F39A
:10DFB0000B03A4F86E303CE602AB0093282300224A
:10DFC0004FF44021FFF70DFC54E6000000B583B08C
:10DFD000036D9B7B012B0BD0032B10D100910523EC
:10DFE00004224FF4F011FFF7FCFB03B05DF804FBD3
:10DFF0000091052300220549FFF7F3FBF5E70091A7
:10E00000052300226021FFF7ECFBEEE70400180077
:10E0100010B582B04FF400440194049C0094FFF7C3
:10E0200062FB02B010BD00B585B08DF80C301B0A44
:10E030008DF80D3003AB0093022392B2FFF7E8FF97
:10E0400005B05DF804FB000008B5012902D00529E0
:10E0500007D008BD41F6220300220549FFF7E3FF80
:10E06000F7E74FF4007300220149FFF7DCFFF0E708
:10E070000400110038B505460C4641F400739BB20C
:10E0800000224FF43021FFF7CEFFA3B200224FF45D
:10E0900030212846FFF7C7FF38BD000070B50446A1
:10E0A0000E460C4D012300222946FFF7BCFF3346E4
:10E0B000002209492046FFF7B6FF02230022294625
:10E0C0002046FFF7B0FF002204492046FFF793FBEC
:10E0D00070BD00BF08000B0004000B0010000B0017
:10E0E00010B584B08DF80C301C0A8DF80D401C0C56
:10E0F0008DF80E401B0E8DF80F3003AB00930423F8
:10E1000092B2FFF785FF04B010BD38B5044689B957
:10E1100000222821FFF76FFB054601224FF4602102
:10E120002046FFF790FB2B1A002228212046FFF7FC
:10E13000D7FF38BD00222821FFF75DFB05460122ED
:10E140007C212046FFF77FFB2B1A00222821204646
:10E15000FFF7C6FFEDE738B505460C4600224FF441
:10E160008031FFF748FB000D0005C4F313030343A0
:10E1700000224FF480312846FFF7B2FF38BD38B592
:10E1800005460C4600224FF4A021FFF734FB20F493
:10E190007C3314F0010F18BF43F4803314F0020FE6
:10E1A00018BF43F4005314F0040F18BF43F4903326
:10E1B00000224FF4A0212846FFF792FF38BD00004F
:10E1C00038B505460C460B6800220B49FFF788FF5F
:10E1D0006368002209492846FFF782FFA3680022EE
:10E1E00007492846FFF77CFFE368002205492846D7
:10E1F000FFF776FF38BD00BF0C00020010000200E0
:10E20000140002001800020038B505460C460B68E1
:10E2100000220B49FFF764FF636800220949284682
:10E22000FFF75EFFA368002207492846FFF758FF63
:10E23000E368002205492846FFF752FF38BD00BFBA
:10E240001C0002002000020024000200280002003E
:10E250002DE9F047044605293AD0234D2E46234F99
:10E26000DFF8C480DFF8C490DFF8C4A0204B0022A0
:10E2700020492046FFF734FF534600221E4920461E
:10E28000FFF72EFF4B4600221C492046FFF728FFD0
:10E29000434600221A492046FFF722FF3B46002250
:10E2A00018492046FFF71CFF334600221649204636
:10E2B000FFF716FF2B46002214492046FFF710FFF8
:10E2C000134B002213492046FFF70AFFBDE8F087F1
:10E2D000114D124E124FDFF85C80DFF85C90DFF8D2
:10E2E0005CA0104BC3E700BFB5AF02007DAF0200DA
:10E2F000FEA80200380003003C00030040000300B9
:10E3000044000300480003004C00030050000300D9
:10E31000400200101C000300F5CF0100B5CF010042
:10E3200036CF0100FDC001003EAF0200FEA5020095
:10E3300036AC02007EC70100BEC601003EC401002B
:10E3400008B500231A460249FFF7CAFE08BD00BF00
:10E350000400070038B504460D4600231A460A4952
:10E36000FFF7BEFE00231A464FF4E0212046FFF7D8
:10E37000B7FE05B938BD4FF0E053002203492046EF
:10E38000FFF7AEFEF6E700BF4800070014000700E5
:10E39000F0B583B0046DA47B032C0CBF4FF4981C24
:10E3A0004FF4901C9C18B4F5806F19DA1D46164680
:10E3B0000F4604467F2B15D94FEA1C4300220D4916
:10E3C000FFF78EFE2B4600220B492046FFF788FE02
:10E3D0000097334600224FF4E8112046FFF701FA78
:10E3E00003B0F0BD009113462A466146FFF7F9F9E4
:10E3F000F6E700BF04001F0008001F0010B584B03E
:10E4000004AC04F8013D0094012392B2FFF700FE32
:10E4100004B010BD10B50446036D9B7B012B13D0D7
:10E42000032B1DD1F02300221249FFF7E7FF002242
:10E430004FF4F0112046FFF7F4F9236DDA7AA2B118
:10E44000C0F30900D88310BD0F2300220949FFF74C
:10E45000D5FF00224FF4C0112046FFF7E2F9ECE7A8
:10E4600000224C21FFF7DDF9E7E700F07F00D883B9
:10E47000E9E700BF1800010010B50446036D9B7B5F
:10E48000012B04D0236D9B7B032B06D010BD0F23E3
:10E4900000220549FFF7B2FFF4E7F023002202490A
:10E4A0002046FFF7ABFFF1E71800010038B504463E
:10E4B00000231A464FF42021FFF7B5FD00231A462A
:10E4C00008492046FFF79AFF074D00231A462946C0
:10E4D0002046FFF793FF0223002229462046FFF73C
:10E4E0008DFF38BD14000A0004000A0038B5054647
:10E4F0000C46022300224FF47021FFF77FFF04B97E
:10E5000038BD012300224FF470212846FFF776FF23
:10E51000F6E7000038B504460B4600220A49FFF72B
:10E5200082FD0A4D8823002229462046FFF766FF18
:10E5300000231A4629462046FFF760FF00220449BF
:10E540002046FFF780F938BD0C000A0004000A00DD
:10E5500008000A0070B504460B461546B1F5807FE9
:10E5600034BF0026202600220B49FFF75CFD2B4616
:10E5700000220A492046FFF741FF094D46F090036B
:10E58000002229462046FFF739FF00231A46294674
:10E590002046FFF733FF70BD0C000A0010000A0090
:10E5A00004000A0070B504460D461646002240F2EB
:10E5B0000B11FFF7CFFF4FF482712046FFF7AAFF40
:10E5C00000F01F024FF482712046FFF7C3FF236D56
:10E5D0001A8A15431D82236D1B8A00224FF42021C5
:10E5E0002046FFF720FD3346002202492046FFF770
:10E5F00005FF70BD14000A00F0B583B05C18B4F5D7
:10E60000806F24DA1C4617460E4605467F2B15D927
:10E61000142300220F49FFF763FD234600220E4911
:10E620002846FFF75DFD0097334600224FF4E811BE
:10E630002846FFF7EDFC002003B0F0BD00920B462A
:10E6400022464FF4A011FFF7E3FC0020F4E74FF05F
:10E65000FF30F1E704001F0008001F0010B582B072
:10E660000446022301930022009213461321FFF770
:10E670003AF8236D9A7B032A0CBF012203229A7376
:10E6800002B010BD2DE9F041044600224FF4F8110C
:10E69000FFF7D9F80546002244212046FFF7ABF8E2
:10E6A0000646236D0022DA8383F820209A619A833C
:10E6B0005A62236D5C62236D9F7B002F7FD1236D97
:10E6C0009E61D4F8508098F8153003F00303032BB3
:10E6D00000F0908015F0800F40F0938015F0010F4E
:10E6E00040F0C18015F0400F0BD0636A13B1206D6C
:10E6F000183098474FF4C073022244212046FFF798
:10E7000092FC15F0080F07D1236D9B7B002B00F0C6
:10E71000EA80002F00F0E780236D002283F820209C
:10E7200016F4802F00F0AD80226D92F8203043F077
:10E73000080382F820304FF4802716F0805F08D05D
:10E74000226D92F8203043F0100382F8203047F019
:10E75000805716F4005F06D0226D537D03F003034B
:10E76000032B00F09A8016F4804F40F0A28047F40B
:10E77000DE43002244212046FFF7B2FC2046FFF78B
:10E780007BFE206DC38B002B40F0A280437D03F005
:10E790000303032B00F09C80836923F4904383617F
:10E7A000226D936943F480539361E36913B1206D43
:10E7B00018309847236D002283F820208CE06D49A3
:10E7C0002046FFF740F80746236D9B7B032B08BFCD
:10E7D000C0F3071717F0010F18BF46F4804617F073
:10E7E000020F18BF46F4005617F0040F18BF46F486
:10E7F000806664E716F4005F1CBF45F00805EDB2C3
:10E8000068E7002248212046FFF70BF8A8F81C0013
:10E81000236D1A7D1AB19A6912F0040F03D19B8BF4
:10E8200003F460638BB10423002244212046FFF7E8
:10E83000E5FD4FF46063002248212046FFF7F3FB1B
:10E84000236A13B1206D18309847236D9B8B13F406
:10E85000807F3FF443AF4FF480730022482120466D
:10E86000FFF7E1FB3AE7F823002244212046FFF7B7
:10E87000C5FD2369002B3FF435AF206D1830984754
:10E8800030E716F4806F1FBF226D92F8203043F0FE
:10E89000040382F8203000274FE792F8203043F03D
:10E8A000020382F82030236D0022DA8347F4004708
:10E8B0005DE72046FFF7AEFD10F4004F3FF457AF81
:10E8C000226D92F8203043F0010382F820304EE7A9
:10E8D00063690BB118309847236D9B7B03BB236D95
:10E8E000002283F8202015F0100F1DD115F0200F05
:10E8F0002DD1002220492046FEF7A5FF236D83F885
:10E90000210010F0030309D000221B492046FFF725
:10E9100075FDA36A13B1206D18309847BDE8F081EA
:10E920002046FFF79BFEDAE7144B002244212046E5
:10E93000FFF7D6FB2046FFF79FFDE36913B1206D7B
:10E9400018309847236D002283F82020CEE70C4B27
:10E95000002244212046FFF7C3FB2046FFF78CFD31
:10E96000A36913B1206D18309847236D002283F8F6
:10E970002020BEE718000100380011000094053483
:10E980000004221030B585B0089C8DF808301D0AAF
:10E990008DF809501D0C8DF80A501B0E8DF80B30A8
:10E9A0008DF80C40230A8DF80D30230C8DF80E30B5
:10E9B000240E8DF80F4048F20303019302AB00933D
:10E9C000082392B2FEF78FFE05B030BD70B582B05D
:10E9D00004460E46134D4FF0082300934FF0FF33CB
:10E9E00000222946FFF7CEFF4FF0601300934FF04F
:10E9F000FF33002229462046FFF7C4FF0A4B00934D
:10EA00004FF0FF3300224FF4E0212046FFF7BAFF1A
:10EA10000EB902B070BD054B002205492046FFF734
:10EA20005FFBF6E748000700003C0002001101010F
:10EA30001400070000B583B0054B00934FF0FF337F
:10EA400000220449FFF79EFF03B05DF804FB00BFFE
:10EA5000003C0002040007002DE9F04383B00446A7
:10EA60000D461746564E00223146FEF7C4FE81463B
:10EA70004FF4704300934FF0FF330022314620469D
:10EA8000FFF780FFDFF83C81182300224146204633
:10EA9000FFF7C9FA25212046FFF7ECFA02212046AC
:10EAA000FFF7E8FA4FF4FE712046FFF7E3FAF9B2F8
:10EAB00041F480712046FFF7DDFA4FF48071204663
:10EAC000FFF7D8FA00212046FFF7D4FA02212046AA
:10EAD000FFF7D0FA4FF4E0712046FFF7CBFAE9B226
:10EAE00041F480712046FFF7C5FAC5F3072141F4D0
:10EAF00080712046FFF7BEFAC5F3074141F48071EB
:10EB00002046FFF7B7FA290E41F480712046FFF73F
:10EB1000B1FA00212046FFF7ADFA3A212046FFF76F
:10EB2000A9FA40F2FF112046FFF7A4FA4FF48571CD
:10EB30002046FFF79FFA00212046FFF79BFA3A2173
:10EB40002046FFF797FA40F201112046FFF792FAAC
:10EB5000022300224FF430212046FFF764FA0023FD
:10EB60001A464FF430212046FFF75DFA0220F0F7F5
:10EB700071FB3A212046FFF77DFA4FF48171204660
:10EB8000FFF778FA022300224FF430212046FFF7E6
:10EB90004AFA00231A464FF430212046FFF743FA81
:10EBA00000231A4641462046FFF73DFA4B46002215
:10EBB00031462046FFF794FA03B0BDE8F08300BF6A
:10EBC0004400070008000B00F0B583B00024234682
:10EBD0000126072702E00134092C09D006FA04F5C2
:10EBE0000D42F8D004EB440507FA05F52B43F2E794
:10EBF0001A400092DB4300224FF4A021FFF7C2FE2F
:10EC000003B0F0BD10B582B004467F2A12D980321D
:10EC100041EAC32141EA024100910C4B002220212C
:10EC2000FFF7B0FE00224FF400212046FEF70BFE56
:10EC300002B010BD41EAC32141EA02410091034BF9
:10EC400000222021FFF79EFEF2E700BF00F400FC47
:10EC500000B583B000920B4600224421FFF792FEDC
:10EC6000002003B05DF804FB00B585B08DF80C30D2
:10EC70009DF818308DF80D3048F20103019303AB75
:10EC80000093022392B2FEF72EFD05B05DF804FB5F
:10EC900030B583B004460D4611F0010F15D00023A6
:10ECA0000093EF2302224FF46021FFF7DDFF236D75
:10ECB0009D75236D9B7D5B0810D06B0800220E496B
:10ECC0002046FFF79BFB03B030BD10230093FF23CA
:10ECD00002224FF46021FFF7C7FFE8E7012300930A
:10ECE000FF23002204492046FFF7BEFF226D937DDB
:10ECF00043F002039375E6E72000010070B582B08F
:10ED000004460D460121FFF79FF900212046FFF739
:10ED10005DFE2046FFF78EFEC5F30B03002215496A
:10ED20002046FFF780F903230093FF2300221249B6
:10ED30002046FFF799FF104E00252A46314620460F
:10ED4000FEF781FD10F0010FF7D12046FFF7F8FA2A
:10ED500000212046FFF7FEFA05212046FFF774F94F
:10ED6000002206492046FEF76EFD00F03F0002B08B
:10ED700070BD00BF1C000800100008001C00070048
:10ED800038B505460C46B1F8051049B1FFF7B6FF96
:10ED9000D4F80130002205492846FFF7A1F938BD13
:10EDA000237800220249FFF729FBF1E70400010064
:10EDB0001C00070030B583B004460D4610230093B5
:10EDC000FF2300220649FFF74FFF2B46022D38BFD5
:10EDD0000223002228212046FFF782F903B030BD2C
:10EDE00028000F0030B583B0044601291DD0022948
:10EDF0002FD001230093FF2300222549FFF734FF82
:10EE0000244D4FF4000300936FF4807300222946D1
:10EE10002046FFF7B7FD002300937F2302222946F7
:10EE20002046FFF721FF03B030BD0521FFF70CF9A5
:10EE3000022300934FF0FF33002217492046FFF7CB
:10EE4000A1FD01220092FF2312492046FFF70CFF8B
:10EE5000E9E703230093FF2300220D49FFF704FF96
:10EE60000C4D4FF4000300936FF480730022294689
:10EE70002046FFF787FD002300937F2302222946C7
:10EE80002046FFF7F1FE05212046FFF7DDF8CAE72F
:10EE900004001100080011000800090030B583B01B
:10EEA000054602290ED000240094FE23224610219C
:10EEB000FFF7DAFE2346224614212846FFF7B3F86F
:10EEC00003B030BD144601230093FF23002210211C
:10EED000FFF7CAFE2346002214212846FFF7A3F8B5
:10EEE000EEE700002DE9F04182B00546294C2A4B9F
:10EEF00000222146FFF7F4F810230093FF2300229D
:10EF000021462846FFF7B0FE03244FF01408234F94
:10EF100000264046F0F7A8F9324639462846FEF763
:10EF200092FC012834D0631E13F0FF04F1D16FF07E
:10EF30000204184E00231A4631462846FFF75EFAAF
:10EF40000123002215492846FFF758FA01230093B0
:10EF5000FF23022231462846FFF786FE0022104991
:10EF60002846FEF748FC6FF06043984208BF6FF0F8
:10EF7000030400220B492846FEF73DFC6FF0604376
:10EF8000984214BF20466FF0040002B0BDE8F08143
:10EF90000024CEE70C000400010002002000040061
:10EFA000140004001C0004002DE9F04383B0054662
:10EFB000884617461C46F0F70BF90646022C19D076
:10EFC000042C17D004F0FD03012B3FD04FF00009B3
:10EFD000CDF800906FEA08034A463C212846FFF727
:10EFE000D1FCCDF80090FB434A4640212846FFF76C
:10EFF000C9FC0BE0434600223C212846FFF770F88D
:10F000003B46002240212846FFF76AF8033CE4B261
:10F01000012C2DD900223C212846FEF7ECFB0346AB
:10F02000002244212846FFF75BF8002240212846B1
:10F03000FEF7E1FB0346002248212846FFF750F87F
:10F040003046F0F7DDF803B0BDE8F083CDF800807E
:10F050004FF0FF3300223C212846FFF793FC009736
:10F060004FF0FF33002240212846FFF78BFCCDE70D
:10F0700010210091FF2302222846FFF7F5FDC9E782
:10F0800000B583B000290BBFFF23F723002208221D
:10F09000009201221021FFF7E7FD03B05DF804FBA9
:10F0A00010B584B0BDF818408DF80C301B0A8DF8EF
:10F0B0000D308DF80E40240A8DF80F4048F20203FF
:10F0C000019303AB0093042392B2FEF70CFB04B050
:10F0D00010BD000030B583B0044611F0010F1FD001
:10F0E0000D464FF4107300936FF47C6300224FF4CD
:10F0F000A021FFF747FC4FF4040300934FF0FF33C8
:10F10000002218492046FFF73DFC15F0020F1AD1E6
:10F110004FF48873002214492046FEF7E1FF10E007
:10F12000002500956FF47C632A464FF4A021FFF779
:10F1300029FC00954FF6FF632A460B492046FFF74E
:10F14000AFFF03B030BD084D084B002229462046D2
:10F15000FEF7C6FF4FF48873002229462046FEF7CB
:10F16000BFFFEEE7040011001800110010010F00AE
:10F17000F0B583B00446012909D01420F0F774F8E3
:10F180002046FFF7AFFE0546284603B0F0BD0F4E00
:10F1900000223146FEF745FB074640F20713009375
:10F1A0004FF6FF73002231462046FFF779FF142007
:10F1B000F0F75AF82046FFF795FE05460022009228
:10F1C0003B4631462046FFF76BFFDDE7480007006E
:10F1D00000B583B0012A09D0CB43002200929BB234
:10F1E0000649FFF75DFF03B05DF804FB00914FF6A1
:10F1F000FF7300220149FFF753FFF4E70C000500FD
:10F20000F0B583B004460F4616461D4648F240034B
:10F2100000934FF6FF7300221849FFF741FFAA1928
:10F2200043F201039A4215DC7F2D1DD915230022DC
:10F2300013492046FEF754FF2B4600221149204671
:10F24000FEF74EFF0097334600224FF4E8112046A8
:10F25000FEF7C7FA0022009247F6BF73074920461F
:10F26000FFF71EFF03B0F0BD009733462A464FF468
:10F27000A8112046FEF7B5FAECE700BF0400110024
:10F2800004001F0008001F0070B506460C46154616
:10F290000E4B02220E49FEF723FF0F2DA8BF0F25AC
:10F2A000631E032B28BF0424102323410022094995
:10F2B0003046FEF715FF631E9B0005FA03F300229C
:10F2C00005493046FEF70CFF70BD00BF7408D20040
:10F2D0001000110028000700180008002DE9F04F69
:10F2E00083B004460D4691F800900B79182B14D882
:10F2F000CF78182F94BF00270127FFB2EB79012B9D
:10F300000CBF102100216B78013B062B10D8DFE8E1
:10F3100003F0060F0F120C0F09000127EDE74FF065
:10F32000400A0AE04FF0480A07E04FF0800A04E084
:10F330004FF4807A01E04FF0200A226D138A23F007
:10F34000E0031382236DEA79DA722E7BB31C012667
:10F350009E401FFA86F8226DCA4B03FB08F3DB0BB5
:10F360005382236DEA7A5A752B7A5B0103F02003EE
:10F370006A7B43EA0243EA7A120302F430421343FF
:10F380000B430093C04B002210212046FFF7FAFAEE
:10F39000002F40F0FC80EB7AF3B16B7B012B40F245
:10F3A00021812A7BB94B33F812201201D30AC2F310
:10F3B0000A0202F58062B2F5006F28BF01339BB2EA
:10F3C0000AEBC80A03F07F0300934FF68073022212
:10F3D000AF492046FFF764FE94230093AD4B002213
:10F3E000AD492046FFF7CEFABAF1FF0F40F30D8189
:10F3F000226D138A43F0200313824FF400630093BD
:10F400004CF6FF730022A5492046FFF749FE6B7BAF
:10F41000012B00F00581AB7843F010030093FC232F
:10F4200000224FF4C0212046FFF71EFC731EDBB202
:10F4300000224FF400312046FEF7E0FF6B78072BE7
:10F440000CBF08230023012224212046FEF7D6FF0B
:10F45000EB7A03F00303032B0CBF914B914B00227B
:10F4600091492046FEF73CFE002290492046FEF7D7
:10F47000C2F920F4FF5020F01F00B9F1090F08BFB6
:10F4800040F001002A79120202F4F852EB78DB0016
:10F49000DBB21A436B795B0003F0060313430343AB
:10F4A000002282492046FEF71BFEAA796B781B03D7
:10F4B00043EA822300936FF4744300222021204604
:10F4C000FFF760FAB5F8093023B96FF07E036B726D
:10F4D0000023AB72B5F8093002224FF4C021204658
:10F4E000FEF7A1FD022272492046FEF7ACF9236D1A
:10F4F000DB7B4B4500F09E80032800F09F80B9F134
:10F50000090F00F0A0806B4B00226B492046FEF7EC
:10F51000E7FD41F63C7300224FF410212046FEF730
:10F5200082FD1423012265492046FEF767FF0E2362
:10F53000022263492046FEF761FF812300226149D0
:10F540002046FEF75BFF0223002244212046FEF7FF
:10F5500055FF01212046FFF745FC4FF0320B4FF0DD
:10F560001408002744264046EFF77EFE3A4631460F
:10F570002046FEF768F910F0020F40F0B5800BF15D
:10F58000FF3313F0FF0BEED16FF00100DEE0226DD0
:10F59000138A43F0600313824FF4C05300936FF457
:10F5A000405300223D492046FFF7ECF940F2063374
:10F5B000002245492046FEF793FD00231A464349A1
:10F5C0002046FEF78DFD424B002231492046FEF7D2
:10F5D00087FD9D2300932F4B00222F492046FFF7E4
:10F5E000D1F914E72A7B294B33F812304FF43562F6
:10F5F00002FB03F2930CC2F3CA1202F58062B2F569
:10F60000006F28BF01339BB2DAE64FF4205300931A
:10F610004CF6FF73002221492046FFF741FDF6E634
:10F62000AB780093EC2300224FF4C0212046FFF773
:10F630001BFBFBE603287FF462AF58E00221204663
:10F64000FFF7D0FB5BE7234B00221B492046FEF768
:10F6500047FD40F63C7300224FF410212046FEF790
:10F66000E2FC5EE74FF4807300934FF6FF730022D5
:10F670000A492046FFF714FD226D138A43F0080360
:10F68000138246E068660200CF4FFCFF807B0300D8
:10F6900014000E0000FFFFBF18000E0008000B0052
:10F6A000CC355FAF4C585FAF0C000600080001007E
:10F6B00030000F003411071C1C0007005000070029
:10F6C00018000700080009000C000E0010000E00D2
:10F6D0000A5A0C003400011C00220092FE231D492E
:10F6E0002046FFF7C1FA1EE0236D83F80F902B79B7
:10F6F000093BDBB20F2BEFD8236D1B7A012BB1D066
:10F7000049462046FEF7A4FD226D138A23F0080324
:10F7100013824FF4C843009348F2FF1300220D49AF
:10F720002046FFF7BDFCBAF1400FCCBF4FF00053AD
:10F730004FF0A05300936FF07F430022064920460C
:10F74000FFF720F901212046FFF712FD03B0BDE8C5
:10F75000F08F00BF1800030010000600F0B583B062
:10F7600005460E46036D002B51D02C6D0023A3736C
:10F770000222228223756375E3736372A3720421EC
:10F780002846FEF78BFC074605212846FEF786FC37
:10F790000FB1002840D120212846FEF77FFC354BD1
:10F7A00098420CBF01230023237216F0100F42D1A0
:10F7B00016F0200F45D116F0400F48D116F0800FFB
:10F7C0004CD1A37A0BB98523A372637A0BB9742346
:10F7D00063721F212846FEF761FC20731E21284614
:10F7E000FEF75CFC10F03F0012BF60732E236373C2
:10F7F000637B002220492846FEF700FE352128467B
:10F80000FEF74CFC034678BB002003B0F0BD282077
:10F81000F7F74CFB2865A8E74FF4007300934FF609
:10F82000FF73002215492846FFF73AFC238A43F06C
:10F8300010032382AFE706212846FEF72FFC206045
:10F84000B6E707212846FEF729FC6060B3E70821E8
:10F850002846FEF723FC000C6072AFE7092128461A
:10F86000FEF71CFCA072ACE7002205492846FEF713
:10F8700037FCC9E7400200101400090008000B0023
:10F880000400090030B583B005460C4671B121F083
:10F890000203013B0F2B62D8DFE803F01161612402
:10F8A0006161612D616161616161613A0221019172
:10F8B000002200921346FDF716FF204610E00223B7
:10F8C00001930022009213460421FDF70CFF03224E
:10F8D00044212846FDF7B7FF10F0080F25D100207E
:10F8E00003B030BD022301930022009213460A2187
:10F8F000FDF7F9FEEBE70021FEF707FC0223019379
:10F9000000220092134608212846FDF7ECFEDEE7B0
:10F910000121FEF7FAFB0223019300220092134615
:10F9200006212846FDF7DFFED1E7022301930021DF
:10F9300000910B460A462846FDF7D5FE14F0020F4B
:10F9400002D04FF0FF30CBE702210191002200925C
:10F9500013462846FDF7C7FE4FF0FF30C0E74FF0D3
:10F96000FF30BDE770B582B0064602250195002440
:10F970000094234622461921FDF7B5FE336D9C7392
:10F980001D821C755C75DC7302B070BD70B582B0F1
:10F99000064602250195002400942346224618219C
:10F9A000FDF7A1FE336D9C731D821C755C75DC73C5
:10F9B00002B070BD2DE9F04F91B0064615461C46C9
:10F9C0009C2900F29F80DFE811F0540A5F0AA3002F
:10F9D000A700C0004C0192016F015601A201AD01C8
:10F9E000B501BD01C501CD01D501D901E101720209
:10F9F000800285028F0294029902A202A702DD0210
:10FA0000FA02050310031A03520348033E032403BA
:10FA100031038103FC012F023D02450259027D0999
:10FA2000820961039F03A303AC03B103DB03E50376
:10FA3000ED03170423042E0457033904420454042D
:10FA40006D047E04C004CA04F004FF041A0508050E
:10FA500024056A058205A205D105E505EE050A061D
:10FA6000F70543078507D307D907E407FD071D08F6
:10FA7000270831085F0868086E087708840891082D
:10FA80009B08A408AD08B808C308C908EC08F70823
:10FA900002090D094E09590972098809FD09070A69
:10FAA000120A670A1C0A490A7707C609E709D50A34
:10FAB000CA0A740A7F0A8A0A950AA00AAB0AB60A19
:10FAC000BF0AB50CEF0C2A0D4D0DF90D0E0EFD0AF7
:10FAD000C10BF40BFF0B040C090C140C270C320C9B
:10FAE000470C5C0C980C9D009D009D009D009D00A6
:10FAF0009D009D009D00640D750DC20EBF0DB40DDF
:10FB0000D30DCA0D4FF0FF35284611B0BDE8F08F78
:10FB1000436898470025F7E70222B449FDF793FEB2
:10FB2000032801D80025EFE7EFF752FB0446022334
:10FB30000193002500952B462A4629463046FDF7BD
:10FB4000D2FD2046EFF75CFBDEE7002C01F00286D9
:10FB5000247814F01D0F61D014F0010F23D014F09D
:10FB6000020F4FF0020301934FF000020092134680
:10FB700014BF0D210321FDF7B6FD032244213046B9
:10FB8000FDF761FE10F0080F08BF0025BCD002236E
:10FB90000193002100910B460A463046FDF7A3FD74
:10FBA0004FF0FF35B0E714F0080F11D114F0100F2B
:10FBB00021D114F0020F4FF0020301934FF0000225
:10FBC0000092134614BF10210921FDF78CFDD4E7E4
:10FBD0000021FEF79AFA14F0020F4FF0020301938E
:10FBE0004FF000020092134614BF0F210721304648
:10FBF000FDF779FDC1E70121FEF787FA14F0020F46
:10FC00004FF0020301934FF000020092134614BF1D
:10FC10000E2105213046FDF766FDAEE714F0200FFA
:10FC20000FD014F0020F4FF0020301934FF00005C4
:10FC300000952B462A4614BF11210B21FDF753FDD9
:10FC400062E714F0020F4FF0020301934FF000053A
:10FC500000952B462A4614BF0C210121FDF743FDD8
:10FC600052E7002C01F07985236800222821FEF755
:10FC700037FA002548E7236800225D49FEF730FA8D
:10FC8000636800225B493046FEF72AFAA368002227
:10FC900059493046FEF724FAE368002257493046B6
:10FCA000FEF71EFA00252FE7002C01F05985238866
:10FCB0006568032D01F25785DFE805F002070D1393
:10FCC00000224F49FEF7AFF91EE702224C49FEF72A
:10FCD000AAF9002518E700224A49FEF7A4F90025F1
:10FCE00012E702224749FEF79EF900250CE7002C97
:10FCF00001F03C8523785B0003F0060300936FF06E
:10FD0000060300224049FEF73DFE0025FCE64FF4C5
:10FD1000803300934FF0FF3300223C49FEF732FE60
:10FD20000025F1E6002C01F02485036D1B7B237078
:10FD30000025E9E6002C01F01F85036D5B7A237036
:10FD40000025E1E6002C01F01A85036D9B7A2370F3
:10FD50000025D9E6002C01F01585036D1B68236092
:10FD60000025D1E6002C01F01085036D5B6823604F
:10FD70000025C9E6FEF772FC0025C5E6002C01F05F
:10FD800007852168FEF7E7F90025BDE6002C01F0A4
:10FD9000028525785DB1646840230093FF2300222B
:10FDA0001021FEF761FF022D07D1F46005E000226B
:10FDB0000092BF231021FEF757FF336D1D750025FC
:10FDC000A2E6002C01F0EA846568237803224FF450
:10FDD0008031FEF713FBDDB9002200924FF2FF7372
:10FDE00010213046FFF75CF98EE600BF30000F00AF
:10FDF00054000100580001005C0001006000010097
:10FE00000C000100100001000800010004001100B6
:10FE10004FF4812300934FF0FF330022102130462E
:10FE2000FEF7B0FD00256FE600221146FDF7E3FC6A
:10FE3000B268136843405268134214BF4FF0FF3555
:10FE4000002561E6002C01F0AC842178FEF720FF4C
:10FE5000002559E63AB9002200924FF2FF73B849E3
:10FE6000FFF71EF950E64FF4006300934FF6FF735F
:10FE70000022B349FFF714F9002545E602F001021C
:10FE80004FF6FF734FF2FF71002A08BF0B46D202F4
:10FE900015F0020F12BF42F4805223F480539BB23C
:10FEA00000920022A649FFF7FBF800252CE62AB9AC
:10FEB000A44B0222A449FEF713F925E6A34B022224
:10FEC000A149FEF70DF900251EE61146FEF757F988
:10FED000002519E6002C01F0678400229C49FDF7FB
:10FEE000B2FC207000250FE62146FEF769F90025D7
:10FEF0000AE62146FEF788F9002505E6012300936E
:10FF0000FF2300229349FEF7AFFE0025FCE51146D2
:10FF1000FEF79EF90025F7E5182300228E49FEF72B
:10FF2000DFF8E82300228D493046FEF7D9F8336D1B
:10FF30009B7D5B081AD0002289493046FDF771FC91
:10FF4000C0F3C403093B0F2B01F2318400F0010020
:10FF500000280CBF05210921336D1B7A012B01F00C
:10FF600029843046FEF774F90025CDE501230022EF
:10FF70007C493046FEF742FA326D937D43F002032E
:10FF80009375D8E7002C01F018842478036D5C7514
:10FF9000230303F43043009344F6FF73002210213F
:10FFA000FFF77EF804F00304032C0CBF6E4B6F4B7D
:10FFB00000226F493046FEF793F80025A4E5002C97
:10FFC00001F0FE83238800224FF46021FEF72BF816
:10FFD000002599E5002C01F0F68300224FF4602102
:10FFE000FDF71FFC208000258EE5002C01F0EE833C
:10FFF000238800227C21FEF716F8002584E5002CDA
:020000023000CC
:1000000001F0E78300227C21FDF70BFC2080002516
:100010007AE5002C01F0E083A388E2882168009152
:100020004FF4B011FDF7F4FF00256DE5002C01F051
:10003000D683A388E288216800914FF4B011FDF7C0
:10004000D0FB002560E5002C01F0CC83E388A2887A
:100050002168FEF79DF9002556E5002C01F0C583C7
:10006000E3882268A188FEF7C7FA00254CE511460F
:10007000FFF708FC002547E5002C01F0B983237940
:1000800062882188FEF7BEFD00253DE5002C01F0C9
:10009000B283036D9B7B012B0CD0032B10D10C2260
:1000A0004FF4F011FDF7BDFB00B240F30C032380C9
:1000B000002529E500222F49FDF7B3FB00B2F4E744
:1000C00000222D49FDF7ADFB00B2EEE7002C01F058
:1000D00095830CAB0093032300222849FDF781FB95
:1000E0009DF832209DF8313003EB02229DF830302C
:1000F00003EB022313F4801F1CBF6FEA03336FEA84
:10010000133323600025FFE4FEF7D0F90025FBE45C
:10011000002C01F076836188FEF7F0FD2070002549
:10012000F2E42146FDF79DFB0025EDE4002C01F0F3
:100130006B8301227021FDF75EFB20600025E3E464
:10014000080011007408D200100011007488D20455
:100150001C000700040002000C001F0010001F001C
:100160000800010020000100CC355FAF4C585FAFA4
:100170000C0006000C00180020000C0029000600EE
:10018000002C01F0448300227021FDF734FB206035
:100190000025B9E40094052300227021FDF721FB1E
:1001A0000025B1E4002C01F03583036D9B7B012B0E
:1001B00014D0032B19D116224FF4F011FDF731FBA7
:1001C000C0F30D0083B213F4005F04D06FEA8343E1
:1001D0006FEA934318B22080002595E40222D649A5
:1001E000FDF71FFBC0F30D00ECE70222D349FDF73A
:1001F00018FBC0F30D00E5E7009406230022D04968
:10020000FDF7EFFA637903F00103637100257BE4E6
:10021000002C01F0028301224FF00811FDF713FBBF
:100220002070002570E4002C01F0FA8200224FF0CB
:100230000811FDF708FB2070002565E4002C01F093
:10024000F282A2882168FEF707FC00255CE4002CFE
:1002500001F0EC822568A48822462946FEF7FCFBC3
:1002600021463046FDF71AFF2D1A18BF4FF0FF3513
:100270004AE4022A0ED0B34C00231A4621463046E7
:10028000FEF7BCF80223002221463046FEF7B6F8FE
:10029000002539E400230093FE230122AA49FEF73A
:1002A000E3FCE8E7002C01F0C4822488E2B24FF4BA
:1002B0008171FEF74FF9220A40F203113046FEF732
:1002C00049F9002520E4002C01F0B682DFF8848291
:1002D00010230093FF2300224146FEF7C5FC4FF494
:1002E00082713046FEF716F900F0E0052A464FF419
:1002F00082713046FEF72EF945F004024FF4827108
:100300003046FEF727F90220EEF7A4FF4FF487717D
:100310003046FEF7FFF8074640F20F113046FEF771
:10032000F9F881462A464FF482713046FEF712F9F9
:1003300000250095EF232A4641463046FEF794FCFF
:1003400047EA09272780FFF7DFBB002C01F07782FF
:10035000A2782188FEF726F90025FFF7D5BB002CEF
:1003600001F070822468FEF7A1F80120EEF772FF19
:1003700003230093FF23002274493046FEF774FCE8
:100380007CB93046FFF7EEFA0120EEF763FF336DDC
:1003900000259D7302221A821D755D75DD73FFF7BE
:1003A000B3BB3046FFF7F2FAEEE7002C01F04D82C6
:1003B000237803F03F03026D537300226449FEF774
:1003C0001DF80025FFF7A0BB002C01F04182036D52
:1003D0005B7B23700025FFF797BB0121FEF7F6FA40
:1003E0003046FEF727FB01213046FDF72DFE0F2298
:1003F00001213046FEF748FF0025FFF785BB002CA2
:1004000001F0298262682168FEF73EFF0025FFF7B0
:100410007BBB002C01F022824E4D00222946FDF7C5
:1004200012FA804602230093FF2300222946304619
:10043000FEF71AFC0423002247493046FDF7DEFF91
:10044000012300224FF400213046FDF7D7FF434F30
:1004500000252A4639463046FDF7F5F910F0010F20
:10046000F7D000224FF008113046FDF7DAF90546C3
:1004700000231A464FF400213046FDF7BFFF00234A
:100480001A4635493046FDF7B9FF43460022314947
:100490003046FDF7B3FF25800025FFF735BB002C64
:1004A00001F0DF812379026D927A9B1A07EE903A70
:1004B000F8EEE77A9FED2A7A67EE877AB3EE067A4E
:1004C00077EE877AC4ED007A0025FFF71DBB002C7C
:1004D00001F0CA812379026D527A9B1A07EE903A95
:1004E000F8EEE77A9FED1F7A67EE877AB3EE007A2F
:1004F00067EE877ADFED1C6A87EEA67AF0EE087A5F
:1005000077EE277AC4ED007A0025FFF7FDBA002CBC
:1005100001F0AD8124680121FEF758FA3046FEF75C
:1005200089FA01213046FDF78FFD21463046FEF75E
:1005300041FC0025FFF7E8BA140018001C000C006D
:1005400018000C0004000A0008001100040011004B
:1005500014000900480007003400070004000800E8
:100560006666863FCDCCCC3E00007F4300250095DB
:10057000EF232A46C749FEF777FB05213046FDF7F2
:1005800063FD01213046FDF7E5FE3046FDF7D8FE5C
:10059000FFF7BABA00250095EF232A46BD49FEF7BA
:1005A00063FBFFF7B1BA002C01F064812168FEF70C
:1005B00001FC0025FFF7A8BA0022B749FDF731F981
:1005C000C0F30B0510F4006F18BF45F470452DB251
:1005D0002580336DB3F91230ED1AFFF795BA002C70
:1005E00001F04B81D4F80490237A99F81320FF2A64
:1005F00000F02281002B36D1D9F8003000930C2373
:100600000022A649FDF704FD99F80C30B9F80E2038
:10061000D11899F81220002A5FD199F8100000280B
:100620000BBF7F224FF480624FF4B0154FF4A0153A
:1006300099F81300121A023A914200F20381D9F894
:1006400004200092002229463046FDF7E1FCB9F86B
:100650000E3099F80C20D9F8081000912946304640
:10066000FDF7D6FC4AE0D9F80030B9F80E109A7AB6
:100670008DF830205A7A8DF831201A7A8DF8322090
:10068000DA798DF833209A798DF834205A798DF8FB
:1006900035201A798DF83620DA788DF837209A7857
:1006A0008DF838205A788DF839201A788DF83A204C
:1006B00000228DF83B208DF83C10090A8DF83D1082
:1006C000197B8DF83E10DB7A8DF83F300CAB009330
:1006D00010237249FDF79CFC96E7012A40F0AF8099
:1006E00099F81130002B40F2FF3308BF7F2399F8AF
:1006F00013209B1A023B994200F2A78099F8102020
:10070000531EDBB2012B40D999F81130591EC9B2E2
:10071000012947D9042B4CD042EA433300226049D7
:100720003046FDF7DDFCB9F80E305E4A02EAC3122E
:1007300099F80C3003F07F03134300225A493046E6
:10074000FDF7CEFC0123002258493046FDF756FE46
:10075000DFF85C8100273A4641463046FDF773F8E2
:1007600010F0050FF7D005460346002250493046E9
:10077000FDF744FE05F03F0525F03003012B25D0A1
:100780006BB223700025FFF7BFB9336D9B7B032B42
:1007900001F0238199F811305A1ED2B2012A12D9E0
:1007A0000122B7E7336D9B7B032B0CBF0223012390
:1007B000B2E7B9F80E101029AED96FF00303E0E7E5
:1007C00002221346A8E701221346A5E799F8123042
:1007D000012BD5D199F81120531EDBB2012B1BD967
:1007E000032A0CBF4FF4A0174FF4B017D9F8042018
:1007F00012B199F80C30C3B9D9F808100029BFD04C
:10080000B9F80E30002BBBD099F80C200091394676
:100810003046FCF7E6FFB3E7336D9B7B032B0CBF41
:100820004FF498174FF49017E0E7009200223946F2
:100830003046FCF7D6FFDFE76FF00203A1E76FF069
:1008400001039EE74FF0FF339BE74FF0FF3398E73C
:10085000237AE179A279D20042EA41021343627914
:1008600043EA8213227943EAC213E27843EA02237D
:10087000A27843EAC223627843EA0233227843EA49
:1008800042339BB200220B49FDF7CDFB0025FFF759
:100890003BB900BF28000F0008000200340001002F
:1008A0004400010080FF0100480001004C000100ED
:1008B0005000010030000100002C00F0E187637857
:1008C00033B15B08013BDBB223700025FFF71CB995
:1008D0000023F9E70022D049FCF78DFFC0F30B039A
:1008E0002380C0F30B4060800022CC493046FCF7E7
:1008F00082FFC0F30B03A380C0F30B40E080002213
:10090000C7493046FCF777FF2072000C6072002266
:10091000C4493046FCF76FFFC0F30B43A381C0F31B
:100920000B0060810022C0493046FCF764FFC0F331
:100930000B43A4F80F30A0730022BC493046FCF7EB
:100940005AFF6074000CA0740022B9493046FCF7CD
:1009500052FFC0F30B00A4F8130000256575A575C0
:100960002A46B4493046FCF76EFFE075FFF7CCB875
:100970001146FDF7BBFD0025FFF7C6B8002C00F0BF
:10098000828723880022AC49FDF74DFB0025FFF745
:10099000BBB8002C00F07A87256835B900231A46C9
:1009A000A649FDF740FBFFF7AFB86279237943EA28
:1009B000022323F0F0030022A049FDF734FB0025B9
:1009C000FFF7A2B8002C00F0648723684BB900251C
:1009D00000954FF6FF532A461021FEF761FBFFF703
:1009E00093B800223421FDF77BFB4FF40073009392
:1009F0004FF6FF73002210213046FEF751FB002511
:100A0000FFF782B8002C00F047876188FDF782FD70
:100A100020700025FFF778B8002C00F04087A278FE
:100A20002188FDF797FD0025FFF76EB8844B854AB6
:100A3000012D18BF1346012D834918BF4FF00C112B
:100A4000026D927B012A12D0032A17D1A2F5C0129F
:100A5000013A1A444FF4F011FCF7E3FEC00920807C
:100A60002588003518BF01256D42FFF74DB80222D9
:100A70001946FCF7D6FEC0092080F1E70222FCF7F8
:100A8000D0FEC0092080EBE7002C00F00B87217816
:100A9000FEF720FB0025FFF737B81146FEF7A2F955
:100AA0000025FFF731B80094042300221C21FCF735
:100AB00098FE0025FFF728B8002C00F0F6860222E9
:100AC0004421FCF7AEFEC0F3002020700025FFF7A4
:100AD0001BB8002C00F0EC8600224421FCF7B3FE8A
:100AE00000F0010020700025FFF70EB8002C00F088
:100AF000E28662882188FEF7D1F90025FFF704B865
:100B00000094082300220421FDF782FA0025FEF755
:100B1000FBBF0094082300220421FCF762FE00259D
:100B2000FEF7F2BF002C00F0C986238802220C21B8
:100B3000FDF779FA0025FEF7E7BF002C00F0C1862B
:100B4000238800220C21FDF76EFA0025FEF7DCBF9A
:100B50002146FDF73BFA0025FEF7D6BF036D9B7BD0
:100B6000012B0BD0032B12D10094052320224FF42C
:100B7000F011FCF736FE0025FEF7C6BF00940523F2
:100B800000223249FCF72DFE0025FEF7BDBF009480
:100B9000052300224FF44021FCF723FE0025FEF739
:100BA000B3BF002504F8015B009404232A466C219E
:100BB000FCF717FEFEF7A8BF002C00F08586012287
:100BC0006021FCF718FE20600025FEF79DBF002C79
:100BD00000F07D8600226021FCF70DFE20600025DC
:100BE000FEF792BF036D9B7B012B0BD0032B31D102
:100BF0000094052328224FF4F011FCF7F2FD0025A4
:100C0000FEF782BF0094052300221149FCF7E9FD9D
:100C10000025FEF779BF00BF04000F0008000F0099
:100C20000C000F0010000F0014000F0018000F0040
:100C30001C000F0020000F00040006001C00110023
:100C4000340018002C00180014000C0020001800BC
:100C500028001800009405230022CE49FCF7C1FDAE
:100C60000025FEF751BF002C00F0348600221C2125
:100C7000FCF7C1FD20600025FEF746BF002C00F008
:100C80002C8625886768237A002B00F029863C464D
:100C900007EB830729463046FDF700FA44F8040BBA
:100CA0000135ADB2BC42F5D10025FEF72DBF002CB9
:100CB00000F01986237801222421FDF79FFB0025EF
:100CC000FEF722BFFEF70EF90546FEF71DBF1146DF
:100CD000FEF74EFA0546FEF717BF002C00F0068619
:100CE000A5780121FDF7B0F900213046FDF76EFE31
:100CF0003046FDF79FFE05F03F030022A64930462F
:100D0000FDF77CFB01230093FF230022A34930461B
:100D1000FDF7AAFFA14F00252A4639463046FCF7C9
:100D200092FD10F0010FF7D100229D493046FCF7EB
:100D300078FD05463046FDF703FB00213046FDF700
:100D400009FB05213046FDF77FF9C5F30B0525802A
:100D50000025FEF7D9BE0221FEF744F801213046F6
:100D6000FEF740F832244FF014080027442540468F
:100D7000EEF77AFA3A4629463046FCF764FD10F061
:100D8000020F05D1631E13F0FF04F0D1012500E02E
:100D900000256D42FEF7B8BE002C00F0AA8523782E
:100DA0001B0303F4E0436278012A08BF43F4807315
:100DB00000936FF4E24300227A49FDF7E3FD00253A
:100DC000FEF7A2BE002C00F0978562682168FDF74F
:100DD000FBFE0025FEF798BE002C00F090852388CE
:100DE00000227149FDF71FF90025FEF78DBE002C8A
:100DF00000F0888562682188FEF7EAF90025FEF791
:100E000083BE002C00F08185657823788BB1036D5B
:100E100000229A734FF0FF330822E5B123F4806378
:100E20000092002210213046FDF7ACFD0025FEF7B0
:100E30006BBE036D01229A73182300225B49FDF7F4
:100E40004FF9E82300225A493046FDF749F96FF07F
:100E500008030022E1E742F48062E1E7002C00F0A1
:100E60005785236800223021FDF73AF90025FEF767
:100E70004BBE002C00F04F8500222946FCF7BBFC3E
:100E800020600025FEF740BE234600222946FDF7DC
:100E900027F90025FEF738BE002C00F03F8503221D
:100EA0004449FCF7D0FCC0F3021020700025FEF787
:100EB0002BBE002C00F03585236800224421FDF76D
:100EC0000FF90025FEF720BE002C00F02D852388A9
:100ED00000224821FDF7A7F80025FEF715BE002CDB
:100EE00000F0258500224421FCF785FC20600025C8
:100EF000FEF70ABE002C00F01D8500224821FCF7F9
:100F000090FC20600025FEF7FFBD002C00F0158549
:100F1000237800222849FDF771FA0025FEF7F4BD79
:100F2000002C00F00D8500224421FCF78CFC207081
:100F30000025FEF7E9BD002C00F00585FDF76AFAF3
:100F400020600025FEF7E0BD002C00F0FF840022A9
:100F50001A49FCF766FC20800025FEF7D5BD002C61
:100F600000F0F78400221649FCF745FC20600025BC
:100F7000FEF7CABD002C00F0EF842388C3F30D03F5
:100F800000934FF4404300220D49FEF789F80025F5
:100F9000FEF7BABD08000C001C0007001000080096
:100FA0001400080014000700080005000C001F00D2
:100FB00010001F0060000300180001002C00050055
:100FC0001C000E00002C00F0CA84A788D4F808B0DA
:100FD000237B069322690492626905920BF0030257
:100FE000CBF38500052B45D1B7F5B17F28BF4FF472
:100FF000B177DFF83893042F05D809EB00035B784D
:10100000053B9F423EDB012A7CD8C44B995C3E469F
:10101000B94279DA551C53FA85F500230B449BB28B
:101020000132D2B2022A05D015F8011BA6EB030C3F
:101030006145F3DB9F4208BF039069D007F10508C3
:101040001FFA88F8802500210791039108910E4628
:101050000521BE468F4238BF8E46AEF1050E1FFAFF
:101060008EFEDFF8B8A2CDF824B08B46BC463746DA
:1010700000F0ECBC40F231139F4228BF1F46DFF85E
:10108000B092B8E70023059A1380049AC2F800B022
:101090004DE0DDF824B00023059A1380049BC3F8CB
:1010A00000B04FF0FF3342E01FFA81FB079203903C
:1010B0000893012700F0DBBC002F40F09B8498458B
:1010C00000F2B084002E39D03F2800F0D5840027EC
:1010D00019F800105B1A9BB2461E06F03F0016F08E
:1010E0003F0618BF012600F0A9BC0699092940F067
:1010F000C9843F2103910BE0B3B20132D2B23F2148
:10110000039105E0002395E7002393E703906346EE
:1011100005990B80039B42EA8302D2B2130443EA8F
:101120000263134343EA0223049A136000232360FB
:101130000025FEF7E9BC079A089BE9E70390E7E77B
:10114000079A089BE4E73F210391E1E7002C00F0B8
:10115000098427786478EEF73BF80546022C0ED018
:10116000042C0CD004F0FD04012C1AD0FB43002207
:101170000092DBB26A493046FDF776FD05E03B465A
:10118000002267493046FDF739F93B4600226549A0
:101190003046FCF7A5FF2846EEF732F80025FEF7AB
:1011A000B3BC0097FF2300225D493046FDF75CFD8C
:1011B000EBE702230193002500952B462A461A21CE
:1011C000FCF791FAFEF7A0BCFEF7E0FB0025FEF766
:1011D0009BBCFEF7C7FB0025FEF796BC02230193DC
:1011E000002500952B462A461421FCF77CFAFEF7D1
:1011F0008BBC02240194002500952B462A4615211C
:10120000FCF771FA019400952B462A4615213046C9
:10121000FCF769FAFEF778BC0223019300250095DC
:101220002B462A461621FCF75EFAFEF76DBC002C11
:1012300000F09B833AB900224FF4D011FCF703FB76
:101240002070FEF761BC01224FF4D011FCF7FBFACD
:1012500020700025FEF758BC002C00F0898324780C
:1012600000224FF4D011FCF7EEFA00F09F03234365
:1012700000224FF4D0113046FDF7C0F80025FEF7EC
:1012800043BC002C00F07783247812F0FF051ED0B9
:10129000012D40F07383022501224FF4D011304616
:1012A000FCF7D1FAACB920EA0503DBB201224FF416
:1012B000D0113046FDF7A2F8002210213046FCF78D
:1012C0009AFA10F4801F0BD00025FEF71DBC0425F0
:1012D000E2E7012C40F0568340EA0503DBB2E5E784
:1012E0004FF4801300934FF0FF330022102130465B
:1012F000FDF748FB0025FEF707BC002C00F04683F5
:1013000023785B0303F4005300934DF6FF73002230
:101310000549FDF7C5FE0025FEF7F6BB747B03000B
:101320001C000100180001000C000E00F47A0300FC
:10133000347B0300002C00F02C8325786268012A9E
:1013400015BF6FF460336FF4E043DF27EF2714BF5E
:101350004FF020084FF010080024009422464FF46C
:10136000A021FDF70FFB00943B462246BE493046C4
:10137000FDF77AFC012D03D065B10025FEF7C4BB53
:10138000254600943B462246B8493046FDF76CFCA2
:10139000FEF7BABBCDF80080FF230022B3493046E8
:1013A000FDF762FCFEF7B0BB002C00F0F58222785E
:1013B00012F0010F2DD0570107F0400740244FF4E1
:1013C000E01312F0040F28D043F4600344F08004CB
:1013D000120102F0800217434FF400120092DB4327
:1013E00000224FF4A0213046FDF7CCFAE443A4B22A
:1013F0000025009523462A469B493046FDF750FEBE
:10140000009723462A4699493046FDF749FEFEF7E4
:101410007BBB00273C463B46D3E70022DEE70823A0
:101420000093FF2301224FF48021FDF71DFC904C17
:1014300002230093FF23032221463046FDF714FCCC
:1014400000250095F72301224FF480213046FDF757
:101450000BFC0095FD23032221463046FDF704FCDA
:10146000FEF752BB002C00F09A826388DB0003F485
:10147000FF6322780AB143F4006300934FF207033D
:1014800000224FF480213046FDF70AFE0025FEF7CA
:101490003BBB002C00F08682E3B29A1C01239340F0
:1014A000013BDBB200224FF40031FCF7A7FF00251F
:1014B000FEF72ABB002C00F07882E37A002B00F0C4
:1014C0007782637B012B21D9227B6A4B33F8122070
:1014D0001201D30AC2F30A0202F58062B2F5006F6C
:1014E00028BF01339BB203F07F0300934FF6807354
:1014F000022261493046FDF7D3FD942300225F4963
:101500003046FCF77BFF0025FEF7FEBA227B594BE5
:1015100033F812304FF4356202FB03F2930CC2F33E
:10152000CA1202F58062B2F5006F28BF01339BB288
:10153000D9E7002C00F03F8200225149FCF75BF90B
:1015400020600025FEF7E0BA002C00F03782002270
:101550004C49FCF750F920600025FEF7D5BA002C65
:1015600000F02F824FF4A81323600025FEF7CCBAB9
:10157000002C00F0298200250B9510AF192347F8A5
:10158000103D009704232A463F49FCF741FD41F6F0
:1015900048730C93009704232A463C493046FCF7D5
:1015A00037FD0BAB009304232A464FF4E811304675
:1015B000FCF717F90B9B2360FEF7A6BA002C00F08E
:1015C000068200223249FCF716F980B22060002220
:1015D00030493046FCF70FF9430D9B019BB2636025
:1015E0000025FEF791BA002C00F0F481637D33B141
:1015F000012B5BD0022B00F08280FF232FE0002222
:101600002549FCF7F8F8C0F30B00206000222349BD
:101610003046FCF7F0F8C0F3150060600022204966
:101620003046FCF7E8F8C0F31500A06000221D4921
:101630003046FCF7E0F8C0F31500E06000221A49DC
:101640003046FCF7D8F8C0F31300206103220C49A0
:101650003046FCF7F8F8C0F3021020750023A3759C
:101660000025FEF751BA00BF080005000C00050078
:1016700008001100807B030014000E0018000E000B
:10168000600003004C000F0004001F0008001F0052
:1016900048000C0028000C0058000C0030000C0022
:1016A00034000C0038000C002C000C000022D4493F
:1016B000FCF7A1F8C0F30B0020600022D1493046AE
:1016C000FCF799F8C0F3150060600022CE4930465F
:1016D000FCF791F8C0F31500A06000224FF45021F0
:1016E0003046FCF788F8C0F31500E0600022C749D7
:1016F0003046FCF780F8C0F313002061A6E7002213
:10170000C349FCF778F8C0F30B0020600022C14900
:101710003046FCF770F8C0F3150060600022BE4947
:101720003046FCF768F8C0F31500A0600022BB4902
:101730003046FCF760F8C0F31500E0600022B849BD
:101740003046FCF758F8C0F3130020617EE700250F
:10175000FEF7DAB90025FEF7D7B90025FEF7D4B9B0
:101760000025FEF7D1B90025FEF7CEB90025FEF71A
:10177000CBB90025FEF7C8B90025FEF7C5B900258D
:10178000FEF7C2B90025FEF7BFB90025FEF7BCB9C8
:101790000025FEF7B9B90025FEF7B6B90025FEF71A
:1017A000B3B90025FEF7B0B90025FEF7ADB90025A5
:1017B000FEF7AAB90025FEF7A7B90025FEF7A4B9E0
:1017C0000025FEF7A1B90025FEF79EB90025FEF71A
:1017D0009BB90025FEF798B90025FEF795B90025BD
:1017E000FEF792B90025FEF78FB90025FEF78CB9F8
:1017F0000025FEF789B90025FEF786B90025FEF71A
:1018000083B90025FEF780B90025FEF77DB90025D4
:10181000FEF77AB90025FEF777B90025FEF774B90F
:101820000025FEF771B90025FEF76EB90025FEF719
:101830006BB90025FEF768B90025FEF765B90025EC
:10184000FEF762B90025FEF75FB90025FEF75CB927
:101850000025FEF759B90025FEF756B90025FEF719
:1018600053B90025FEF750B90025FEF74DB9002504
:10187000FEF74AB90025FEF747B90025FEF744B93F
:101880000025FEF741B90025FEF73EB90025FEF719
:101890003BB90025FEF738B90025FEF735B900251C
:1018A000FEF732B90025FEF72FB90025FEF72CB957
:1018B0000025FEF729B90025FEF726B90025FEF719
:1018C00023B90025FEF720B90025FEF71DB9002534
:1018D000FEF71AB90025FEF717B90025FEF714B96F
:1018E0000025FEF711B90025FEF70EB90025FEF719
:1018F0000BB90025FEF708B90025FEF705B900254C
:10190000FEF702B90025FEF7FFB80025FEF7FCB888
:101910000025FEF7F9B80025FEF7F6B80025FEF71A
:10192000F3B80025FEF7F0B80025FEF7EDB8002566
:10193000FEF7EAB80025FEF7E7B80025FEF7E4B8A1
:101940000025FEF7E1B80025FEF7DEB80025FEF71A
:10195000DBB80025FEF7D8B80025FEF7D5B800257E
:10196000FEF7D2B80025FEF7CFB80025FEF7CCB8B9
:101970000025FEF7C9B80025FEF7C6B84FF0FF35C1
:10198000FEF7C2B84FF0FF35FEF7BEB80025FEF7F0
:10199000BBB80025FEF7B8B80025FEF7B5B800259E
:1019A000FEF7B2B80025FEF7AFB80025FEF7ACB8D9
:1019B0000025FEF7A9B80025FEF7A6B80025FEF71A
:1019C000A3B80025FEF7A0B80025FEF79DB80025B6
:1019D000FEF79AB80025FEF797B899F811305A1E0D
:1019E000D2B2012A7EF6ECAE0222FEF793BE002FA1
:1019F0003FF468AB19F800105B1A9BB2FFF788BB85
:101A000020000D0064000C0068000C0060000C0059
:101A100068000D0040000D0044000D0048000D005E
:101A20003C000D003F2827D0002E7FF451AB013041
:101A300000F03F0019F800100B449BB29C453FF4A6
:101A400065AB013D15F0FF053FF423AB9E45BFF4A8
:101A500033AB9845CBD9ACEB030109B20029B8BF31
:101A6000494259457FF720AB002F7FF464AB3F28F4
:101A7000DAD1002F7FF464AB032A3FF464AB022A6F
:101A80003FF433AB1AF802105E1866457FF734ABAB
:101A90000B449BB20132D2B20027FFF719BB00BF43
:101AA000F0B585B00446436B1968FDF757FE06464E
:101AB00023681B69984703AB002211462046FDF7B7
:101AC00079FF636B9B6A19682046FDF707FC636B1F
:101AD0009B6A59682046FDF753F9636B9B6ADB8963
:101AE00000224FF460212046FCF79DFA636B9B6A4D
:101AF0009B8900227C212046FCF795FA0021204694
:101B0000FCF729FB002500954FF6FF532A461021CC
:101B10002046FDF7C5FA636B9B6A5A8919892046EE
:101B2000FDF7BCF9636B9B6A1B8A02220C212046DD
:101B3000FCF779FA636B9B6A5B8A2A460C21204684
:101B4000FCF771FA636B197A2046FDF7C3FA636BF1
:101B5000D9682046FCF713FB616B0B7E4A69096963
:101B60002046FDF721FA636B9A7F998B2046FCF79C
:101B700019FD226D537B2E2B05D0636B93F82C300F
:101B800033F03F030AD0636B93F82C3003F03F032C
:101B9000537300222A492046FCF730FC636B93F80C
:101BA0002D102046FDF774F8636B196A2046FCF788
:101BB00007FB636B596A2046FCF726FB636B93F8BF
:101BC0002E309BBB636B93F82F102046FCF78EFCE6
:101BD00094F94C50002D26DB012303FA05F5AFB232
:101BE000184A39462046FCF7EFFF0DF10A0300932F
:101BF000022300224FF4A0212046FBF7F2FDBDF89E
:101C00000A3023EA0503ADF80A3000220E492046C7
:101C1000FCF709FA94F94D20B2FA82F252093946DA
:101C20002046FDF7D5FA304605B0F0BD01230093FC
:101C3000FF23002205492046FDF716F8C2E700BF42
:101C400014000900920420010800050004000200AD
:101C500008B54368984708BD01FB00F1032A0AD084
:101C6000C80AC1F30A0101F58061B1F5006F28BF10
:101C7000013080B27047B52000FB01F1C909EFE7E0
:101C80009829024818BF0020704700BF887C0300D5
:101C900070472DE9F04184B005460F461E46BDF859
:101CA0002C30591E89B201291CD9D01900F07F00AF
:101CB0003A44C2F30441820042EA412243EA02016B
:101CC000090A8DF80C1020B9B3F5004F18D0002B7D
:101CD00037D041F040018DF80C101A438DF80D20DB
:101CE000022405E07A0062F07E028DF80C200124C7
:101CF000022B06D026D3A3F50043032B01D9FEE720
:101D000001242B6D1B7D4BB92B685D680A9B324605
:101D100003A92046A84704B0BDE8F081002221466F
:101D200003A8F7F7DBFA024631460A98F7F7D6FA26
:101D30002B6800909D680A9B324603A92046A8475D
:101D4000E9E701242B68D3F800800A9B324603A9F7
:101D50002046C0472B6D1B7D022BDCD1182FDAD01B
:101D60000022214603A8F7F7B9FA024631460A983D
:101D7000F7F7B4FA044600221821284600F066F866
:101D80008442C8D0EB68002BC5D09847C3E710B594
:101D900082B000240194049C0094FFF77AFF02B003
:101DA00010BD00B585B003AB0093042392B2FFF7DA
:101DB000EEFF0DF10F030DF10B01002013F80129C7
:101DC00002EB00208B42F9D105B05DF804FB00B5B1
:101DD00085B003AB0093022392B2FFF7D8FF9DF8C2
:101DE0000D309DF80C0000EB032080B205B05DF8CB
:101DF00004FB08B500224FF46021FFF7E8FF08BD9F
:101E000008B500227C21FFF7E2FF08BD08B5036D8D
:101E10009B7B012B0AD0032B0ED10C224FF4F01127
:101E2000FFF7D5FF00B240F30C0008BD00220549C2
:101E3000FFF7CDFF00B2F6E700220349FFF7C7FF27
:101E400000B2F0E70C00180020000C0000B585B0CF
:101E50000DF10F030093012392B2FFF798FF9DF855
:101E60000F0005B05DF804FB00B585B003AB00932F
:101E7000032300220B49FFF78AFF9DF80E309DF8DF
:101E80000D0000EB03239DF80C0000EB032010F481
:101E9000801F1CBF6FEA00306FEA103005B05DF89C
:101EA00004FB00BF2900060030B5BDB005460C4656
:101EB000036D9A7B012A1CD0032A40F0F1819B7D9F
:101EC00013F0080F0CD113F0040F02AB009314BFF2
:101ED0003823202300224FF4F011FFF758FF19E0B8
:101EE00002AB0093E82300224FF4F011FFF74FFFFD
:101EF00010E09B7D13F0080F40F0C98113F0040F30
:101F000002AB009314BF3823202300224FF4C011EA
:101F1000FFF73DFF0DF1170204F11A0304F1200051
:101F200012F8011F03F8011B8342F9D19DF8152017
:101F30009DF8143043EA0223C3F30C0363849DF835
:101F40001F209DF81E3043EA0223C3F30D0313F450
:101F5000005F1CBF6FEA83436FEA934323849DF8BD
:101F600025209DF8243043EA0223C3F30B03E387C3
:101F70002B6D9B7D13F0020F40F07E810AAA631E39
:101F8000201D12F8011B03F8011FD1791972D17BB2
:101F900059748342F5D19DF82F3063719DF82E203E
:101FA0009DF82D3043EA0223E3809DF837209DF809
:101FB000363003EB0223C3F3CF13A4F80D309DF8A2
:101FC00032209DF8313043EA0223A4F80F309DF807
:101FD0003F209DF83E3003EB0223C3F3CF13E3828F
:101FE0009DF83A209DF8393043EA022323832B6D74
:101FF0009B7D13F0040F40F03F819DF843209DF836
:1020000042301B0443EA02639DF8402013439DF8CD
:10201000412043EA022323F0604363629DF8472096
:102020009DF846301B0443EA02639DF844201343A5
:102030009DF8452043EA022323F00043A3629DF864
:102040004B209DF84A301B0443EA02639DF8482068
:1020500013439DF8492043EA0223C3F31303E362C9
:102060009DF84F209DF84E301B0443EA02639DF813
:102070004C2013439DF84D2043EA0223C3F315037C
:1020800023639DF853209DF852301B0443EA0263FA
:102090009DF8502013439DF8512043EA0223C3F3D7
:1020A000150363639DF857209DF856301B0443EADF
:1020B00002639DF8542013439DF8552043EA022300
:1020C000C3F31503A3639DF865209DF8643043EACC
:1020D0000223A3879DF877209DF876301B0443EAFE
:1020E00002639DF8742013439DF8752043EA022390
:1020F00023F0404323649DF87B209DF87A301B0435
:1021000043EA02639DF8782013439DF8792043EA5F
:102110000223C3F3130363649DF87F209DF87E3090
:102120001B0443EA02639DF87C2013439DF87D2045
:1021300043EA0223C3F31503A3649DF883209DF8AB
:1021400082301B0443EA02639DF8802013439DF80C
:10215000812043EA0223C3F31503E3649DF887203B
:102160009DF886301B0443EA02639DF884201343E4
:102170009DF8852043EA0223C3F3150323659DF8E8
:1021800095209DF8943043EA0223C3F30E03A4F88C
:1021900054309DF8A5209DF8A43043EA0223C3F3F0
:1021A0000B03A4F856309DF8BF209DF8BE301B04E9
:1021B00043EA02639DF8BC2013439DF8BD2043EA27
:1021C000022323F04043A3659DF8C3209DF8C2304D
:1021D0001B0443EA02639DF8C02013439DF8C1200D
:1021E00043EA0223C3F31303E3659DF8C7209DF878
:1021F000C6301B0443EA02639DF8C42013439DF8D4
:10220000C52043EA0223C3F3150323669DF8CB20C0
:102210009DF8CA301B0443EA02639DF8C8201343AB
:102220009DF8C92043EA0223C3F3150363669DF8B2
:10223000CF209DF8CE301B0443EA02639DF8CC20EA
:1022400013439DF8CD2043EA0223C3F31503A3668D
:102250009DF8DD209DF8DC3043EA0223C3F30E0332
:10226000A4F86C309DF8ED209DF8EC3043EA022391
:10227000C3F30B03A4F86E3094F91B30002BC0F2AB
:10228000D081E37F03F00103E3773DB030BD02ABC3
:102290000093E82300224FF4C011FFF778FD39E6E0
:1022A0009B7D13F0010F00F0B38102AB00936C2310
:1022B00000224FF44021FFF76AFD1DAB00936C2311
:1022C00000224FF450212846FFF761FD02AA631E49
:1022D000201D12F8011B03F8011FD1791972D17B5F
:1022E0005974D17D99768342F3D19DF82530E377F7
:1022F0009DF80F3063719DF80E209DF80D3043EA74
:102300000223E3809DF816309DF8172043EA02224D
:10231000C2F3CF12A4F80D209DF8152042EA032243
:10232000A4F80F209DF81F2043EA0223C3F3CF1324
:10233000E3829DF81E209DF81D3043EA022323838B
:102340009DF827209DF8263043EA0223C3F30D03AE
:1023500013F4005F1CBF6FEA83436FEA9343238447
:102360009DF829209DF8283043EA0223C3F30C038B
:1023700063849DF82F209DF82E301B0443EA0263EE
:102380009DF82C2013439DF82D2043EA022323F0CF
:10239000604363622B6D9B7D13F0010F3FF46CAFC4
:1023A0009DF833209DF832301B0443EA02639DF808
:1023B000302013439DF8312043EA022323F00043E9
:1023C000A3629DF837209DF836301B0443EA026370
:1023D0009DF8342013439DF8352043EA0223C3F3CC
:1023E0001303E3629DF83B209DF83A301B0443EA57
:1023F00002639DF8382013439DF8392043EA0223F5
:10240000C3F3150323639DF83F209DF83E301B0462
:1024100043EA02639DF83C2013439DF83D2043EAC4
:102420000223C3F3150363639DF843209DF84230F4
:102430001B0443EA02639DF8402013439DF84120AA
:1024400043EA0223C3F31503A3639DF851209DF8CB
:10245000503043EA0223A3879DF861209DF8603045
:1024600043EA0223C3F30B03E3879DF867209DF83B
:1024700066301B0443EA02639DF8642013439DF811
:10248000652043EA022323F0404323649DF86B2038
:102490009DF86A301B0443EA02639DF868201343E9
:1024A0009DF8692043EA0223C3F3130363649DF894
:1024B0006F209DF86E301B0443EA02639DF86C2088
:1024C00013439DF86D2043EA0223C3F31503A3646D
:1024D0009DF873209DF872301B0443EA02639DF857
:1024E000702013439DF8712043EA0223C3F31503C0
:1024F000E3649DF877209DF876301B0443EA02637D
:102500009DF8742013439DF8752043EA0223C3F31A
:10251000150323659DF885209DF8843043EA022346
:10252000C3F30E03A4F854309DF895209DF8943021
:1025300043EA0223C3F30B03A4F856309DF8AF20FF
:102540009DF8AE301B0443EA02639DF8AC201343B0
:102550009DF8AD2043EA022323F04043A3659DF894
:10256000B3209DF8B2301B0443EA02639DF8B0200B
:1025700013439DF8B12043EA0223C3F31303E36539
:102580009DF8B7209DF8B6301B0443EA02639DF81E
:10259000B42013439DF8B52043EA0223C3F3150387
:1025A00023669DF8BB209DF8BA301B0443EA026302
:1025B0009DF8B82013439DF8B92043EA0223C3F3E2
:1025C000150363669DF8BF209DF8BE301B0443EAE7
:1025D00002639DF8BC2013439DF8BD2043EA02230B
:1025E000C3F31503A3669DF8CD209DF8CC3043EAD4
:1025F0000223C3F30E03A4F86C309DF8DD209DF890
:10260000DC3043EA0223C3F30B03A4F86E3033E655
:1026100002AB0093282300224FF44021FFF7B7FBC1
:1026200054E6FF2323776377A377E37729E6000057
:1026300000B583B0036D9B7B012B0BD0032B10D116
:102640000091052304224FF4F011FFF7A0FB03B023
:102650005DF804FB0091052300220549FFF797FB75
:10266000F5E70091052300226021FFF790FBEEE7DC
:102670000400180010B582B04FF400440194049C8B
:102680000094FFF706FB02B010BD00B585B08DF8D1
:102690000C301B0A8DF80D3003AB0093022392B26D
:1026A000FFF7E8FF05B05DF804FB08B50B46002214
:1026B0004FF46021FFF7E9FF08BD08B50B46002283
:1026C0007C21FFF7E2FF08BD08B5012902D00529EA
:1026D00007D008BD41F6220300220549FFF7D5FFC8
:1026E000F7E74FF4007300220149FFF7CEFFF0E750
:1026F0000400110038B505460C4641F400739BB246
:1027000000224FF43021FFF7C0FFA3B200224FF4A4
:1027100030212846FFF7B9FF38BD000070B50446E8
:102720000E460C4D012300222946FFF7AEFF33462B
:10273000002209492046FFF7A8FF0223002229466C
:102740002046FFF7A2FF002204492046FFF729FB9D
:1027500070BD00BF08000B0004000B0010000B0050
:1027600010B584B08DF80C301C0A8DF80D401C0C8F
:102770008DF80E401B0E8DF80F3003AB0093042331
:1027800092B2FFF777FF04B010BD38B5044689B99F
:1027900000222821FFF705FB054601224FF46021A6
:1027A0002046FFF753FB2B1A002228212046FFF773
:1027B000D7FF38BD00222821FFF7F3FA0546012292
:1027C0007C212046FFF742FB2B1A002228212046BD
:1027D000FFF7C6FFEDE738B505460C4600224FF47B
:1027E0008031FFF7DEFA000D0005C4F31303034345
:1027F00000224FF480312846FFF7B2FF38BD0000B9
:1028000008B529B9054B02220549FFF7A9FF08BD04
:10281000044B02220249FFF7A3FFF8E77408D20035
:10282000100011007488D20438B505460C46002209
:102830004FF4A021FFF7B5FA20F47C3314F0010F18
:1028400018BF43F4803314F0020F18BF43F4005351
:1028500014F0040F18BF43F4903300224FF4A0216A
:102860002846FFF77DFF38BD38B505460C460B6896
:1028700000220B49FFF774FF6368002209492846CC
:10288000FFF76EFFA368002207492846FFF768FF9D
:10289000E368002205492846FFF762FF38BD00BF04
:1028A0000C000200100002001400020018000200D8
:1028B00038B505460C460B6800220B49FFF750FF60
:1028C0006368002209492846FFF74AFFA3680022EF
:1028D00007492846FFF744FFE368002205492846D8
:1028E000FFF73EFF38BD00BF1C00020020000200C1
:1028F00024000200280002002DE9F84F0446354D5F
:10290000354B052918BF1D46344EA3F50273052922
:1029100018BF1E46324F03F5A073052918BF1F4686
:10292000304AA3F5807305290CBF9046984602F5FE
:102930001062A3F5885305290CBF914699462A4A8F
:10294000A3F5AF6305290CBF92469A46274B284A48
:1029500005290CBF9B4693464FF41073002225496E
:10296000FFF7FEFE244B002224492046FFF7F8FE25
:10297000234B002223492046FFF7F2FE5B4600224C
:1029800021492046FFF7ECFE534600221F4920460E
:10299000FFF7E6FE4B4600221D492046FFF7E0FE0A
:1029A000434600221B492046FFF7DAFE3B46002241
:1029B00019492046FFF7D4FE334600221749204626
:1029C000FFF7CEFE2B46002215492046FFF7C8FE32
:1029D000BDE8F88FF69F0300FE5F0500FE9D030033
:1029E0007E9C0300FE8E03006E8703003E80030082
:1029F0007E4005001C0003004812491A2000030015
:102A0000DB48B22D240003002C000300300003003B
:102A100034000300380003003C00030040000300C2
:102A20004400030008B500231A460249FFF798FE48
:102A300008BD00BF0400070038B504460D4600235A
:102A40001A460A49FFF78CFE00231A464FF4E0218C
:102A50002046FFF785FE05B938BD4FF0E053002250
:102A600003492046FFF77CFEF6E700BF4800070059
:102A70001400070070B506460C4615460021FFF706
:102A8000BFFE0F2DA8BF0F25631E032B28BF0424F4
:102A900010232341002207493046FFF761FE631EE1
:102AA0009B0005FA03F3002203493046FFF758FE66
:102AB00070BD00BF2800070018000800F0B583B003
:102AC000046DA47B032C0CBF4FF4981C4FF4901C96
:102AD0009C18B4F5806F19DA1D4616460F46044659
:102AE0007F2B15D94FEA1C4300220D49FFF738FE12
:102AF0002B4600220B492046FFF732FE0097334653
:102B000000224FF4E8112046FFF741F903B0F0BD71
:102B1000009113462A466146FFF739F9F6E700BFF0
:102B200004001F0008001F0010B584B004AC04F8B6
:102B3000013D0094012392B2FFF79CFD04B010BD4B
:102B400010B50446036D9B7B012B13D0032B1DD1C5
:102B5000F02300221249FFF7E7FF00224FF4F011A3
:102B60002046FFF734F9236DDA7AA2B1C0F30900E9
:102B7000D88310BD0F2300220949FFF7D5FF00229B
:102B80004FF4C0112046FFF722F9ECE700224C2158
:102B9000FFF71DF9E7E700F07F00D883E9E700BF02
:102BA0001800010010B50446036D9B7B012B04D077
:102BB000236D9B7B032B06D010BD0F2300220549FC
:102BC000FFF7B2FFF4E7F023002202492046FFF7A7
:102BD000ABFFF1E71800010038B5044600231A46A0
:102BE0004FF42021FFF751FD00231A4608492046E3
:102BF000FFF79AFF074D00231A4629462046FFF7A4
:102C000093FF0223002229462046FFF78DFF38BD9F
:102C100014000A0004000A0038B505460C460223D9
:102C200000224FF47021FFF77FFF04B938BD012364
:102C300000224FF470212846FFF776FFF6E70000E8
:102C400038B504460B4600220A49FFF71EFD0A4D1F
:102C50008823002229462046FFF766FF00231A46F4
:102C600029462046FFF760FF002204492046FFF76F
:102C7000EDF838BD0C000A0004000A0008000A0044
:102C800070B504460B461546B1F5807F34BF00266B
:102C9000202600220B49FFF7F8FC2B4600220A49A8
:102CA0002046FFF741FF094D46F0900300222946D8
:102CB0002046FFF739FF00231A4629462046FFF732
:102CC00033FF70BD0C000A0010000A0004000A0067
:102CD00070B504460D461646002240F20B11FFF770
:102CE000CFFF4FF482712046FFF7AAFF00F01F02CA
:102CF0004FF482712046FFF7C3FF236D1A8A1543F4
:102D00001D82226D138A13F4006F1CBF23F400632D
:102D10001382236D1B8A00224FF420212046FFF7E7
:102D2000B4FC3346002202492046FFF7FDFE70BD89
:102D300014000A0008B50B4601222421FFF7F4FE17
:102D400008BD000000B583B000910C2300220349A8
:102D5000FFF790FC03B05DF804FB00BF34000100F6
:102D600000B587B013468A7A8DF808204A7A8DF824
:102D700009200A7A8DF80A20CA798DF80B208A7901
:102D80008DF80C204A798DF80D200A798DF80E20E7
:102D9000CA788DF80F208A788DF810204A788DF83F
:102DA00011200A788DF8122000228DF813208DF85A
:102DB00014301B0A8DF815300B7B8DF81630CB7A4A
:102DC0008DF8173002AB009310230349FFF752FC34
:102DD00007B05DF804FB00BF34000100F0B583B01C
:102DE0005C18B4F5806F24DA1C4617460E4605467B
:102DF0007F2B15D9142300220F49FFF7B1FC23467E
:102E000000220E492846FFF7ABFC0097334600220C
:102E10004FF4E8112846FFF72DFC002003B0F0BD69
:102E200000920B4622464FF4A011FFF723FC00202E
:102E3000F4E74FF0FF30F1E704001F0008001F0027
:102E400010B582B00446022301930022009213467B
:102E50001321FEF71EFF236D9A7B032A0CBF01226C
:102E600003229A7302B010BD2DE9F04104460022FE
:102E70004FF4F811FEF7EAFF0546002244212046F0
:102E8000FEF78FFF0646236D0022DA8383F82020A9
:102E90009A619A8383F821205A62236D5C62236DC4
:102EA0009F7B002F7FD1236D9E61D4F8508098F8CE
:102EB000153003F00303032B00F0908015F0800F12
:102EC00040F0938015F0010F40F0C18015F0400FE5
:102ED0000BD0636A13B1206D183098474FF4C0735C
:102EE000022244212046FFF7D0FB15F0080F07D13E
:102EF000236D9B7B002B00F0EA80002F00F0E78021
:102F0000236D002283F8202016F4802F00F0AD807E
:102F1000226D92F8203043F0080382F820304FF4FD
:102F2000802716F0805F08D0226D92F8203043F0A1
:102F3000100382F8203047F0805716F4005F06D067
:102F4000226D537D03F00303032B00F09A8016F4E7
:102F5000804F40F0A28047F4DE4300224421204607
:102F6000FFF7FEFB2046FFF71DFE206DC38B002BF5
:102F700040F0A280437D03F00303032B00F09C800C
:102F8000836923F490438361226D936943F48053F2
:102F90009361E36913B1206D18309847236D0022C7
:102FA00083F820208CE06D492046FEF74FFF07464E
:102FB000236D9B7B032B08BFC0F3071717F0010F8E
:102FC00018BF46F4804617F0020F18BF46F40056AB
:102FD00017F0040F18BF46F4806664E716F4005F2C
:102FE0001CBF45F00805EDB268E7002248212046E5
:102FF000FEF7EDFEA8F81C00236D1A7D1AB19A6940
:1030000012F0040F03D19B8B03F460638BB1042394
:10301000002244212046FFF787FD4FF46063002221
:1030200048212046FFF731FB236A13B1206D183089
:103030009847236D9B8B13F4807F3FF443AF4FF48D
:103040008073002248212046FFF71FFB3AE7F82350
:10305000002244212046FFF767FD2369002B3FF43F
:1030600035AF206D1830984730E716F4806F1FBFDA
:10307000226D92F8203043F0040382F820300027BC
:103080004FE792F8203043F0020382F82030236D9E
:103090000022DA8347F400475DE72046FFF750FD42
:1030A00010F4004F3FF457AF226D92F8203043F0F8
:1030B000010382F820304EE763690BB1183098475E
:1030C000236D9B7B03BB236D002283F8202015F02A
:1030D000100F1DD115F0200F2DD1002220492046C0
:1030E000FEF7B4FE236D83F8210010F0030309D02E
:1030F00000221B492046FFF717FDA36A13B1206D7C
:1031000018309847BDE8F0812046FFF799FEDAE7CE
:10311000144B002244212046FFF722FB2046FFF7F4
:1031200041FDE36913B1206D18309847236D0022EB
:1031300083F82020CEE70C4B002244212046FFF7E5
:103140000FFB2046FFF72EFDA36913B1206D183049
:103150009847236D002283F82020BEE71800010065
:1031600038001100009405340004221030B585B0F9
:10317000089C8DF808301D0A8DF809501D0C8DF83B
:103180000A501B0E8DF80B308DF80C40230A8DF879
:103190000D30230C8DF80E30240E8DF80F4048F2C0
:1031A0000303019302AB0093082392B2FEF771FD73
:1031B00005B030BD00B583B04FF4803300934FF0BD
:1031C000FF3300220249FFF7D1FF03B05DF804FB93
:1031D0000400110070B582B004460E46134D4FF046
:1031E000082300934FF0FF3300222946FFF7BEFF6C
:1031F0004FF0601300934FF0FF3300222946204622
:10320000FFF7B4FF0A4B00934FF0FF3300224FF457
:10321000E0212046FFF7AAFF0EB902B070BD054BB2
:10322000002205492046FFF79BFAF6E74800070011
:10323000003C0002001101011400070000B583B03A
:10324000054B00934FF0FF3300220449FFF78EFF38
:1032500003B05DF804FB00BF003C0002040007005F
:103260002DE9F04383B004460D461746564E002222
:103270003146FEF796FD81464FF4704300934FF0C0
:10328000FF33002231462046FFF770FFDFF83C8114
:103290001823002241462046FFF7F7F92521204652
:1032A000FFF728FA02212046FFF724FA4FF4FE71B7
:1032B0002046FFF71FFAF9B241F480712046FFF76C
:1032C00019FA4FF480712046FFF714FA00212046C6
:1032D000FFF710FA02212046FFF70CFA4FF4E071D5
:1032E0002046FFF707FAE9B241F480712046FFF764
:1032F00001FAC5F3072141F480712046FFF7FAF97E
:10330000C5F3074141F480712046FFF7F3F9290E18
:1033100041F480712046FFF7EDF900212046FFF7C8
:10332000E9F93A212046FFF7E5F940F2FF1120467E
:10333000FFF7E0F94FF485712046FFF7DBF9002134
:103340002046FFF7D7F93A212046FFF7D3F940F29C
:1033500001112046FFF7CEF9022300224FF430215D
:103360002046FFF792F900231A464FF430212046F9
:10337000FFF78BF90220EBF76DFF3A212046FFF7AC
:10338000B9F94FF481712046FFF7B4F90223002206
:103390004FF430212046FFF778F900231A464FF406
:1033A00030212046FFF771F900231A464146204696
:1033B000FFF76BF94B46002231462046FFF7D0F964
:1033C00003B0BDE8F08300BF4400070008000B0015
:1033D000F0B583B0002423460126072702E001341C
:1033E000092C09D006FA04F50D42F8D004EB440587
:1033F00007FA05F52B43F2E71A400092DB4300225F
:103400004FF4A021FFF7B2FE03B0F0BD00B583B0CA
:103410007F2A88BF803241EAC32141EA02410091FC
:10342000034B00222021FFF7A1FE03B05DF804FB4F
:1034300000F400FC00B583B000920B46002244214A
:10344000FFF794FE002003B05DF804FB00B585B0E3
:103450008DF80C309DF818308DF80D3048F20103CE
:10346000019303AB0093022392B2FEF712FC05B066
:103470005DF804FB70B582B004460D4659B116469E
:1034800040230093FF2300221021FFF7DFFF022DCE
:1034900007D1E66005E000220092BF231021FFF76C
:1034A000D5FF236D1D7502B070BD000030B583B02F
:1034B00004460D4611F0010F15D000230093EF23B1
:1034C00002224FF46021FFF7C1FF236D9D75236D2C
:1034D0009B7D5B0810D06B0800220E492046FFF749
:1034E00023FB03B030BD10230093FF2302224FF4CF
:1034F0006021FFF7ABFFE8E701230093FF230022E1
:1035000004492046FFF7A2FF226D937D43F002039A
:103510009375E6E72000010000B583B00123009316
:10352000FF2300220249FFF791FF03B05DF804FB7F
:10353000040002002DE9F04F8BB00746DFF820822F
:1035400000224146FEF72DFC04907D4C00222146CE
:103550003846FEF726FC05907A4D0022294638466B
:10356000FEF774FC0690784E002231463846FEF78E
:1035700018FC82460790002274493846FEF711FC79
:103580008146734B00936FF07C53002241463846CE
:10359000FFF7ECFD4B46002231463846FFF7E0F8D6
:1035A0005346DB0003F0380343F0400300938623C7
:1035B000002221463846FFF749FF00230322214617
:1035C0003846FFF7B1FA4FF00009CDF80090FE231E
:1035D0004A4629463846FFF739FF4A463C213846D5
:1035E000FEF7DFFB08904A4640213846FEF7D9FB3C
:1035F00009904B464A463C213846FFF7B1F84B4606
:103600004A4640213846FFF7ABF8F5F739FE4FF050
:10361000020B4C464D464E46C846CDF80C90CA4665
:103620000EE0F5F72DFE039B002B00F08280BBF12E
:10363000010F00F0818001230393BBF1010B43D004
:103640005046F5F72BFE1420EBF70EFE4FF0040961
:10365000CDF800A0FE2352464FF440313846FFF724
:10366000F5FE01230093FE2352464FF440313846C5
:10367000FFF7ECFE524637493846FEF792FB58FA00
:1036800080F81FFA88F8C0F307231E44B6B2C0F3CF
:1036900007431D44ADB204EB1064A4B2B9F10109B3
:1036A000D6D1C8F38708C6F38706C5F38705C4F3E8
:1036B0008704524644213846FEF773FB264B1842D6
:1036C000AFD0F5F7DDFDB2E74FF00009089B00220F
:1036D0003C213846FFF744F8099B00224021384638
:1036E000FFF73EF82B0403EB046303EB062343448C
:1036F00000221A493846FFF733F8049B0022184984
:103700003846FFF72DF8059B00220D493846FFF794
:1037100027F8069B00220B493846FFF705FA079B5E
:10372000002209493846FFF71BF848460BB0BDE8B0
:10373000F08F4FF00009C9E76FF00509C6E700BF39
:1037400014000300180003002C00030044000300D1
:10375000000001384C00030000FF27341000030074
:103760001400070010B50446036D9B7D5B081AD05A
:10377000002212492046FEF72AFBC0F3C403093B8E
:103780000F2B0CD800F0010000280CBF05210921E7
:10379000236D1B7A012B02D02046FFF7ADF820469F
:1037A000FFF7C8FE10BD012300220549FFF7BCF951
:1037B000226D937D43F002039375D9E70800010061
:1037C0002000010070B582B004460D460121FEF7CD
:1037D0007BFF00212046FFF7FDFC2046FFF72EFD72
:1037E000C5F30B03002215492046FEF74EFF0323C5
:1037F0000093FF23002212492046FFF727FE104EB8
:1038000000252A4631462046FEF720FB10F0010F26
:10381000F7D12046FFF706F900212046FFF70CF903
:1038200005212046FEF750FF002206492046FEF7FC
:103830000DFB00F03F0002B070BD00BF1C0008008F
:10384000100008001C00070038B505460C46B1F80A
:10385000051049B1FFF7B6FFD4F801300022054941
:103860002846FEF77DFF38BD237800220249FFF786
:103870005BF9F1E7040001001C00070030B583B0DC
:1038800004460D4610230093FF2300220649FFF74C
:10389000DDFD2B46022D38BF0223002228212046C1
:1038A000FEF75EFF03B030BD28000F0030B583B0D7
:1038B000044601291DD0022930D001230093FF23A3
:1038C00000222649FFF7C2FD254D4FF40003009367
:1038D0006FF48073002229462046FFF747FC00233F
:1038E00000937F23022229462046FFF7AFFD03B055
:1038F00030BD0521FEF7E8FE4FF4817300934FF0D1
:10390000FF33002217492046FFF730FC01220092C6
:10391000FF2313492046FFF799FDE8E703230093AF
:10392000FF2300220D49FFF791FD0D4D4FF40003D9
:1039300000936FF48073002229462046FFF716FC9F
:10394000002300937F23022229462046FFF77EFDB5
:1039500005212046FEF7B8FEC9E700BF04001100AC
:10396000080011000800090030B583B0054602299F
:103970000ED000240094FE2322461021FFF766FD9E
:103980002346224614212846FEF77FFE03B030BDB1
:10399000144601230093FF2300221021FFF756FD58
:1039A0002346002214212846FEF76FFEEEE70000B2
:1039B0002DE9F04182B005462A4C01230093FF23F4
:1039C00000222146FFF742FD10230093FF2300222F
:1039D00021462846FFF73AFD03244FF01408224FF2
:1039E00000264046EBF740FC324639462846FEF7B3
:1039F0002DFA012834D0631E13F0FF04F1D16FF0CB
:103A00000204184E00231A4631462846FFF78CF868
:103A10000123002214492846FFF786F8012300936A
:103A2000FF23022231462846FFF710FD00220F49EE
:103A30002846FEF7B6F96FF06043984208BF6FF072
:103A4000030400220A492846FEF7ABF96FF06043F1
:103A5000984214BF20466FF0040002B0BDE8F08128
:103A60000024CEE70C000400200004001400040031
:103A70001C0004002DE9F04383B005468846174634
:103A80001C46EBF7A5FB0646022C19D0042C17D0D8
:103A900004F0FD03012B3FD04FF00009CDF800905A
:103AA0006FEA08034A463C212846FFF75FFBCDF842
:103AB0000090FB434A4640212846FFF757FB0BE0A6
:103AC000434600223C212846FEF74AFE3B460022A0
:103AD00040212846FEF744FE033CE4B2012C2DD9D8
:103AE00000223C212846FEF75CF9034600224421CF
:103AF0002846FEF735FE002240212846FEF751F900
:103B00000346002248212846FEF72AFE3046EBF7FE
:103B100077FB03B0BDE8F083CDF800804FF0FF33B2
:103B200000223C212846FFF721FB00974FF0FF338E
:103B3000002240212846FFF719FBCDE71021009114
:103B4000FF2302222846FFF781FCC9E700B583B0B6
:103B500000290BBFFF23F723002208220092012235
:103B60001021FFF773FC03B05DF804FB10B584B0BF
:103B7000BDF818408DF80C301B0A8DF80D308DF80B
:103B80000E40240A8DF80F4048F20203019303AB64
:103B90000093042392B2FEF77CF804B010BD00003D
:103BA00030B583B005460C46036D59750B0303F41D
:103BB0003043009344F6FF7300221021FFF7D6FF35
:103BC00004F00304032C0CBF044B054B00220549F1
:103BD0002846FEF7C5FD03B030BD00BFCC355FAF52
:103BE0004C585FAF0C00060030B583B0044611F0AE
:103BF000010F1FD00D464FF4107300936FF47C63D8
:103C000000224FF4A021FFF7B1FA4FF40403009310
:103C10004FF0FF33002218492046FFF7A7FA15F0AE
:103C2000020F1AD14FF48873002214492046FEF780
:103C300097FD10E0002500956FF47C632A464FF451
:103C4000A021FFF793FA00954FF6FF632A460B4930
:103C50002046FFF78BFF03B030BD084D084B002214
:103C600029462046FEF77CFD4FF488730022294642
:103C70002046FEF775FDEEE7040011001800110064
:103C800010010F00F0B583B00446012909D01420BB
:103C9000EBF7EAFA2046FFF78BFE0546284603B00D
:103CA000F0BD0F4E00223146FEF791F8074640F274
:103CB000071300934FF6FF73002231462046FFF7AB
:103CC00055FF1420EBF7D0FA2046FFF771FE0546AA
:103CD000002200923B4631462046FFF747FFDDE7D2
:103CE0004800070000B583B0012A09D0CB43002269
:103CF00000929BB20649FFF739FF03B05DF804FB61
:103D000000914FF6FF7300220149FFF72FFFF4E700
:103D10000C000500F0B583B004460F4616461D465C
:103D200048F2400300934FF6FF7300221849FFF753
:103D30001DFFAA1943F201039A4215DC7F2D1DD9FC
:103D40001523002213492046FEF70AFD2B460022C8
:103D500011492046FEF704FD0097334600224FF438
:103D6000E8112046FEF713F80022009247F6BF73D1
:103D700007492046FFF7FAFE03B0F0BD009733462F
:103D80002A464FF4A8112046FEF701F8ECE700BFE1
:103D90000400110004001F0008001F002DE9F04F6F
:103DA00083B004460D4691F800900B79182B14D877
:103DB000CF78182F94BF00270127FFB2EB79012B92
:103DC0000CBF102100216B78013B062B10D8DFE8D7
:103DD00003F0060F0F120C0F09000127EDE74FF05B
:103DE000400A0AE04FF0480A07E04FF0800A04E07A
:103DF0004FF4807A01E04FF0200A226D138A23F0FD
:103E0000E0031382236DEA79DA722E7BB31C01265C
:103E10009E401FFA86F8226DCA4B03FB08F3DB0BAA
:103E20005382236DEA7A5A752B7A5B0103F02003E3
:103E30006A7B43EA0243EA7A120302F430421343F4
:103E40000B430093C04B002210212046FFF78EF950
:103E5000002F40F0FE80EB7ABBB16B7B012B287BFF
:103E600094BF032204221021B84B33F81000FDF751
:103E7000F3FE0AEBC80A00F07F0000904FF6807353
:103E80000222B3492046FFF771FE94230093B14B01
:103E90000022B1492046FFF769F9BAF1FF0F40F35C
:103EA0000381226D138A43F0200313824FF40063D1
:103EB00000934CF6FF730022A8492046FFF756FEF8
:103EC0006B7B012B00F0FB80AB7843F01003009379
:103ED000FC2300224FF4C0212046FFF7B7FA731EDF
:103EE000DBB200224FF400312046FEF71DFE6B7856
:103EF000072B0CBF082100212046FEF71BFFEB7AA1
:103F000003F00303032B0CBF954B964B00229649FD
:103F10002046FEF725FC002294492046FDF741FF8C
:103F200020F4FF5020F01F00B9F1090F08BF40F046
:103F300001002A79120202F4F852EB78DB00DBB2BE
:103F40001A436B795B0003F006031343034300221B
:103F500086492046FEF704FCAA796B781B0343EAE6
:103F6000822300936FF47443002220212046FFF740
:103F7000FDF8B5F8093023B96FF07E036B720023AA
:103F8000AB72B5F8093002224FF4C0212046FEF78B
:103F90007CFB022276492046FDF758FF236DDB7B30
:103FA0004B4500F09680032800F09780B9F1090F87
:103FB00000F098806F4B00934FF0004300226E4951
:103FC0002046FFF7D3F841F63C7300224FF410214E
:103FD0002046FEF75AFB1423012268492046FEF7CB
:103FE000A3FD0E23022266492046FEF79DFD812394
:103FF000002264492046FEF797FD00260096FC2328
:10400000032261492046FFF721FA02233246442168
:104010002046FEF789FD01212046FFF747FC4FF0BF
:10402000320B4FF01408374644264046EBF71CF994
:104030003A4631462046FDF709FF10F0020F40F0E6
:10404000AF800BF1FF3313F0FF0BEED16FF00100E7
:10405000E6E0226D138A43F0600313824FF4C053ED
:1040600000936FF4405300223C492046FFF77EF84E
:1040700040F20633002245492046FEF771FB00233B
:104080001A4643492046FEF76BFB424B002230495B
:104090002046FEF765FB9D2300932E4B00222E4900
:1040A0002046FFF763F80BE74FF4205300934CF6DC
:1040B000FF73002229492046FFF758FD00E7AB783F
:1040C0000093EC2300224FF4C0212046FFF7BEF9F5
:1040D00005E703287FF46AAF65E002212046FFF779
:1040E000E5FB63E72C4B00934FF00043002222498D
:1040F0002046FFF73BF840F63C7300224FF41021B6
:104100002046FEF7C2FA66E74FF4807300934FF63D
:10411000FF73002211492046FFF728FD226D138A04
:1041200043F00803138250E000220092FE231B4953
:104130002046FFF78BF952E001212046FFF7A2FD50
:104140006BE000BF68660200CF4FFCFF907C03006D
:1041500014000E0000FFFFBF18000E0008000B0047
:10416000CC355FAF4C585FAF0C0006000800010073
:1041700030000F003411071C1C000700500007001E
:104180001800070008000900040009000C000E00D8
:1041900010000E000A5A0C003400011C1800030025
:1041A000236D83F80F902B79093BDBB20F2BBBD823
:1041B000236D1B7A012BA7D049462046FEF79CFBB6
:1041C000226D138A23F0080313824FF4C84300932F
:1041D00048F2FF13002214492046FFF7C7FCBAF14A
:1041E000400FCCBF4FF000534FF0A05300936FF03F
:1041F0007F4300220D492046FEF7B8FF01230093BC
:10420000FF2302220A492046FFF720F9002209492C
:104210002046FDF7C6FD00288ED02046FFF78AF91C
:1042200003B0BDE8F08F00BF1800030010000600C7
:104230000C000400140004002DE9F04182B0054692
:104240000E46036D002B5BD02C6D0023A37302225E
:10425000228223756375E3736372A3720421284677
:10426000FEF75CFA074605212846FEF757FA804616
:104270000A212846FEF752FA2FB1B8F1000F02D0FA
:1042800080B2002841D120212846FEF747FAB0F538
:10429000107F0CBF01230023237216F0100F43D1AF
:1042A00016F0200F46D116F0400F49D116F0800FBE
:1042B0004DD1A37A0BB98523A372637A0BB974230A
:1042C00063721F212846FEF729FA20731E21284613
:1042D000FEF724FA10F03F0012BF60732E236373C1
:1042E000637B002220492846FEF71EFC3521284624
:1042F000FEF714FA034680BB002002B0BDE8F0814F
:104300002820F2F7D3FD28659EE74FF4C0630093A1
:104310004FF6FF73002215492846FFF727FC238A32
:1043200043F014032382AEE706212846FEF7F6F990
:104330002060B5E707212846FEF7F0F96060B2E794
:1043400008212846FEF7EAF9000C6072AEE7092161
:104350002846FEF7E3F9A072ABE70022044928469D
:10436000FEF7FEF9C8E700BF1400090008000B00C3
:104370000400090030B583B005460C4671B121F048
:104380000203013B0F2B62D8DFE803F011616124C7
:104390006161612D616161616161613A0221019137
:1043A000002200921346FDF774FC204610E0022321
:1043B00001930022009213460421FDF76AFC0322B8
:1043C00044212846FDF742FD10F0080F25D10020BA
:1043D00003B030BD022301930022009213460A214C
:1043E000FDF757FCEBE70021FEF7CFF9022301931D
:1043F00000220092134608212846FDF74AFCDEE71A
:104400000121FEF7C2F90223019300220092134614
:1044100006212846FDF73DFCD1E702230193002148
:1044200000910B460A462846FDF733FC14F0020FB4
:1044300002D04FF0FF30CBE7022101910022009221
:1044400013462846FDF725FC4FF0FF30C0E74FF03C
:10445000FF30BDE770B582B0064602250195002405
:104460000094234622461921FDF713FC336D9C73FB
:104470001D821C755C75DC7302B070BD70B582B0B6
:104480000646022501950024009423462246182161
:10449000FDF7FFFB336D9C731D821C755C75DC732F
:1044A00002B070BD2DE9F04F8DB0064615461C4692
:1044B0009C2900F29F80DFE811F0B909C409A1002E
:1044C000A600C10051019D0176015C01AE01B3015E
:1044D000BC01C501CE01D701E001E501EE01720288
:1044E00078027E0289028F0295029A02A002A5023A
:1044F000AE02B702C002C9020403F902EE02D20200
:10450000E0021E03F8011A02390242025802BA08F8
:10451000BF08150327032C0336033C03470352034C
:104520005B0386039D03A9030A03B503BF03D203FC
:10453000F9030B044D0457047D048C04A70495046F
:10454000B104F7040F052F054405580561057D05E5
:104550006A059206C1061107170722073B075B078A
:1045600065078F07BD07C607CC07D507E207EF072A
:10457000F90702080B081608210827084A085508F9
:1045800060086B088D089808B108C5084F095909DB
:104590006409CC096E09AE09B306030924093A0A75
:1045A0002F0AD909E409EF09FA09050A100A1B0ABA
:1045B000240A320C690CA30CC50C2D0E410E4A0ABC
:1045C000570B890B930B970B9B0BA50BB70BC10BD1
:1045D000D40BE80B220CDB0CE50CFD0C180D2D0D9B
:1045E0004D0D890DA10DB70DC70DFC0EF60DEC0D8F
:1045F000080E000E4FF0FF3501F05CBEFDF728FB02
:10460000002501F057BE0222C049FDF71FFC032818
:1046100002D8002501F04EBEEAF7DAFD0446022377
:104620000193002500952B462A4629463046FDF782
:1046300030FB2046EAF7E4FD01F03CBE002C01F01F
:104640003D86247814F01D0F63D014F0010F25D09F
:1046500014F0020F4FF0020301934FF0000200929A
:10466000134614BF0D210321FDF713FB0322442140
:104670003046FDF7EBFB10F0080F08BF002501F0F6
:10468000198602230193002100910B460A46304609
:10469000FDF7FFFA4FF0FF3501F00CBE14F0080FE4
:1046A00011D114F0100F21D114F0020F4FF00203BA
:1046B00001934FF000020092134614BF102109210C
:1046C000FDF7E7FAD2E70021FEF75FF814F0020FDA
:1046D0004FF0020301934FF000020092134614BF03
:1046E0000F2107213046FDF7D4FABFE70121FEF77D
:1046F0004CF814F0020F4FF0020301934FF0000248
:104700000092134614BF0E2105213046FDF7C1FA71
:10471000ACE714F0200F10D014F0020F4FF002039A
:1047200001934FF0000500952B462A4614BF112136
:104730000B21FDF7AEFA01F0BDBD14F0020F4FF0F2
:10474000020301934FF0000500952B462A4614BF43
:104750000C210121FDF79DFA01F0ACBD002C01F008
:10476000AF85236800222821FDF7FAFF002501F01C
:10477000A1BD236800226649FDF7F2FF63680022AD
:1047800064493046FDF7ECFFA368002262493046D9
:10479000FDF7E6FFE368002260493046FDF7E0FFE1
:1047A000002501F087BD002C01F08C852388656809
:1047B000032D01F28985DFE805F002080F160022BB
:1047C0005749FDF762FF01F075BD02225449FDF71C
:1047D0005CFF002501F06EBD00225249FDF755FF38
:1047E000002501F067BD02224E49FDF74EFF00256E
:1047F00001F060BD002C01F0698523785B0003F0B7
:10480000060300936FF0060300224749FEF7AEFC53
:10481000002501F04FBDFEF7CDFC002501F04ABD9B
:10482000002C01F05585036D1B7B2370002501F0E2
:1048300041BD002C01F04E85036D5B7A237000258D
:1048400001F038BD002C01F04785036D9B7A237081
:10485000002501F02FBD002C01F04085036D1B6881
:104860002360002501F026BD002C01F03985036D81
:104870005B682360002501F01DBDFEF7E1FA00250D
:1048800001F018BD002C01F02D852168FDF7A3FF74
:10489000002501F00FBD002C01F02685626821780B
:1048A000FEF7E8FD002501F005BD002C01F01E8596
:1048B0006568237803224FF48031FEF735F94DB94E
:1048C000002200924FF2FF7310213046FFF74EF99D
:1048D00001F0F0BC4FF4812300934FF0FF3300222E
:1048E00010213046FEF742FC002501F0E3BC002217
:1048F0001146FDF756FAB2681368434052681342F6
:1049000014BF4FF0FF35002501F0D4BC30000F007C
:1049100054000100580001005C000100600001002B
:104920000C0001001000010008000100002C01F043
:10493000DF842178FEF7BAFD002501F0BBBC42B947
:10494000002200924FF2FF73D249FFF70FF901F0F6
:10495000B1BC4FF4006300934FF6FF730022CD49C2
:10496000FFF704F9002501F0A5BC02F001024FF6A3
:10497000FF734FF2FF71002A08BF0B46D20215F0F9
:10498000020F12BF42F4805223F480539BB2009274
:104990000022C049FFF7EAF8002501F08BBC114660
:1049A000FDF72EFF002501F085BC1146FDF73CFF09
:1049B000002501F07FBC002C01F09C840022B64948
:1049C000FDF744FA2070002501F074BC2146FDF784
:1049D0004BFF002501F06EBC2146FDF769FF002565
:1049E00001F068BCFEF798FD002501F063BC11469C
:1049F000FDF782FF002501F05DBCFEF7B3FE002548
:104A000001F058BC002C01F077842178FFF7C8F83A
:104A1000002501F04FBC002C01F070842188FDF7C7
:104A200044FE002501F046BC002C01F06984FDF72E
:104A3000E0F92080002501F03DBC002C01F06284EB
:104A40002188FDF73AFE002501F034BC002C01F06E
:104A50005B84FDF7D5F92080002501F02BBC002CEC
:104A600001F05484A388E288216800914FF4B011CA
:104A7000FDF700FE002501F01DBC002C01F048846C
:104A8000A388E288216800914FF4B011FDF77FF907
:104A9000002501F00FBC002C01F03C84E388A288C3
:104AA0002168FEF70BF8002501F004BC002C01F092
:104AB0003384E3882268A188FEF790F9002501F08D
:104AC000F9BB1146FFF756FC002501F0F3BB002CA3
:104AD00001F02484237962882188FEF797FC002561
:104AE00001F0E8BB002C01F01B84FDF78FF920805A
:104AF000002501F0DFBB002C01F01484FDF7B4F9B0
:104B00002060002501F0D6BBFEF766F8002501F015
:104B1000D1BB002C01F008846188FEF753FE2070A1
:104B2000002501F0C7BB2146FDF7BEF9002501F0C5
:104B3000C1BB002C01F0FA8301227021FDF731F98D
:104B40002060002501F0B6BB002C01F0F1830022AB
:104B50007021FDF726F92060002501F0ABBB009421
:104B6000052300227021FDF712F9002501F0A2BBF8
:104B7000002C01F0DF83036D9B7B012B15D0032BF1
:104B80001AD116224FF4F011FDF721F9C0F30D00F0
:104B900083B213F4005F04D06FEA83436FEA934358
:104BA00018B22080002501F085BB02223B49FDF7A9
:104BB0000EF9C0F30D00EBE702223949FDF707F9C2
:104BC000C0F30D00E4E70094062300223549FDF709
:104BD000DEF894F90130002B06DB637903F0010362
:104BE0006371002501F066BBFF23A370E37023719E
:104BF0006371F2E7002C01F09F8301224FF008114E
:104C0000FDF724F92070002501F054BB002C01F0C1
:104C1000958300224FF00811FDF718F92070002548
:104C200001F048BB002C01F08B83A2882168FEF7BD
:104C300017FB002501F03EBB002C01F083832568A3
:104C4000A48822462946FEF70BFB21463046FDF795
:104C500065FD2D1A18BF4FF0FF3501F02BBB022A5E
:104C60000FD0114C00231A4621463046FDF75CFF59
:104C70000223002221463046FDF756FF002501F0B1
:104C800019BB00230093FE2301220249FEF7DEFB3D
:104C9000E7E700BF080011001C000700140018001F
:104CA0001C000C0018000C0004000A00002C01F08D
:104CB0004B832488E2B24FF48171FDF7E1FF220AB1
:104CC00040F203113046FDF7DBFF002501F0F2BA98
:104CD000002C01F03B83DFF8708310230093FF2347
:104CE00000224146FEF7B2FB4FF482713046FDF7D9
:104CF000A7FF00F0E0052A464FF482713046FDF729
:104D0000BFFF45F004024FF482713046FDF7B8FF53
:104D10000220EAF79FFA4FF487713046FDF790FFC3
:104D2000074640F20F113046FDF78AFF81462A46BA
:104D30004FF482713046FDF7A3FF00250095EF2365
:104D40002A4641463046FEF781FB47EA092727807D
:104D500001F0B0BA002C01F0FB82A2782188FDF7A7
:104D6000B7FF002501F0A6BA002C01F0F3822468F9
:104D7000FDF732FF0120EAF76DFA03230093FF23CA
:104D80000022AF493046FEF761FB7CB93046FFF7A1
:104D900061FB0120EAF75EFA336D00259D73022264
:104DA0001A821D755D75DD7301F084BA3046FFF718
:104DB00065FBEEE7002C01F0CF82237803F03F0380
:104DC000026D537300229F49FDF7AEFE002501F0EE
:104DD00071BA002C01F0C282036D5B7B2370002549
:104DE00001F068BA0121FEF7F5F93046FEF726FA20
:104DF00001213046FDF768FC0F2201213046FDF706
:104E000039FE002501F056BA002C01F0A982626833
:104E10002168FDF72FFE002501F04CBA002C01F0AF
:104E2000A182894D00222946FDF710F88046022311
:104E30000093FF23002229463046FEF707FB042398
:104E4000002282493046FDF76FFE012300224FF415
:104E500000213046FDF768FE7D4F00252A46394681
:104E60003046FCF7F3FF10F0010FF7D000224FF0AF
:104E700008113046FCF7ABFF054600231A464FF4F5
:104E800000213046FDF750FE00231A466F49304698
:104E9000FDF74AFE434600226B493046FDF744FECB
:104EA0002580002501F006BA002C01F05D822379EF
:104EB000026D927A9B1A07EE903AF8EEE77A9FED30
:104EC000657A67EE877AB3EE067A77EE877AC4ED75
:104ED000007A002501F0EEB9002C01F04782237919
:104EE000026D527A9B1A07EE903AF8EEE77A9FED40
:104EF0005A7A67EE877AB3EE007A67EE877ADFED4B
:104F0000576A87EEA67AF0EE087A77EE277AC4ED34
:104F1000007A002501F0CEB9002C01F02982246826
:104F20000121FEF757F93046FEF788F90121304696
:104F3000FDF7CAFB21463046FEF7A0FC002501F034
:104F4000B9B900250095EF232A464549FEF77EFAB8
:104F500005213046FDF7B8FB01213046FDF76CFD19
:104F60003046FDF75FFD01F0A5B900250095EF2360
:104F70002A463B49FEF76AFA01F09CB9002C01F081
:104F8000F9812168FEF77AFC002501F093B900222F
:104F90003449FCF71CFFC0F30B0510F4006F18BF79
:104FA00045F470452DB22580336DB3F91230ED1AFA
:104FB00001F080B9002C01F0DF81D4F80490237A4D
:104FC00099F81320FF2A00F0FE8093BBD9F8001057
:104FD000FDF7B8FE99F80C30B9F80E20D11899F801
:104FE0001220002A40D199F8100000280BBF7F2220
:104FF0004FF480624FF4B0154FF4A01599F81300E8
:10500000121A023A914200F2E780D9F80420009285
:10501000002229463046FDF72DFBB9F80E3099F8ED
:105020000C20D9F80810009129463046FDF722FBE4
:105030002BE0B9F80E20D9F80010FDF791FEC9E772
:1050400004001100140009004800070034000700A4
:10505000040008006666863FCDCCCC3E00007F434E
:1050600028000F0008000200012A40F0AF8099F8E4
:105070001130002B40F2FF3308BF7F2399F8132033
:105080009B1A023B994200F2A48099F81020531E0B
:10509000DBB2012B40D999F81130591EC9B2012950
:1050A00047D9042B4CD042EA43330022BA49304658
:1050B000FDF756FBB9F80E30B84A02EAC31299F868
:1050C0000C3003F07F0313430022B5493046FDF74F
:1050D00047FB01230022B3493046FDF725FDDFF8E9
:1050E000C88200273A4641463046FCF7AFFE10F032
:1050F000050FF7D0054603460022AB493046FDF7C1
:1051000013FD05F03F0525F03003012B25D06BB2D0
:105110002370002501F0CEB8336D9B7B032B01F08B
:10512000AF8199F811305A1ED2B2012A12D9012248
:10513000B7E7336D9B7B032B0CBF02230123B2E740
:10514000B9F80E101029AED96FF00303E0E7022280
:105150001346A8E701221346A5E799F81230012B60
:10516000D5D199F81120531EDBB2012B1BD9032A8C
:105170000CBF4FF4A0174FF4B017D9F8042012B1A8
:1051800099F80C30C3B9D9F808100029BFD0B9F884
:105190000E30002BBBD099F80C20009139463046D8
:1051A000FCF7F5FDB3E7336D9B7B032B0CBF4FF48E
:1051B00098174FF49017E0E70092002239463046E6
:1051C000FCF7E5FDDFE76FF00203A1E76FF00103F5
:1051D0009EE74FF0FF339BE74FF0FF3398E7237ACA
:1051E000E179A279D20042EA41021343627943EAAB
:1051F0008213227943EAC213E27843EA0223A278B7
:1052000043EAC223627843EA0233227843EA423314
:105210009BB200226549FDF738FA002501F04AB833
:10522000002C01F0AB80637833B15B08013BDBB24B
:105230002370002501F03EB80023F9E700225C4905
:10524000FCF7AFFDC0F30B032380C0F30B4060807D
:10525000002258493046FCF7A4FDC0F30B03A3809D
:10526000C0F30B40E080002253493046FCF799FD23
:105270002072000C6072002250493046FCF791FD0C
:10528000C0F30B43A381C0F30B00608100224C49A3
:105290003046FCF786FDC0F30B43A4F80F30A07333
:1052A000002248493046FCF77CFD6074000CA07475
:1052B000002245493046FCF774FDC0F30B03A4F807
:1052C0001330C0F30B40A4F8150000223F493046CC
:1052D000FCF7BCFDE075002500F0ECBF1146FDF7C2
:1052E0009BFC002500F0E6BF002C01F049802388DC
:1052F00000223749FDF7C9F9002500F0DBBF002C7B
:1053000001F04080256835B900231A463149FDF780
:10531000BCF900F0CFBF6279237943EA022323F07E
:10532000F00300222B49FDF7B0F9002500F0C2BFC1
:10533000002C01F0298023684BB9002500954FF619
:10534000FF532A461021FEF711FC00F0B3BF0022E4
:105350003421FDF705FA4FF4007300934FF6FF7305
:10536000002210213046FEF701FC002500F0A2BF0C
:10537000002C01F00B806188FDF762FC2070002595
:1053800000F098BF002C01F00380A2782188FDF77F
:1053900077FC002500F08EBF4400010080FF010073
:1053A000480001004C0001005000010030000100E5
:1053B00004000F0008000F000C000F0010000F0089
:1053C00014000F0018000F001C000F0020000F0039
:1053D000040006001C001100D54BD64A012D18BF51
:1053E0001346012DD44918BF4FF00C11026D927B6A
:1053F000012A12D0032A17D1A2F5C012013A1A4489
:105400004FF4F011FCF7E3FCC0092080258800353B
:1054100018BF01256D4200F04DBF02221946FCF76E
:10542000D6FCC0092080F1E70222FCF7D0FCC009BD
:105430002080EBE7002C00F0AD872178FEF7D4FB4D
:10544000002500F037BF1146FEF730FA002500F0C6
:1054500031BF0094042300221C21FCF798FC002596
:1054600000F028BF002C00F0978702224421FCF7AF
:10547000AEFCC0F300202070002500F01BBF002C04
:1054800000F08C8700224421FCF7E0FC00F00100D2
:105490002070002500F00EBF002C00F0818762888C
:1054A0002188FEF761FA002500F004BF009408236C
:1054B00000220421FDF7DEF8002500F0FBBE009479
:1054C000082300220421FCF762FC002500F0F2BE54
:1054D000002C00F06787238802220C21FDF7D5F805
:1054E000002500F0E7BE002C00F05E872388002234
:1054F0000C21FDF7CAF8002500F0DCBE2146FDF7BF
:1055000097F8002500F0D6BE036D9B7B012B0BD0D6
:10551000032B12D10094052320224FF4F011FCF745
:1055200036FC002500F0C6BE009405230022834906
:10553000FCF72DFC002500F0BDBE009405230022E1
:105540004FF44021FCF723FC002500F0B3BE0025FA
:1055500004F8015B009404232A466C21FCF717FC35
:1055600000F0A8BE002C00F0218701226021FCF78A
:1055700018FC2060002500F09DBE002C00F018876C
:1055800000226021FCF70DFC2060002500F092BE97
:10559000036D9B7B012B0BD0032B12D100940523B1
:1055A00028224FF4F011FCF7F2FB002500F082BE38
:1055B0000094052300226249FCF7E9FB002500F076
:1055C00079BE0094052300225E49FCF7E0FB00252C
:1055D00000F070BE002C00F0ED8600221C21FCF7CC
:1055E000E0FB2060002500F065BE002C00F0E486A2
:1055F00025886768237A002B00F0E0863C4607EB9D
:10560000830729463046FDF789F844F8040B013535
:10561000ADB2BC42F5D1002500F04CBE002C00F02C
:10562000CF862178FDF786FB002500F043BEFEF70C
:10563000BFF9054600F03EBE1146FEF723FB0546C6
:1056400000F038BE002C00F0BD86A5780121FDF7E2
:105650003BF800213046FDF7BDFD3046FDF7EEFD7D
:1056600005F03F03002238493046FDF75DFA01237B
:105670000093FF23002235493046FDF7E7FE334F04
:1056800000252A4639463046FCF7E0FB10F0010FB2
:10569000F7D100222E493046FCF799FB05463046EB
:1056A000FDF7C0F900213046FDF7C6F90521304667
:1056B000FDF70AF8C5F30B052580002500F0FABDBB
:1056C0000221FEF7F3F801213046FEF7EFF832240D
:1056D0004FF01408002744254046E9F7C5FD3A4637
:1056E00029463046FCF7B2FB10F0020F05D1631ECD
:1056F00013F0FF04F0D1012500E000256D4200F019
:10570000D9BD002C00F0608623781B0303F4E0432E
:105710006278012A08BF43F4807300936FF4E24378
:1057200000220C49FDF722FD002500F0C3BD00BF9B
:10573000340018002C00180014000C002000180081
:105740002800180008000C001C00070010000800CA
:105750001400080014000700002C00F0378662686F
:105760002168FDF735FE002500F0A4BD002C00F0F7
:105770002F8623880022C449FCF787FF002500F00C
:1057800099BD002C00F0268662682188FEF7AAFAEF
:10579000002500F08FBD002C00F01E866578237870
:1057A0008BB1036D00229A734FF0FF3308227DB353
:1057B00023F480630092002210213046FDF7D6FCCE
:1057C000002500F077BD036D01229A731823002293
:1057D000AE49FCF7C5FFE8230022AD493046FCF78F
:1057E000BFFF336D9B7D5B0803D06FF00803002281
:1057F000DDE701230022A7493046FDF795F9326D18
:10580000937D43F0020393756FF008030022CEE707
:1058100042F48062CEE7002C00F0E085236800228D
:105820003021FCF79DFF002500F044BD002C00F066
:10583000D78500222946FCF7B4FA2060002500F045
:1058400039BD234600222946FCF78AFF002500F0D7
:1058500031BD002C00F0C68503228F49FCF7F6FA13
:10586000C0F302102070002500F024BD002C00F0D1
:10587000BB85236800224421FCF772FF002500F05D
:1058800019BD002C00F0B285238800224821FCF7C6
:10589000FCFE002500F00EBD002C00F0A9850022C2
:1058A0004421FCF77EFA2060002500F003BD002CA7
:1058B00000F0A08500224821FCF789FA206000252D
:1058C00000F0F8BC002C00F0978523780022734983
:1058D000FDF72AF9002500F0EDBC002C00F08E85C4
:1058E00000224421FCF7B2FA2070002500F0E2BC4F
:1058F000002C00F08585FDF723F92060002500F0DD
:10590000D9BC002C00F07E8500226549FCF75FFAC7
:105910002080002500F0CEBC002C00F07585002210
:105920006049FCF73EFA2060002500F0C3BC002C63
:1059300000F06C852388C3F30D0300934FF44043BC
:1059400000225849FEF712F9002500F0B3BC002CE4
:1059500000F05E85A788D4F808B0237B06932269FF
:105960000492626905920BF00302CBF38505052BC7
:1059700047D1B7F5B17F28BF4FF4B177DFF82C914D
:10598000042F05D809EB05035B78053B9F4240DBFC
:10599000012A00F2C880444B995C3E46B94280F22D
:1059A000C480501C53FA80F000230B449BB2013298
:1059B000D2B2022A05D010F8011BA6EB030C6145F8
:1059C000F3DB9F4208BF039500F0B48007F1050C9C
:1059D0001FFA8CFC80260021079103910891052075
:1059E000B846874238BF8046A8F105081FFA88F8F4
:1059F000DFF8B4A0CDF824B0834620460C46864696
:105A000031E040F231139F4228BF1F46DFF8A090DB
:105A1000B6E70023059A1380049AC2F800B098E014
:105A2000DDF824B074460023059A1380049BC3F864
:105A300000B04FF0FF338CE01FFA80FB0792039514
:105A4000089301243F2D50D0002939D1013505F0AC
:105A50003F0519F8050003449BB29F4267D0013E01
:105A600016F0FF06DCD0434524D9634522D2F81A4C
:105A700000B20028B8BF40425845DDDD002CE1D01F
:105A80007446079A089B55E0080005000C001F00AB
:105A900010001F0020000100540003001800010046
:105AA0002C0005001C000E00847C0300047C030015
:105AB000447C030084B96345C4D399B13F2D14D00D
:105AC00019F805105B1A9BB2691E01F03F0511F031
:105AD0003F0118BF0121C0E7744619F805105B1A91
:105AE0009BB227E07446039524E0002C34D1032AAE
:105AF00036D0022A09D01AF802105818B8420BDD25
:105B00000B449BB20132D2B2DAE706990929F2D1ED
:105B100074463F2103910DE0744683B20132D2B244
:105B20003F21039106E000234BE7002349E7744639
:105B300003953B4605990B80039B42EA8303DBB246
:105B40001A0442EA03621A4342EA0323049A1360E6
:105B5000002323600025ADE37446079A089BE9E71C
:105B600074463F210391E5E7002C00F05384277829
:105B70006478E9F72DFB0546022C0ED0042C0CD0DE
:105B800004F0FD04012C19D0FB4300220092DBB28B
:105B9000C1493046FDF75AFC05E03B460022BE49AC
:105BA0003046FCF7C1FF3B460022BC493046FCF7BB
:105BB000D7FD2846E9F724FB00257BE30097FF2368
:105BC0000022B5493046FDF741FCECE70223019382
:105BD000002500952B462A461A21FCF75AF869E35E
:105BE000FEF74CFC002565E3FEF734FC002561E37D
:105BF00002230193002500952B462A461421FCF729
:105C000048F857E302240194002500952B462A46C4
:105C10001521FCF73EF8019400952B462A461521E4
:105C20003046FCF736F845E3022301930025009542
:105C30002B462A461621FCF72CF83BE3002C00F0FB
:105C4000EB8332B900224FF4D011FCF7FFF820703B
:105C500030E301224FF4D011FCF7F8F82070002552
:105C600028E3002C00F0DA83247800224FF4D011CE
:105C7000FCF7ECF800F09F03234300224FF4D0110F
:105C80003046FCF751FF002514E3002C00F0C883D8
:105C9000247812F0FF051DD0012D40F0C3830225AA
:105CA00001224FF4D0113046FCF7D0F8A4B920EA15
:105CB0000503DBB201224FF4D0113046FCF734FF6C
:105CC000002210213046FCF76CF810F4801F0AD037
:105CD0000025EFE20425E3E7012C40F0A68340EA2B
:105CE0000503DBB2E6E74FF4801300934FF0FF3378
:105CF000002210213046FDF739FA0025DAE2002CA7
:105D000000F0968323785B0303F4005300934DF671
:105D1000FF7300226249FDF729FF0025CAE2002C2B
:105D200000F0888325786268012A15BF6FF460331C
:105D30006FF4E043DF27EF2714BF4FF020084FF048
:105D400010080024009422464FF4A021FDF70EFA1B
:105D500000943B46224653493046FDF777FB012D20
:105D600002D055B10025A5E2254600943B462246C7
:105D70004D493046FDF76AFB9CE2CDF80080FF23D9
:105D8000002249493046FDF761FB93E2002C00F008
:105D90005383227812F0010F2CD0570107F04007EF
:105DA00040244FF4E01312F0040F27D043F46003B3
:105DB00044F08004120102F0800217434FF40012F5
:105DC0000092DB4300224FF4A0213046FDF7CEF9CC
:105DD000E443A4B20025009523462A4631493046C3
:105DE000FDF7C4FE009723462A462F493046FDF7AB
:105DF000BDFE5FE200273C463B46D4E70022DFE7DA
:105E000008230093FF2301224FF48021FDF71EFB9E
:105E1000264C02230093FF23032221463046FDF740
:105E200015FB00250095F72301224FF48021304611
:105E3000FDF70CFB0095FD23032221463046FDF7BC
:105E400005FB37E2002C00F0F9826388DB0003F4E5
:105E5000FF6322780AB143F4006300934FF2070313
:105E600000224FF480213046FDF780FE002521E21C
:105E7000002500954FF6FF332A464FF48811FDF7B1
:105E800075FE17E2002C00F0DB8200220849FBF7C8
:105E90009EFF208000250DE21C000100180001007B
:105EA0000C000E00080005000C00050008001100A1
:105EB00048001100002C00F0C5822378012B627885
:105EC000A3784FEAC32343EA0223E27843EA42334A
:105ED000227943EA823303F47F430CBF022200227B
:105EE000B649FCF7D2FB0025E4E1002C00F0AC82BF
:105EF000636822783AB1C3F315030022B049FCF776
:105F00002FFC0025D6E1C3F31503AE49FCF728FCAE
:105F10000025CFE1002C00F09982237801249C40D9
:105F2000E4B210230093FF230022A749FDF78EFA65
:105F3000E343A24F00250095DBB22A46394630469E
:105F4000FDF784FA0094FF232A4639463046FDF7D0
:105F50007DFAAFE1002C00F07B82227863789BB160
:105F6000002A40F09782002400946FF0C07322460C
:105F70001021FDF7FBF80094944B22464FF4A0212A
:105F80003046FDF7F3F817E0002A00F085824FF461
:105F90000045002400946FF0C07322461021304663
:105FA000FDF7E4F80095894B22464FF4A0213046D6
:105FB000FDF7DCF84FF0C07400944FF0FF3300227F
:105FC00010213046FDF7D2F8002573E1002C00F0D7
:105FD000418223783BB900250095DF2303227C49C9
:105FE000FDF734FA66E14FF0005300934FF0FF33B2
:105FF00000227749FDF7BAF800255BE1002C00F09C
:106000002B8223783BB9002500957F230322714919
:10601000FDF71CFA4EE180230093FF2303226D4914
:10602000FDF714FA002545E1002C00F01782E3B2D9
:106030009A1C01239340013BDBB200224FF4003154
:10604000FCF772FD002535E1002C00F00982E37AAF
:10605000002B00F00782637B012B207B94BF03227F
:10606000042210215C4B33F81000FBF7F5FD00F023
:106070007F0000904FF68073022258493046FDF7AA
:1060800075FD9423002256493046FCF74DFD00254E
:1060900010E1002C00F0E88100225249FBF781FE5C
:1060A0002060002506E1002C00F0E08100224E492E
:1060B000FBF777FE20600025FCE0002C00F0D88183
:1060C0004FF4A81323600025F4E0002C00F0D281E7
:1060D00000250A950CAF192347F8043D00970423C7
:1060E0002A464249FCF7C6FA41F648730B930097DB
:1060F00004232A463E493046FCF7BCFA0AAB00931B
:1061000004232A464FF4E8113046FBF740FE0A9B71
:106110002360CFE0002C00F0AF8100223549FBF76F
:1061200040FE80B22060002233493046FBF739FE42
:10613000430D9B019BB263600025BBE0002C00F087
:106140009D81637D33B1012B62D0022B00F08980E9
:10615000FF232FE000222949FBF723FEC0F30B00A9
:106160002060002226493046FBF71BFEC0F31500D5
:106170006060002223493046FBF713FEC0F3150090
:10618000A060002220493046FBF70BFEC0F315004B
:10619000E06000221D493046FBF703FEC0F3130008
:1061A000206103220F493046FBF750FEC0F3021076
:1061B00020750023A37500257CE000BF3C00110082
:1061C000440011004000110048000700FF0FFCF7D9
:1061D00028000F001C000700907C030014000E0034
:1061E00018000E00540003004C000F0004001F00B4
:1061F00008001F0048000C0028000C0058000C008C
:1062000030000C0034000C0038000C002C000C0096
:106210000022AA49FBF7C5FDC0F30B002060002255
:10622000A7493046FBF7BDFDC0F3150060600022B2
:10623000A4493046FBF7B5FDC0F31500A06000226D
:106240004FF450213046FBF7ACFDC0F31500E06081
:1062500000229D493046FBF7A4FDC0F313002061E6
:106260009FE700229949FBF79CFDC0F30B002060DB
:10627000002297493046FBF794FDC0F3150060609B
:10628000002294493046FBF78CFDC0F31500A06056
:10629000002291493046FBF784FDC0F31500E06011
:1062A00000228E493046FBF77CFDC0F313002061CD
:1062B00077E7002528460DB0BDE8F08F0025F9E707
:1062C0000025F7E70025F5E70025F3E70025F1E7CE
:1062D0000025EFE70025EDE70025EBE70025E9E7DE
:1062E0000025E7E70025E5E70025E3E70025E1E7EE
:1062F0000025DFE70025DDE70025DBE70025D9E7FE
:106300000025D7E70025D5E70025D3E70025D1E70D
:106310000025CFE70025CDE70025CBE70025C9E71D
:106320000025C7E70025C5E70025C3E70025C1E72D
:106330000025BFE70025BDE70025BBE70025B9E73D
:106340000025B7E70025B5E70025B3E70025B1E74D
:106350000025AFE70025ADE70025ABE70025A9E75D
:106360000025A7E70025A5E70025A3E70025A1E76D
:1063700000259FE700259DE700259BE7002599E77D
:10638000002597E7002595E7002593E7002591E78D
:1063900000258FE700258DE700258BE7002589E79D
:1063A000002587E7002585E7002583E7002581E7AD
:1063B00000257FE700257DE700257BE7002579E7BD
:1063C000002577E7002575E7002573E7002571E7CD
:1063D00000256FE700256DE700256BE7002569E7DD
:1063E000002567E7002565E7002563E7002561E7ED
:1063F00000255FE700255DE700255BE7002559E7FD
:10640000002557E7002555E7002553E7002551E70C
:1064100000254FE700254DE700254BE7002549E71C
:10642000002547E74FF0FF3544E74FF0FF3541E7E0
:1064300000253FE700253DE700253BE7002539E73C
:10644000002537E7002535E7002533E7002531E74C
:1064500000252FE700252DE700252BE7002529E75C
:10646000002527E7002525E7002523E7002521E76C
:1064700000251FE700251DE700251BE7002519E77C
:1064800099F811305A1ED2B2012A7EF660AE02226D
:10649000FEF707BE124D7CE5002400946FF0C07338
:1064A00022461021FCF762FE00940E4B22464FF468
:1064B000A0213046FCF75AFE7EE500BF20000D000B
:1064C00064000C0068000C0060000C0068000D0007
:1064D00040000D0044000D0048000D003C000D0080
:1064E00000100008FF0FFCF7F0B585B00446436BC1
:1064F0001968FDF7A1FE064623681B69984703ABA0
:10650000002211462046FDF7CDFF636B9B6A196898
:106510002046FDF743FC636B9B6A59682046FDF7F4
:1065200093F9636B9B6AD9892046FCF7BEF8636BCD
:106530009B6A99892046FCF7C0F800212046FCF7A9
:106540004AF9002500954FF6FF532A4610212046B0
:10655000FDF70CFB636B9B6A5A8919892046FDF78E
:1065600003FA636B9B6A1B8A02220C212046FCF70C
:106570008CF8636B9B6A5B8A2A460C212046FCF7E9
:1065800084F8636B197A2046FDF72EFB636BD9689C
:106590002046FCF749F9616B0B7E4A690969204680
:1065A000FDF768FA636B9A7F998B2046FCF790FBA6
:1065B000226D537B2E2B05D0636B93F82C3033F078
:1065C0003F030AD0636B93F82C3003F03F035373FF
:1065D000002228492046FCF7A7FA636B93F82D1098
:1065E0002046FCF763FF636B196A2046FCF73CF911
:1065F000636B596A2046FCF75BF9636B93F82E30A6
:106600009BBB636B93F82F102046FCF705FB94F9B6
:106610004C50002D26DB012303FA05F5AFB2164AD4
:1066200039462046FCF7D4FE0DF10A0300930223FD
:1066300000224FF4A0212046FBF7A9FBBDF80A3049
:1066400023EA0503ADF80A3000220C492046FCF786
:106650001CF894F94D20B2FA82F2520939462046CC
:10666000FDF740FB304605B0F0BD2046FCF754FF77
:10667000C7E700BF140009009204200108000500CC
:106680001203CADE0FFFFFFF407A0300487A0300BF
:106690007C79030040790300070006001303CADE7B
:1066A0000FFFFFFF407A0300487A0300BC7A030023
:1066B000807A0300070006001403CADE0FFFFFFF05
:1066C000407A0300487A0300CC7B0300907B0300F0
:0466D00007000600B9
:1066D4009C740300000000008C74030000000000A0
:1066E4006C740300000000007074030000000000DC
:1066F400A474030000000000B07403000000000054
:10670400D86E03000000030394740300000000002B
:106714000000000000000000000000000338FDD865
:1067240070470000030101002F70726F6A65637483
:106734002F5372632F706C6174666F726D2F646572
:1067440063615F7370692E63000000000338FDD835
:10675400704700002F70726F6A6563742F53726301
:106764002F706C6174666F726D2F706F72742E630C
:106774000000000001000200000000000338FDD802
:106784007047000071F7010085F6010085F50100EE
:10679400B1F4010001F50100000000008867030066
:1067A40047FB01000D0A00003D3D3D204649524D86
:1067B40057415245205354415254494E47203D3D80
:1067C4003D0D0A0000000000000000000338FDD861
:1067D400704700005465726D696E616C00000000C2
:1067E400525454005345474745520000AC0700201B
:1067F4005B4442475D20756172745F696E69742001
:10680400656E7472793A2072783D25642074783DFF
:106814002564207274733D2564206374733D25647C
:10682400000000005B4442475D2052532D3438354C
:106834002044452070696E206E6F7420646566691B
:106844006E6564202D20617373756D696E672061B8
:1068540075746F6D617469632064697265637469CA
:106864006F6E20636F6E74726F6C00005B444247FE
:106874005D2070696E207374617465204245464FD3
:1068840052452072657365743A2074785F70696E3E
:1068940025645F6469723D256C752072785F706948
:1068A4006E25645F6469723D256C752074785F633E
:1068B4006E663D30782530386C582072785F636E90
:1068C400663D30782530386C580000005B44424700
:1068D4005D2070696E20737461746520414654456F
:1068E400522072657365743A2074785F70696E25FE
:1068F400645F6469723D256C752072785F70696E9F
:1069040025645F6469723D256C752074785F636EDD
:10691400663D30782530386C582072785F636E6637
:106924003D30782530386C58000000005B44424705
:106934005D20636F6D6D5F706172616D733A20727B
:1069440074733D30782530386C58206374733D304F
:10695400782530386C5820666C6F775F6374726C7E
:106964003D2564005B4442475D2055415254204913
:106974004E54454E5345543D30782530386C58209C
:106984002862697420322073686F756C64206265B4
:1069940020736574290000005B4442475D20415028
:1069A400505F554152545F4649464F5F494E4954E2
:1069B40020726573756C743A206572723D30782567
:1069C40030386C58000000005B4442475D2055415C
:1069D4005254205053454C3A205258443D256C752E
:1069E400205458443D256C75205254533D256C75F4
:1069F400204354533D256C7520454E41424C453D42
:106A0400256C75005B4442475D205741524E494E08
:106A1400473A205053454C206D69736D6174636827
:106A240021204578706563746564205258443D257F
:106A340064205458443D25642C20676F74205258B8
:106A4400443D256C75205458443D256C7500000068
:106A54005B4442475D205741524E494E473A2055C8
:106A6400415254206E6F7420656E61626C656421BE
:106A740020454E41424C45207265676973746572C6
:106A8400203D20256C7520286578706563746564E5
:106A9400203429005541525420494E49542046413E
:106AA400494C45443A2030782530385800000000DD
:106AB4005B4442475D205541525420696E697420FD
:106AC4006661696C65643A206572723D3078253080
:106AD400386C58206465633D256C750055415254EB
:106AE40020494E4954204F4B000000005B4442476C
:106AF4005D205541525420696E6974207375636337
:106B040065656465640000000F0000001B00000060
:106B14000400000005000000000000000000D60191
:106B24005B4442475D2054582073746172743A2068
:106B3400272573272028256C7520627974657329AD
:106B4400000000005B4442475D20545820636F6D91
:106B5400706C6574653A20256C7520627974657370
:106B64002073656E740000002000000063683D001F
:106B7400726174653D000000366D38003835306B45
:106B840000000000706C3D006C656E3D000000006C
:106B9400726174655F687A3D000000004F4B2043CA
:106BA4004F4E46494700000045525220434F4E463F
:106BB40049470000504E470050494E47000000002E
:106BC4005B4442475D20504E472072656365697699
:106BD40065642C2073656E64696E67204F4B207268
:106BE4006573706F6E7365004F4B00005B444247E2
:106BF4005D20504E4720726573706F6E736520730D
:106C0400656E74004E4F44455F5459504500000072
:106C14004F4B204E4F44455F545950453D52585FA9
:106C24005632000043464720000000005345545F9D
:106C3400434F4E464947200000000000535452542D
:106C44000000000053544152545F54455354000013
:106C5400455252204E4F545F434F4E46494755527A
:106C6400454400004F4B205354415254000000004F
:106C740053544F500000000053544F505F54455339
:106C8400540000004F4B2053544F50005354415470
:106C9400000000004745545F535441545300000022
:106CA4004F4B2053544154532072783D256C75202A
:106CB4006C6F73743D256C75206372635F657272CB
:106CC4003D256C75207068795F6572723D256C7521
:106CD4002074696D656F75743D256C75206F7665DC
:106CE4007272756E3D256C7520727373695F61767F
:106CF400673D256C6420727373695F6D696E3D2511
:106D04006C6420727373695F6D61783D256C6420D7
:106D14007072655F715F6176673D256C6420707287
:106D2400655F715F6D696E3D2575207072655F7179
:106D34005F6D61783D25752066705F696E64657866
:106D44005F6176673D256C64206576745F6372636A
:106D54005F676F6F643D256C75206576745F637241
:106D6400635F6261643D256C7500000052535400FA
:106D740052455345545F5354415453004552522095
:106D8400554E4B4E4F574E5F434D4400434F4E4676
:106D94004947204641494C45440000004F4B205090
:106DA400494E47004F5243484553545241544F5261
:106DB4002052582076322E30000000004F4B2053D2
:106DC40054415254555020563200000050494E4709
:106DD4002074696D6572207374617274656420280F
:106DE400357320696E74657276616C290000000049
:106DF400455252204457333030305F54494D454F4B
:106E0400555400004457333030302054494D454FD9
:106E140055540000455252204457333030305F49B6
:106E24004E49545F4641494C45440000494E49543B
:106E3400204641494C4544004F4B204457333030A1
:106E4400305F5245414459004F4B204D41494E5FFC
:106E54004C4F4F5000000000000000000338FDD8E4
:106E640070470000415353455254494F4E20464108
:106E7400494C45442061742025733A25750000006F
:106E84004552524F52202575205B25735D20617455
:106E94002025733A25750D0A50432061743A203039
:106EA4007825303878000000456E64206F662065D0
:106EB40072726F72207265706F727400554E4B4E11
:106EC4004F574E204641554C54206174203078254C
:106ED40030385800617070004261636B656E647392
:106EE40020666C757368656400000000556E6B6EF7
:106EF4006F776E206572726F7220636F6465000035
:106F04004E52465F53554343455353004E52465FDA
:106F14004552524F525F5356435F48414E444C458D
:106F2400525F4D495353494E470000004E52465F4D
:106F34004552524F525F534F465444455649434578
:106F44005F4E4F545F454E41424C454400000000A3
:106F54004E52465F4552524F525F494E5445524E2F
:106F6400414C00004E52465F4552524F525F4E4FC5
:106F74005F4D454D000000004E52465F4552524F52
:106F8400525F4E4F545F464F554E44004E52465F3B
:106F94004552524F525F4E4F545F535550504F52CB
:106FA400544544004E52465F4552524F525F494E3B
:106FB40056414C49445F504152414D004E52465F48
:106FC4004552524F525F494E56414C49445F5354C7
:106FD400415445004E52465F4552524F525F494E0E
:106FE40056414C49445F4C454E475448000000000C
:106FF4004E52465F4552524F525F494E56414C499C
:10700400445F464C414753004E52465F4552524FEF
:10701400525F494E56414C49445F4441544100003B
:107024004E52465F4552524F525F444154415F5362
:10703400495A45004E52465F4552524F525F544999
:107044004D454F55540000004E52465F4552524F35
:10705400525F4E554C4C00004E52465F4552524FC3
:10706400525F464F5242494444454E004E52465F99
:107074004552524F525F494E56414C49445F414438
:10708400445200004E52465F4552524F525F4255A1
:10709400535900004E52465F4552524F525F4D4F76
:1070A40044554C455F4E4F545F494E495449414CF9
:1070B400495A4544000000004E52465F4552524F23
:1070C400525F4D555445585F494E49545F464149B6
:1070D4004C4544004E52465F4552524F525F4D5507
:1070E4005445585F4C4F434B5F4641494C4544001F
:1070F4004E52465F4552524F525F4D555445585F6C
:10710400554E4C4F434B5F4641494C4544000000AB
:107114004E52465F4552524F525F4D555445585F4B
:10712400434F4E445F494E49545F4641494C4544A0
:10713400000000004E52465F4552524F525F4D4F81
:1071440044554C455F414C52454144595F494E4971
:107154005449414C495A4544000000004E52465F90
:107164004552524F525F53544F524147455F465523
:107174004C4C00004E52465F4552524F525F4150B4
:10718400495F4E4F545F494D504C454D454E544513
:10719400440000004E52465F4552524F525F4645EE
:1071A40041545552455F4E4F545F454E41424C4504
:1071B400440000004E52465F4552524F525F494FC1
:1071C4005F50454E44494E47000000004E52465F12
:1071D4004552524F525F4452565F5457495F45528D
:1071E400525F4F56455252554E0000004E52465F74
:1071F4004552524F525F4452565F5457495F45526D
:10720400525F414E41434B004E52465F4552524FEE
:10721400525F4452565F5457495F4552525F444E41
:1072240041434B004E52465F4552524F525F424CCF
:10723400455F495053505F52585F504B545F54520E
:10724400554E4341544544004E52465F4552524FB9
:10725400525F424C455F495053505F4348414E4E44
:10726400454C5F414C52454144595F45584953543C
:10727400530000004E52465F4552524F525F424CFB
:10728400455F495053505F4C494E4B5F444953430B
:107294004F4E4E4543544544000000004E52465F55
:1072A4004552524F525F424C455F495053505F50D4
:1072B4004545525F52454A45435445440000000049
:1072C40000000000046F030001000000106F0300C1
:1072D40002000000306F030003000000546F03003D
:1072E40004000000686F0300050000007C6F0300C9
:1072F40006000000906F030007000000A86F030061
:1073040008000000C06F030009000000D86F0300EC
:107314000A000000F46F03000B0000000C7003006F
:107324000C000000247003000D00000038700300FE
:107334000E0000004C7003000F0000005C7003009E
:10734400100000007070030011000000887003003A
:10735400800000009870030081000000BC700300EE
:1073640082000000D870030083000000F470030062
:1073740084000000147103008500000038710300CC
:107384008600000060710300900000007871030023
:10739400910000009871030092000000B87103008E
:1073A40000820000D071030001820000F07103002C
:1073B400028200000C7203000084000028720300A3
:1073C400018400004C720300028400007872030000
:1073D40003840000A0720300FFFFFFFFFFFFFFFF15
:1073E400FFFFFFFFFFFFFFFF0000000000000000A1
:1073F4000000D601070100002F7573722F6C6F63B4
:10740400616C2F6E5246355F53444B5F31372E31DA
:107414002E305F646464653536302F636F6D706F32
:107424006E656E74732F6C69627261726965732F15
:10743400756172742F6170705F756172745F6669D3
:10744400666F2E6300000000000000000338FDD8C2
:10745400704700000405160EFFFFFFFF0007FF0042
:107464000000004000000000505253005350494DAA
:1074740000000000DD420200F54202000D4302005C
:1074840000000050000300504750494F544500008D
:10749400636C6F636B000000434C4F434B00000070
:1074A4005541525400000000015E020055415254FF
:1074B400450000003969020043000000504F534961
:1074C4005800000020202020202020202068282888
:1074D4002828202020202020202020202020202098
:1074E4002020202048101010101010101010101020
:1074F4001010101084848484848484848484101000
:10750400101010101081818181818101010101011C
:107514000101010101010101010101010101011048
:1075240010101010108282828282820202020202F1
:107534000202020202020202020202020202021019
:1075440010101020000703200417020108571040F0
:1075540080000000BC740300C0750300D4760300EF
:1075640053756E004D6F6E00547565005765640069
:10757400546875004672690053617400000000008D
:107584004A616E00466562004D617200417072008E
:107594004D6179004A756E004A756C00417567004B
:1075A400536570004F6374004E6F7600446563004A
:1075B40000000000414D00504D000000F87603002B
:1075C400F4760300F4760300F4760300F476030003
:1075D400F4760300F4760300F4760300F4760300F3
:1075E400F4760300FFFFFFFFFFFFFFFFFFFFFFFF36
:1075F400FFFF000034760300647503007076030017
:1076040084750300B875030018760300C876030078
:1076140024760300256D2F25642F257900000000B2
:107624002561202562202565202554202559000048
:1076340053756E646179004D6F6E646179005475A1
:107644006573646179005765646E6573646179007C
:107654005468757273646179004672696461790073
:107664005361747572646179000000004A616E753B
:10767400617279004665627275617279004D61725A
:10768400636800417072696C004D6179004A756EDF
:1076940065004A756C7900417567757374005365AC
:1076A4007074656D626572004F63746F6265720019
:1076B4004E6F76656D62657200446563656D6265E3
:1076C4007200000025483A254D3A25530000000079
:1076D400E16B0200FD6B0200096C0200156C0200F4
:1076E400316C02003D6C0200496C0200576C0200D0
:1076F400000000002E0000003031323334353637BC
:107704003839616263646566303132333435363713
:10771400383941424344454621000000220000001C
:1077240000000000000000000000244000000000F1
:1077340000005940000000000088C3400000000021
:1077440084D797410080E03779C34143176E05B56C
:10775400B5B89346F5F93FE9034F384D321D30F97A
:107764004877825A3CBF737FDD4F1575286E756C60
:107774006C2900002D494E46000000002D696E66FC
:10778400000000002B494E46000000002B696E6685
:10779400000000004E414E006E616E0001000000CA
:1077A400000000000A000000000000006400000067
:1077B40000000000E80300000000000010270000A3
:1077C40000000000A08601000000000040420F00FD
:1077D40000000000809698000000000000E1F5051C
:1077E4000000000000CA9A3B0000000000E40B54B3
:1077F4000200000000E87648170000000010A5D43D
:10780400E800000000A0724E1809000000407A1041
:10781400F35A00000080C6A47E8D03000000C16FEF
:10782400F286230000008A5D78456301000064A7A6
:10783400B3B6E00D0000E8890423C78A00070E09E7
:107844001C1B1215383F363124232A2D70777E797C
:107854006C6B6265484F464154535A5DE0E7EEE96C
:10786400FCFBF2F5D8DFD6D1C4C3CACD90979E995C
:107874008C8B8285A8AFA6A1B4B3BABDC7C0C9CE4C
:10788400DBDCD5D2FFF8F1F6E3E4EDEAB7B0B9BE3C
:10789400ABACA5A28F88818693949D9A2720292E2C
:1078A4003B3C35321F18111603040D0A5750595E1C
:1078B4004B4C45426F68616673747D7A898E87800C
:1078C40095929B9CB1B6BFB8ADAAA3A4F9FEF7F0FC
:1078D400E5E2EBECC1C6CFC8DDDAD3D4696E6760EC
:1078E40075727B7C51565F584D4A4344191E1710DC
:1078F40005020B0C21262F283D3A33344E494047CC
:1079040052555C5B7671787F6A6D64633E393037BB
:1079140022252C2B0601080F1A1D1413AEA9A0A7AB
:10792400B2B5BCBB9691989F8A8D8483DED9D0D79B
:10793400C2C5CCCBE6E1E8EFFAFDF4F325D50200AD
:107944003D940200D58E02009D8F0200898F0200B3
:10795400678F020075910200000000000000000023
:1079640000000000BDAA020019AE0200BDA9020079
:1079740001B5020009A00200ADB002009DA60200FC
:1079840071AA020069A50200D1AF0200DD9C0200C9
:10799400EDAB0200BDA90200D5A5020001D402008E
:1079A4003F94020001B5020009A002002D940200D8
:1079B40000201D1C14120C0D0A0A070806070506F0
:1079C400050504040404030303030203020302037E
:1079D400030202020102010201020101010101018B
:1079E4000101010101010101010101010101010183
:1079F400000B0E120F0F0A0C0909070806070506EB
:107A04000505040504040304030303030303020339
:107A14000302020202020102020202020102010244
:107A24000101010201010101010101010001010142
:107A3400200D0500000000000000000044573358EA
:107A440058580000445733585858204465766963A1
:107A540065204472697665722056657273696F6E2B
:107A64002030362E30302E30370000000004A805B8
:107A74000008500B0010A11600200000A11A0300FA
:107A8400E5D60200D58E02009D8F0200898F020088
:107A9400678F0200759102000000000000000000E2
:107AA4000000000051EC020081F00200A9EF020086
:107AB400B5F9020085E60200DDF20200F9E50200F4
:107AC40005EC020091E3020001F20200CDDF0200A6
:107AD40081ED0200A9EF020085F802005DF70200C3
:107AE400E7D60200B5F9020085E60200D5D6020009
:107AF40000201D1C14120C0D0A0A070806070506AF
:107B0400050504040404030303030203020302033C
:107B14000302020201020102010201010101010149
:107B24000101010101010101010101010101010141
:107B3400000B0E120F0F0A0C0909070806070506A9
:107B440005050405040403040303030303030203F8
:107B54000302020202020102020202020102010203
:107B64000101010201010101010101010001010101
:107B7400200D050000000000000000000004A8051E
:107B84000008500B0010A11600200000E964030057
:107B9400911C0300D58E02009D8F0200898F020084
:107BA400678F0200759102000000000000000000D1
:107BB40000000000353403004D3B0300753A030018
:107BC400A5440300692E03009D3D0300DD2D030041
:107BD4000D340300BD2A0300153D030031260300C4
:107BE40049380300753A0300754303003942030022
:107BF400931C0300A5440300692E0300811C0300A9
:107C040000201D1C14120C0D0A0A0708060705069D
:107C1400050504040404030303030203020302032B
:107C24000302020201020102010201010101010138
:107C34000101010101010101010101010101010130
:107C4400000B0E120F0F0A0C090907080607050698
:107C540005050405040403040303030303030203E7
:107C640003020202020201020202020201020102F2
:107C740001010102010101010101010100010101F0
:107C8400200D050000000000000000000004A8050D
:0A7C94000008500B0010A11600209C
:107CA0006C0000202600220022001900330026006C
:107CB0006C00002008000020050180000900000081
:107CC00064000000400000000505000909010100F2
:107CD0000081000001000000FF0000000000000023
:107CE00000200040000000000020004000000000D4
:107CF0000090D003587503005875030058750300B1
:0C7D00005875030058750300FC120020A9
:040000031000F17583
:00000001FF
